Fecha,Localidad,BIM,pH,pH_Norm,Temperatura (°C),Temp_Norm,EC,EC_Norm,OD,OD_Norm,μ (d⁻¹),ciclo_1,ciclo_2,Edad_Dias,Delta_pH_1d,Ritmo,Estado_Cultivo,time_idx,elapsed_days,pH__diff,pH__pct_change,pH__lag_1,pH__lag_2,pH__lag_3,pH__roll_mean_3,pH__roll_std_3,pH__roll_mean_5,pH__roll_std_5,pH_Norm__diff,pH_Norm__pct_change,pH_Norm__lag_1,pH_Norm__lag_2,pH_Norm__lag_3,pH_Norm__roll_mean_3,pH_Norm__roll_std_3,pH_Norm__roll_mean_5,pH_Norm__roll_std_5,Temperatura (°C)__diff,Temperatura (°C)__pct_change,Temperatura (°C)__lag_1,Temperatura (°C)__lag_2,Temperatura (°C)__lag_3,Temperatura (°C)__roll_mean_3,Temperatura (°C)__roll_std_3,Temperatura (°C)__roll_mean_5,Temperatura (°C)__roll_std_5,Temp_Norm__diff,Temp_Norm__pct_change,Temp_Norm__lag_1,Temp_Norm__lag_2,Temp_Norm__lag_3,Temp_Norm__roll_mean_3,Temp_Norm__roll_std_3,Temp_Norm__roll_mean_5,Temp_Norm__roll_std_5,EC__diff,EC__pct_change,EC__lag_1,EC__lag_2,EC__lag_3,EC__roll_mean_3,EC__roll_std_3,EC__roll_mean_5,EC__roll_std_5,EC_Norm__diff,EC_Norm__pct_change,EC_Norm__lag_1,EC_Norm__lag_2,EC_Norm__lag_3,EC_Norm__roll_mean_3,EC_Norm__roll_std_3,EC_Norm__roll_mean_5,EC_Norm__roll_std_5,OD__diff,OD__pct_change,OD__lag_1,OD__lag_2,OD__lag_3,OD__roll_mean_3,OD__roll_std_3,OD__roll_mean_5,OD__roll_std_5,OD_Norm__diff,OD_Norm__pct_change,OD_Norm__lag_1,OD_Norm__lag_2,OD_Norm__lag_3,OD_Norm__roll_mean_3,OD_Norm__roll_std_3,OD_Norm__roll_mean_5,OD_Norm__roll_std_5,Delta_pH_1d__diff,Delta_pH_1d__pct_change,Delta_pH_1d__lag_1,Delta_pH_1d__lag_2,Delta_pH_1d__lag_3,Delta_pH_1d__roll_mean_3,Delta_pH_1d__roll_std_3,Delta_pH_1d__roll_mean_5,Delta_pH_1d__roll_std_5,OD__specific_growth_rate
2026-03-18 12:54:03,Planta,BIM-02,7.67,-0.7038545357167263,20.9,-0.582400008420624,2380,-0.08695652173913043,0.574,-0.2830096813548797,0.1604,1.0, ,0,-0.07000000000000028,SIN_DATO,SIN_CLASIFICAR,0.0,0.0,,,,,,7.67,,7.67,,,,,,,-0.7038545357167263,,-0.7038545357167263,,,,,,,20.9,,20.9,,,,,,,-0.582400008420624,,-0.582400008420624,,,,,,,2380.0,,2380.0,,,,,,,-0.08695652173913043,,-0.08695652173913043,,,,,,,0.574,,0.574,,,,,,,-0.2830096813548797,,-0.2830096813548797,,,,,,,-0.07000000000000028,,-0.07000000000000028,,
2026-03-19 13:09:00,Planta,BIM-02,7.6,-0.8247527531966131,19.8,-0.6674953749298436,2390,-0.04347826086956522,0.675,0.3078281044625239,0.1604,1.0, ,1,-0.07000000000000028,RAPIDO,INOCULO_CLIENTE,1.0,1.0103819444444444,-0.07000000000000028,-0.009126466753585416,7.67,,,7.635,0.049497474683058526,7.635,0.049497474683058526,-0.12089821747988683,0.17176591375770234,-0.7038545357167263,,,-0.7643036444566698,0.08548794941339392,-0.7643036444566698,0.08548794941339392,-1.0999999999999979,-0.05263157894736836,20.9,,,20.35,0.7778174593052021,20.35,0.7778174593052021,-0.08509536650921956,0.1461115475255308,-0.582400008420624,,,-0.6249476916752338,0.06017151070622378,-0.6249476916752338,0.06017151070622378,10.0,0.004201680672268893,2380.0,,,2385.0,7.0710678118654755,2385.0,7.0710678118654755,0.04347826086956521,-0.4999999999999999,-0.08695652173913043,,,-0.06521739130434782,0.030743773095067276,-0.06521739130434782,0.030743773095067276,0.10100000000000009,0.17595818815331032,0.574,,,0.6245,0.07141778489984132,0.6245,0.07141778489984132,0.5908377858174036,-2.087694608144953,-0.2830096813548797,,,0.012409211553822103,0.41778540493273103,0.012409211553822103,0.41778540493273103,0.0,0.0,-0.07000000000000028,,,-0.07000000000000028,0.0,-0.07000000000000028,0.0,0.1604178453941837
2026-03-23 12:40:00,Planta,BIM-02,7.15,-1.601955579853025,18.8,-1.214537016774823,2380,-0.08695652173913043,0.728,0.6178716950399727,0.019,1.0, ,4,-0.4499999999999993,ESTACIONARIO,OBSERVACION,2.0,4.990243055555555,-0.4499999999999993,-0.05921052631578938,7.6,7.67,,7.473333333333334,0.282193786843958,7.473333333333334,0.282193786843958,-0.7772028266564118,0.9423464470340897,-0.8247527531966131,-0.7038545357167263,,-1.0435209562554548,0.48738179733333636,-1.0435209562554548,0.48738179733333636,-1.0,-0.0505050505050505,19.8,20.9,,19.833333333333332,1.0503967504392495,19.833333333333332,1.0503967504392495,-0.5470416418449795,0.8195437187897756,-0.6674953749298436,-0.582400008420624,,-0.8214774667084302,0.3430483388301581,-0.8214774667084302,0.3430483388301581,-10.0,-0.004184100418409997,2390.0,2380.0,,2383.3333333333335,5.77350269189629,2383.3333333333335,5.77350269189629,-0.04347826086956521,0.9999999999999998,-0.04347826086956522,-0.08695652173913043,,-0.07246376811594203,0.025102185616940245,-0.07246376811594203,0.025102185616940245,0.052999999999999936,0.07851851851851843,0.675,0.574,,0.6589999999999999,0.07823681997627457,0.6589999999999999,0.07823681997627457,0.31004359057744885,1.0071971534853623,0.3078281044625239,-0.2830096813548797,,0.214230039382539,0.45767593548689967,0.214230039382539,0.45767593548689967,-0.379999999999999,5.428571428571392,-0.07000000000000028,-0.07000000000000028,,-0.19666666666666663,0.21939310229205722,-0.19666666666666663,0.21939310229205722,0.0189927123620284
2026-03-24 13:01:56,Planta,BIM-02,7.16,-1.584684405927327,19.0,-1.202380535844935,2410,0.04347826086956522,0.669,0.2727288300575296,-0.0832,1.0, ,6,0.009999999999999787,DECLIVE,DESCARTE,3.0,6.005474537037037,0.009999999999999787,0.0013986013986013734,7.15,7.6,7.67,7.303333333333334,0.25696951829610704,7.395,0.2786275889665869,0.01727117392569788,-0.010781306387585676,-1.601955579853025,-0.8247527531966131,-0.7038545357167263,-1.337130912992322,0.4438165244094911,-1.1788118186734229,0.481222554953983,0.1999999999999993,0.010638297872340496,18.8,19.8,20.9,19.2,0.529150262212926,19.625,0.9535023160258543,0.01215648092988797,-0.010009148146154723,-1.214537016774823,-0.6674953749298436,-0.582400008420624,-1.028137642516534,0.31238450487292446,-0.9167032339925565,0.338713097181311,30.0,0.012605042016806678,2380.0,2390.0,2380.0,2393.3333333333335,15.275252316519405,2390.0,14.142135623730923,0.13043478260869565,-1.5,-0.08695652173913043,-0.04347826086956522,-0.08695652173913043,-0.028985507246376812,0.06641414050660639,-0.043478260869565216,0.061487546190134565,-0.05899999999999994,-0.08104395604395598,0.728,0.675,0.574,0.6906666666666667,0.032470499431535106,0.6615,0.06407547632805131,-0.3451428649824431,-0.5585995729422666,0.6178716950399727,0.3078281044625239,-0.2830096813548797,0.39947620985334215,0.18994849493577748,0.22885473705128667,0.3748337877114979,0.4599999999999991,-1.0222222222222217,-0.4499999999999993,-0.07000000000000028,-0.07000000000000028,-0.16999999999999993,0.2457641145488896,-0.14500000000000002,0.20680103158994753,-0.0832489827296585
2026-03-25 12:01:45,Planta,BIM-02,7.23,-1.46378618844744,19.1,-1.117285169335716,2420,0.08695652173913043,0.765,0.8343172205374374,0.1399,1.0, ,6,0.07000000000000028,RAPIDO,PRODUCTO,4.0,6.963680555555555,0.07000000000000028,0.009776536312849249,7.16,7.15,7.6,7.18,0.043588989435410244,7.362,0.2523291501194421,0.12089821747988716,-0.07629166856673886,-1.584684405927327,-1.601955579853025,-0.8247527531966131,-1.5501420580759306,0.07528330177843275,-1.2358066926282263,0.4358020638236458,0.10000000000000142,0.0052631578947368585,19.0,18.8,19.8,18.966666666666665,0.1527525231652279,19.52,0.8584870412533906,0.08509536650921912,-0.07077240854487143,-1.202380535844935,-1.214537016774823,-0.6674953749298436,-1.1780675739851583,0.0529888718824634,-0.9568196210611883,0.30674345014819576,10.0,0.004149377593360981,2410.0,2380.0,2390.0,2403.3333333333335,20.816659994661226,2396.0,18.165902124584935,0.04347826086956521,0.9999999999999998,0.04347826086956522,-0.08695652173913043,-0.04347826086956522,0.014492753623188408,0.09050721736809274,-0.017391304347826087,0.07898218315036935,0.09599999999999997,0.1434977578475336,0.669,0.728,0.675,0.7206666666666667,0.048418316093533545,0.6822,0.07226133129136218,0.5615883904799077,2.0591456736035054,0.2727288300575296,0.6178716950399727,0.3078281044625239,0.5749725818783132,0.2832412937991139,0.34994723374851683,0.42272004931095314,0.0600000000000005,6.000000000000178,0.009999999999999787,-0.4499999999999993,-0.07000000000000028,-0.12333333333333307,0.2844878439113579,-0.10199999999999995,0.2032732151563503,0.1399404419371384
2026-03-26 12:09:38,Planta,BIM-02,7.19,-1.532870884150232,18.3,-1.165911093055269,2330,-0.3043478260869565,0.456,-0.9732954113197662,-0.5146,1.0, ,7,-0.04000000000000004,DECLIVE,DESCARTE,5.0,7.969155092592593,-0.040000000000000036,-0.0055325034578146415,7.23,7.16,7.15,7.193333333333334,0.03511884584284674,7.266,0.18928814014618028,-0.06908469570279219,0.047195892575039755,-1.46378618844744,-1.584684405927327,-1.601955579853025,-1.5271138261749997,0.06065436946215127,-1.4016099623149274,0.32692283905365843,-0.8000000000000007,-0.041884816753926746,19.1,19.0,18.8,18.8,0.4358898943540812,19.0,0.5431390245600125,-0.04862592371955299,0.04352149751389223,-1.117285169335716,-1.202380535844935,-1.214537016774823,-1.1618589327453066,0.04269215797682108,-1.0735218379881173,0.230107766594109,-90.0,-0.037190082644628086,2420.0,2410.0,2380.0,2386.6666666666665,49.32882862316234,2386.0,35.071355833500355,-0.3913043478260869,-4.5,0.08695652173913043,0.04347826086956522,-0.08695652173913043,-0.05797101449275361,0.21447316792679336,-0.0608695652173913,0.15248415579782765,-0.309,-0.403921568627451,0.765,0.669,0.728,0.63,0.1581486642371663,0.6586000000000001,0.11995957652476104,-1.8076126318572037,-2.1665771571786614,0.8343172205374374,0.2727288300575296,0.6178716950399727,0.044583546425066976,0.9251505604739338,0.21189008775553955,0.7017490156582489,-0.11000000000000032,-1.5714285714285698,0.07000000000000028,0.009999999999999787,-0.4499999999999993,0.013333333333333343,0.05507570547286129,-0.0959999999999999,0.20489021450523176,-0.5145660136126267
2026-03-27 12:51:34,Planta,BIM-02,7.41,-1.152905057784875,18.2,-0.8984685125977238,2320,-0.3478260869565217,0.469,-0.8972469834422788,0.0273,1.0, ,8,0.2199999999999998,MODERADO,CRECIMIENTO,6.0,8.998275462962964,0.21999999999999975,0.030598052851182223,7.19,7.23,7.16,7.276666666666667,0.11718930554164783,7.228,0.10639548862616352,0.37996582636535714,-0.2478785593060543,-1.532870884150232,-1.46378618844744,-1.584684405927327,-1.3831873767941822,0.20239968782415427,-1.4672404232325797,0.1837574988972093,-0.10000000000000142,-0.005464480874317057,18.3,19.1,19.0,18.533333333333335,0.49328828623164095,18.68,0.4086563348340533,0.2674425804575452,-0.22938505521609898,-1.165911093055269,-1.117285169335716,-1.202380535844935,-1.060554924996236,0.14246095580038892,-1.1197164655216933,0.1293394728510113,-10.0,-0.0042918454935622075,2330.0,2420.0,2410.0,2356.6666666666665,55.07570547286083,2372.0,45.4972526643093,-0.04347826086956519,0.1428571428571428,-0.3043478260869565,0.08695652173913043,0.04347826086956522,-0.18840579710144922,0.2394595890124392,-0.12173913043478257,0.19781414201873607,0.012999999999999956,0.028508771929824483,0.456,0.765,0.669,0.5633333333333334,0.17476937183995736,0.6174,0.14556201427570314,0.07604842787748733,-0.07813499066472263,-0.9732954113197662,0.8343172205374374,0.2727288300575296,-0.3454083914082025,1.0223796899665236,-0.02912492982542103,0.8515201803344322,0.25999999999999984,-6.499999999999989,-0.04000000000000004,0.07000000000000028,0.009999999999999787,0.08333333333333336,0.13051181300301257,-0.03799999999999989,0.2501399608219363,0.027314549144311178
2026-03-30 12:39:11,Planta,BIM-02,7.72,-0.6174986660882362,17.9,-0.5216176037711819,2300,-0.4347826086956522,0.694,0.4189758067450052,0.131,1.0, ,11,0.3099999999999996,RAPIDO,INOCULO_CLIENTE,7.0,11.989675925925926,0.3099999999999996,0.04183535762483115,7.41,7.19,7.23,7.44,0.26627053911388804,7.3420000000000005,0.23252956801232857,0.5354063916966387,-0.4643976432242717,-1.152905057784875,-1.532870884150232,-1.46378618844744,-1.1010915360077813,0.4598804792325322,-1.270349040479622,0.4016058612008353,-0.3000000000000007,-0.016483516483516536,18.2,18.3,19.1,18.133333333333333,0.2081665999466637,18.5,0.5244044240850777,0.3768509088265418,-0.41943696806575936,-0.8984685125977238,-1.165911093055269,-1.117285169335716,-0.8619990698080581,0.32369127309290746,-0.9811325829209652,0.28267412591770663,-20.0,-0.008620689655172376,2320.0,2330.0,2420.0,2316.6666666666665,15.275252316518511,2356.0,55.04543577809154,-0.08695652173913054,0.25000000000000044,-0.3478260869565217,-0.3043478260869565,0.08695652173913043,-0.36231884057971014,0.06641414050660654,-0.19130434782608696,0.23932798164387623,0.22499999999999998,0.47974413646055436,0.469,0.456,0.765,0.5396666666666666,0.13381454828729672,0.6106,0.13978304618228926,1.316222790187284,-1.4669570524913986,-0.8972469834422788,-0.9732954113197662,0.8343172205374374,-0.4838555293390132,0.7827989249526978,-0.06890410748441454,0.8177139158530253,0.0899999999999998,0.4090909090909085,0.2199999999999998,-0.04000000000000004,0.07000000000000028,0.16333333333333314,0.181750745069541,0.11399999999999988,0.14673104647619725,0.13099857304708085
2026-03-31 14:37:02,Planta,BIM-02,7.48,-1.032006840304988,17.9,-0.8133731460885042,2240,-0.6956521739130435,0.677,0.319527862597522,-0.0229,1.0, ,13,-0.2399999999999993,DECLIVE,DESCARTE,8.0,13.071516203703704,-0.23999999999999932,-0.031088082901554293,7.72,7.41,7.19,7.536666666666666,0.16258331197676512,7.406000000000001,0.21314314438892998,-0.4145081742167518,0.6712697483908758,-0.6174986660882362,-1.152905057784875,-1.532870884150232,-0.934136854726033,0.28080046585666874,-1.1598135273551542,0.3681232317811369,0.0,0.0,17.9,18.2,18.3,17.999999999999996,0.17320508075695193,18.28,0.4919349550499562,-0.29175554231732226,0.5593284049617826,-0.5216176037711819,-0.8984685125977238,-1.165911093055269,-0.7444864208191366,0.19764409315636072,-0.9033311049696788,0.2591070570100478,-60.0,-0.02608695652173909,2300.0,2320.0,2330.0,2286.6666666666665,41.633319989322224,2322.0,64.96152707564686,-0.26086956521739124,0.5999999999999999,-0.4347826086956522,-0.3478260869565217,-0.3043478260869565,-0.49275362318840576,0.18101443473618553,-0.3391304347826087,0.28244142206802975,-0.016999999999999904,-0.02449567723342927,0.694,0.469,0.456,0.6133333333333334,0.1252850084141487,0.6122,0.14066165077945023,-0.09944794414748315,-0.23735963400867355,0.4189758067450052,-0.8972469834422788,-0.9732954113197662,-0.0529144380332505,0.7329021481933701,-0.05954430097641607,0.8228536464945657,-0.5499999999999989,-1.7741935483870956,0.3099999999999996,0.2199999999999998,-0.04000000000000004,0.09666666666666672,0.29501412395567267,0.06400000000000008,0.21686401268998007,-0.022924537109556324
2026-04-01 14:27:25,Planta,BIM-02,7.48,-1.032006840304988,18.2,-0.8133731460885042,2290,-0.4782608695652174,0.85,1.331556941274856,0.2291,1.0, ,14,0.0,RAPIDO,PRODUCTO,9.0,14.064837962962963,0.0,0.0,7.48,7.72,7.41,7.56,0.13856406460551313,7.456,0.18955210365490635,0.0,0.0,-1.032006840304988,-0.6174986660882362,-1.152905057784875,-0.893837448899404,0.23931640596534176,-1.073457657726664,0.3273787350205813,0.3000000000000007,0.016759776536312998,17.9,17.9,18.2,18.0,0.17320508075695193,18.1,0.1870828693387038,0.0,0.0,-0.8133731460885042,-0.5216176037711819,-0.8984685125977238,-0.7161212986493969,0.1684451408944699,-0.8425487003202365,0.2304286533301093,50.0,0.022321428571428603,2240.0,2300.0,2320.0,2276.6666666666665,32.14550253664259,2296.0,35.07135583350036,0.21739130434782605,-0.3125,-0.6956521739130435,-0.4347826086956522,-0.3478260869565217,-0.5362318840579711,0.13976305450714432,-0.4521739130434782,0.1524841557978276,0.17299999999999993,0.2555391432791727,0.677,0.694,0.469,0.7403333333333334,0.09535372742233707,0.6292,0.16650735719480986,1.012029078677334,3.1672639451542537,0.319527862597522,0.4189758067450052,-0.8972469834422788,0.6900202035391277,0.5578077740559384,0.03990364317106767,0.974047903438504,0.2399999999999993,-1.0,-0.2399999999999993,0.3099999999999996,0.2199999999999998,0.02333333333333344,0.2757414247684468,0.050000000000000024,0.21863211109075406,0.22909502832373968
2026-04-02 13:44:19,Planta,BIM-02,7.52,-0.9629221446021977,17.2,-0.7647472223689513,2300,-0.4347826086956522,0.814,1.12096129484489,-0.0446,1.0, ,15,0.03999999999999915,DECLIVE,DESCARTE,10.0,15.034907407407408,0.03999999999999915,0.0053475935828875,7.48,7.48,7.72,7.493333333333333,0.023094010767584668,7.522,0.11755849607748696,0.0690846957027903,-0.06694209088999237,-1.032006840304988,-1.032006840304988,-0.6174986660882362,-1.008978608404058,0.039886067660889375,-0.959467909817057,0.20303732321977253,-1.0,-0.05494505494505497,18.2,17.9,17.9,17.766666666666666,0.5131601439447122,17.88,0.4086563348340544,0.04862592371955288,-0.05978304539975776,-0.8133731460885042,-0.8133731460885042,-0.5216176037711819,-0.7971645048486532,0.028074190149078047,-0.7623159261829731,0.1429097615712307,10.0,0.004366812227074135,2290.0,2240.0,2300.0,2276.6666666666665,32.14550253664259,2290.0,30.0,0.04347826086956519,-0.09090909090909083,-0.4782608695652174,-0.6956521739130435,-0.4347826086956522,-0.5362318840579711,0.13976305450714432,-0.4782608695652174,0.13043478260869557,-0.03600000000000003,-0.04235294117647059,0.85,0.677,0.694,0.7803333333333334,0.09128161552762618,0.7008,0.14951488220240813,-0.2105956464299661,-0.15815744704716728,1.331556941274856,0.319527862597522,0.4189758067450052,0.9240153662390894,0.5339864119225548,0.4587549844039989,0.8746439796754525,0.03999999999999915,,0.0,-0.2399999999999993,0.3099999999999996,-0.06666666666666672,0.15143755588800653,0.06599999999999986,0.2132604042010608,-0.0446112221446227
2026-04-06 14:57:18,Planta,BIM-02,7.7,-0.6520410139396317,16.9,-0.5459305656309583,2370,-0.1304347826086956,0.68,0.3370774998000192,-0.0449,1.0, ,19,0.1800000000000006,DECLIVE,DESCARTE,11.0,19.08559027777778,0.1800000000000006,0.02393617021276606,7.52,7.48,7.48,7.566666666666666,0.1171893055416465,7.58,0.12000000000000272,0.31088113066256606,-0.3228517823639805,-0.9629221446021977,-1.032006840304988,-1.032006840304988,-0.882323332948939,0.20239968782415435,-0.8592951010480083,0.2072540871083761,-0.3000000000000007,-0.01744186046511631,17.2,18.2,17.9,17.433333333333334,0.6806859285554243,17.619999999999997,0.5449770637375504,0.218816656737993,-0.2861293906503726,-0.7647472223689513,-0.8133731460885042,-0.8133731460885042,-0.7080169780294713,0.14246095580038956,-0.69180833678962,0.14587777115866118,70.0,0.0304347826086957,2300.0,2290.0,2240.0,2320.0,43.58898943540635,2300.0,46.36809247747852,0.30434782608695665,-0.7000000000000002,-0.4347826086956522,-0.4782608695652174,-0.6956521739130435,-0.3478260869565218,0.18951734537133363,-0.4347826086956522,0.20160040207599353,-0.1339999999999999,-0.16461916461916448,0.814,0.85,0.677,0.7813333333333333,0.0895842248017661,0.7430000000000001,0.08248636250920494,-0.7838837950448707,-0.6992960405054294,1.12096129484489,1.331556941274856,0.319527862597522,0.9298652453065884,0.524056881445979,0.7056198810524584,0.48253524539673615,0.14000000000000146,3.500000000000111,0.03999999999999915,0.0,-0.2399999999999993,0.07333333333333325,0.0945163125250526,0.05800000000000001,0.20668817092422073,-0.04440425814325516
2026-04-07 14:58:47,Planta,BIM-02,7.74,-0.5829563182368394,17.1,-0.4973046419114044,2350,-0.2173913043478261,0.739,0.6822203647824622,0.0831,1.0, ,20,0.04000000000000004,RAPIDO,PRODUCTO,12.0,20.08662037037037,0.040000000000000036,0.0051948051948051965,7.7,7.52,7.48,7.653333333333333,0.11718930554164708,7.5840000000000005,0.12601587201618958,0.0690846957027923,-0.10595145738667966,-0.6520410139396317,-0.9629221446021977,-1.032006840304988,-0.7326398255928895,0.2023996878241551,-0.8523866314777289,0.21764420429900674,0.20000000000000284,0.01183431952662728,16.9,17.2,18.2,17.066666666666666,0.15275252316528648,17.46,0.5594640292279754,0.04862592371955393,-0.08906979528313208,-0.5459305656309583,-0.7647472223689513,-0.8133731460885042,-0.6026608099704379,0.14246095580038995,-0.6869457444176645,0.15319095450280396,-20.0,-0.008438818565400852,2370.0,2300.0,2290.0,2340.0,36.05551275463942,2310.0,51.478150704935004,-0.08695652173913052,0.6666666666666676,-0.1304347826086956,-0.4347826086956522,-0.4782608695652174,-0.26086956521739135,0.15676309893321688,-0.391304347826087,0.22381804654319565,0.05899999999999994,0.08676470588235285,0.68,0.814,0.85,0.7443333333333332,0.06715901527965816,0.752,0.07814409766578641,0.34514286498244295,1.0239273318071032,0.3370774998000192,1.12096129484489,1.331556941274856,0.7134197198091239,0.3928721176783192,0.7582687926599498,0.45713352118368533,-0.14000000000000057,-0.7777777777777783,0.1800000000000006,0.03999999999999915,0.0,0.0866666666666666,0.08082903768654813,0.004000000000000099,0.152577848982085,0.08311950199474478
2026-04-08 14:28:43,Planta,BIM-02,7.68,-0.6865833617910285,15.8,-0.5702435274907358,2370,-0.1304347826086956,0.665,0.2493293137875335,-0.1078,1.0, ,21,-0.0600000000000005,DECLIVE,DESCARTE,13.0,21.06574074074074,-0.0600000000000005,-0.007751937984496138,7.74,7.7,7.52,7.706666666666667,0.03055050463304046,7.624,0.11610340218960309,-0.10362704355418917,0.1777612495351466,-0.5829563182368394,-0.6520410139396317,-0.9629221446021977,-0.6405268979891665,0.05276430790350639,-0.7833019357749371,0.20052420525818507,-1.3000000000000007,-0.07602339181286555,17.1,16.9,17.2,16.599999999999998,0.7000000000000202,17.04,0.8561541917201593,-0.07293888557933143,0.14666841897752803,-0.4973046419114044,-0.5459305656309583,-0.7647472223689513,-0.5378262450110328,0.03713866269700094,-0.6383198206981108,0.14114087946130402,20.0,0.008510638297872353,2350.0,2370.0,2300.0,2363.3333333333335,11.547005383791006,2336.0,38.47076812334269,0.08695652173913052,-0.40000000000000036,-0.2173913043478261,-0.1304347826086956,-0.4347826086956522,-0.15942028985507248,0.050204371233880045,-0.2782608695652174,0.16726420923192478,-0.07399999999999995,-0.10013531799729358,0.739,0.68,0.814,0.6946666666666667,0.03911947511577014,0.7496,0.0811498613677187,-0.43289105099492864,-0.6345325841056701,0.6822203647824622,0.3370774998000192,1.12096129484489,0.4228757261233384,0.2288441986112913,0.7442290828979522,0.47471687534546747,-0.10000000000000053,-2.5000000000000107,0.04000000000000004,0.1800000000000006,0.03999999999999915,0.05333333333333338,0.12055427546683467,0.039999999999999855,0.0883176086632788,-0.10776088771642661
2026-04-09 16:17:04,Planta,BIM-02,7.7,-0.6520410139396317,15.4,-0.5459305656309583,2370,-0.1304347826086956,0.637,0.08553269989756018,-0.0421,1.0, ,22,0.02000000000000046,DECLIVE,DESCARTE,14.0,22.140983796296297,0.020000000000000462,0.0026041666666667407,7.68,7.74,7.7,7.706666666666667,0.03055050463304046,7.668000000000001,0.08555699854483456,0.03454234785139687,-0.05031049363225082,-0.6865833617910285,-0.5829563182368394,-0.6520410139396317,-0.6405268979891665,0.05276430790350639,-0.7073087705018658,0.14776698024284532,-0.40000000000000036,-0.025316455696202556,15.8,17.1,16.9,16.1,0.8888194417315763,16.48,0.8228000972289681,0.024312961859777493,-0.0426361031518635,-0.5702435274907358,-0.4973046419114044,-0.5459305656309583,-0.5378262450110328,0.03713866269700094,-0.5848313046066016,0.10400720212287178,0.0,0.0,2370.0,2350.0,2370.0,2363.3333333333335,11.547005383791006,2352.0,30.331501776206203,0.0,0.0,-0.1304347826086956,-0.2173913043478261,-0.1304347826086956,-0.15942028985507248,0.050204371233880045,-0.20869565217391303,0.1318760946791575,-0.028000000000000025,-0.04210526315789476,0.665,0.739,0.68,0.6803333333333333,0.052700411130591374,0.7070000000000001,0.07047339923687504,-0.16379661388997332,-0.6569488817891382,0.2493293137875335,0.6822203647824622,0.3370774998000192,0.33902745948918533,0.30829103192143836,0.495024234622493,0.41226086301129844,0.08000000000000096,-1.3333333333333381,-0.0600000000000005,0.04000000000000004,0.1800000000000006,1.1564823173178713e-18,0.0529150262212921,0.04399999999999995,0.08648699324175893,-0.04000712663190796
2026-04-10 15:05:25,Planta,BIM-02,7.7,-0.6520410139396317,15.3,-0.5459305656309583,2370,-0.1304347826086956,0.657,0.2025302812475411,0.0325,1.0, ,23,0.0,MODERADO,CRECIMIENTO,15.0,23.09122685185185,0.0,0.0,7.7,7.68,7.74,7.6933333333333325,0.011547005383796816,7.703999999999999,0.02190890230022608,0.0,0.0,-0.6520410139396317,-0.6865833617910285,-0.5829563182368394,-0.6635551298900974,0.0199430338304458,-0.6451325443693525,0.037839246214799296,-0.09999999999999964,-0.00649350649350644,15.4,15.8,17.1,15.5,0.2645751311065181,16.1,0.8455767262643882,0.0,0.0,-0.5459305656309583,-0.5702435274907358,-0.4973046419114044,-0.5540348862508842,0.014037095074539546,-0.541067973259003,0.02663351530072412,0.0,0.0,2370.0,2370.0,2350.0,2370.0,0.0,2366.0,8.94427190999916,0.0,0.0,-0.1304347826086956,-0.1304347826086956,-0.2173913043478261,-0.1304347826086956,0.0,-0.1478260869565217,0.038888138739127144,0.020000000000000018,0.031397174254317095,0.637,0.665,0.739,0.653,0.014422205101856935,0.6756,0.03868849958320934,0.11699758134998092,1.3678696158323684,0.08553269989756018,0.2493293137875335,0.6822203647824622,0.17913076497754502,0.08436815573252456,0.3113380319030232,0.2263230438647619,-0.02000000000000046,-1.0,0.02000000000000046,-0.0600000000000005,0.04000000000000004,-0.013333333333333345,0.04163331998932298,0.03600000000000012,0.08876936408468888,0.032533111114790805
2026-04-13 15:24:05,Planta,BIM-02,7.72,-0.6174986660882362,17.7,-0.5216176037711819,2350,-0.2173913043478261,0.558,-0.3766077464348638,-0.0542,1.0, ,26,0.01999999999999957,DECLIVE,DESCARTE,16.0,26.104189814814816,0.019999999999999574,0.0025974025974024872,7.7,7.7,7.68,7.706666666666666,0.011547005383796174,7.708,0.022803508502001392,0.03454234785139543,-0.052975728693338775,-0.6520410139396317,-0.6520410139396317,-0.6865833617910285,-0.6405268979891665,0.01994303383044484,-0.6382240747990735,0.03938433614538759,2.3999999999999986,0.1568627450980391,15.3,15.4,15.8,16.133333333333336,1.3576941236277644,16.26,1.0784247771634325,0.024312961859776383,-0.04453489764156493,-0.5459305656309583,-0.5459305656309583,-0.5702435274907358,-0.5378262450110328,0.014037095074538982,-0.5362053808870477,0.027721041623889223,-20.0,-0.008438818565400852,2370.0,2370.0,2370.0,2363.3333333333335,11.54700538379258,2362.0,10.954451150103322,-0.08695652173913052,0.6666666666666676,-0.1304347826086956,-0.1304347826086956,-0.1304347826086956,-0.15942028985507248,0.05020437123388055,-0.16521739130434782,0.04762804847871039,-0.09899999999999998,-0.15068493150684925,0.657,0.637,0.665,0.6173333333333334,0.05234819321937827,0.6512,0.06484751344500414,-0.5791380276824049,-2.8595132743362845,0.2025302812475411,0.08553269989756018,0.2493293137875335,-0.0295149217632541,0.30623059973543415,0.16860098265604664,0.3793501114812923,0.01999999999999957,,0.0,0.02000000000000046,-0.0600000000000005,0.013333333333333341,0.011547005383792119,0.003999999999999913,0.03847076812334275,-0.05420745562125485
2026-03-18 13:00:37,Planta,BIM-04,7.88,-0.3411598832770671,19.9,-0.3271139088929664,2690,1.260869565217391,0.525,-0.5696537556623323,0.0782,1.0, ,0,-0.08999999999999986,SIN_DATO,SIN_CLASIFICAR,0.0,0.0,,,,,,7.88,,7.88,,,,,,,-0.3411598832770671,,-0.3411598832770671,,,,,,,19.9,,19.9,,,,,,,-0.3271139088929664,,-0.3271139088929664,,,,,,,2690.0,,2690.0,,,,,,,1.260869565217391,,1.260869565217391,,,,,,,0.525,,0.525,,,,,,,-0.5696537556623323,,-0.5696537556623323,,,,,,,-0.08999999999999986,,-0.08999999999999986,,
2026-03-19 13:10:00,Planta,BIM-04,7.79,-0.4966004486083494,19.2,-0.4365222372619624,2710,1.347826086956522,0.568,-0.318108955759874,0.0782,1.0, ,1,-0.08999999999999986,RAPIDO,INOCULO_CLIENTE,1.0,1.0065162037037036,-0.08999999999999986,-0.011421319796954266,7.88,,,7.835,0.06363961030678918,7.835,0.06363961030678918,-0.1554405653312823,0.45562380851515294,-0.3411598832770671,,,-0.41888016594270827,0.10991307781722026,-0.41888016594270827,0.10991307781722026,-0.6999999999999993,-0.035175879396984855,19.9,,,19.549999999999997,0.4949747468305815,19.549999999999997,0.4949747468305815,-0.109408328368996,0.33446553446553406,-0.3271139088929664,,,-0.3818180730774644,0.07736337090800158,-0.3818180730774644,0.07736337090800158,20.0,0.0074349442379182396,2690.0,,,2700.0,14.142135623730951,2700.0,14.142135623730951,0.08695652173913104,0.06896551724137989,1.260869565217391,,,1.3043478260869565,0.06148754619013492,1.3043478260869565,0.06148754619013492,0.04299999999999993,0.0819047619047617,0.525,,,0.5465,0.03040559159102149,0.5465,0.03040559159102149,0.2515447999024583,-0.4415748994930947,-0.5696537556623323,,,-0.4438813557111032,0.17786903378324148,-0.4438813557111032,0.17786903378324148,0.0,0.0,-0.08999999999999986,,,-0.08999999999999986,0.0,-0.08999999999999986,0.0,0.07821350102447212
2026-03-23 12:42:00,Planta,BIM-04,7.73,-0.600227492162537,18.9,-0.5094611228412926,2430,0.1304347826086956,0.529,-0.5462542393923361,-0.0179,1.0, ,4,-0.05999999999999961,ESTACIONARIO,OBSERVACION,2.0,4.987071759259259,-0.05999999999999961,-0.007702182284980652,7.79,7.88,,7.8,0.07549834435270714,7.8,0.07549834435270714,-0.10362704355418761,0.20867287543655544,-0.4966004486083494,-0.3411598832770671,,-0.4793292746826512,0.13039450364178504,-0.4793292746826512,0.13039450364178504,-0.3000000000000007,-0.015625,19.2,19.9,,19.333333333333332,0.5131601439446873,19.333333333333332,0.5131601439446873,-0.07293888557933026,0.16709088186854215,-0.4365222372619624,-0.3271139088929664,,-0.4243657563320738,0.09177941833618376,-0.4243657563320738,0.09177941833618376,-280.0,-0.10332103321033215,2710.0,2690.0,,2610.0,156.20499351813308,2610.0,156.20499351813308,-1.2173913043478264,-0.903225806451613,1.347826086956522,1.260869565217391,,0.9130434782608695,0.6791521457310136,0.9130434782608695,0.6791521457310136,-0.038999999999999924,-0.06866197183098577,0.568,0.525,,0.5406666666666666,0.02375570107012906,0.5406666666666666,0.02375570107012906,-0.22814528363246206,0.7171922685656122,-0.318108955759874,-0.5696537556623323,,-0.47800565027151415,0.13896797842391256,-0.47800565027151415,0.13896797842391256,0.03000000000000025,-0.3333333333333366,-0.08999999999999986,-0.08999999999999986,,-0.07999999999999978,0.01732050807568892,-0.07999999999999978,0.01732050807568892,-0.017870115331909735
2026-03-24 13:08:33,Planta,BIM-04,8.18,0.1769753344938743,19.6,0.03758051900368709,2420,0.08695652173913043,0.471,-0.8855472253072808,-0.114,1.0, ,6,0.4499999999999993,DECLIVE,DESCARTE,3.0,6.005509259259259,0.4499999999999993,0.05821474773609303,7.73,7.79,7.88,7.900000000000001,0.24433583445741228,7.895,0.19974984355438172,0.7772028266564113,-1.2948470984830376,-0.600227492162537,-0.4966004486083494,-0.3411598832770671,-0.3066175354256708,0.4219966693194531,-0.3152531223885198,0.34499142896587004,0.7000000000000028,0.0370370370370372,18.9,19.2,19.9,19.233333333333334,0.35118845842842533,19.4,0.4396968652757636,0.5470416418449797,-1.0737652341244381,-0.5094611228412926,-0.4365222372619624,-0.3271139088929664,-0.3028009470331893,0.2970263912069912,-0.3088791874981336,0.2428255163917042,-10.0,-0.004115226337448541,2430.0,2710.0,2690.0,2520.0,164.62077633154328,2562.5,159.03353943953667,-0.04347826086956516,-0.33333333333333304,0.1304347826086956,1.347826086956522,1.260869565217391,0.5217391304347826,0.715742505789319,0.7065217391304347,0.6914501714762464,-0.05800000000000005,-0.10964083175803407,0.529,0.568,0.525,0.5226666666666667,0.048809152147249305,0.52325,0.03986957904635227,-0.3392929859149447,0.6211265038279261,-0.5462542393923361,-0.318108955759874,-0.5696537556623323,-0.5833034734864969,0.28552763744856957,-0.5798910440304558,0.23323221589325457,0.5099999999999989,-8.500000000000037,-0.05999999999999961,-0.08999999999999986,-0.08999999999999986,0.09999999999999994,0.3034798181098698,0.05249999999999999,0.2653770901943115,-0.11402794755876691
2026-03-25 12:05:21,Planta,BIM-04,7.99,-0.1511769700943879,19.5,-0.193392618664193,2390,-0.04347826086956522,0.609,-0.0782639139924131,0.2688,1.0, ,6,-0.1899999999999995,RAPIDO,INOCULO_CLIENTE,4.0,6.961620370370371,-0.1899999999999995,-0.023227383863080653,8.18,7.73,7.79,7.966666666666666,0.22590558499809923,7.914,0.17812916661793488,-0.32815230458826217,-1.8542262147814765,0.1769753344938743,-0.600227492162537,-0.4966004486083494,-0.19147637592101688,0.3901654649288727,-0.28243789192969343,0.3076499817897998,-0.10000000000000142,-0.005102040816326592,19.6,18.9,19.2,19.333333333333332,0.3785938897200196,19.419999999999998,0.3834057902536161,-0.23097313766788008,-6.1460869565217795,0.03758051900368709,-0.5094611228412926,-0.4365222372619624,-0.22175774083393285,0.27462169359846816,-0.28578187373134545,0.21654238170478465,-30.0,-0.012396694214875992,2420.0,2430.0,2710.0,2413.3333333333335,20.816659994661393,2528.0,157.86069808536894,-0.13043478260869565,-1.5,0.08695652173913043,0.1304347826086956,1.347826086956522,0.0579710144927536,0.09050721736809562,0.5565217391304348,0.6863508612407345,0.138,0.29299363057324834,0.471,0.529,0.568,0.5363333333333333,0.06929165413910489,0.5404,0.05160232552899141,0.8072833113148677,-0.9116208466857814,-0.8855472253072808,-0.5462542393923361,-0.318108955759874,-0.5033551262306767,0.40534779710073304,-0.47956561802284725,0.30186736394631825,-0.6399999999999988,-1.4222222222222218,0.4499999999999993,-0.05999999999999961,-0.08999999999999986,0.06666666666666672,0.33827996294982193,0.004000000000000092,0.2541259530232986,0.26875555644872895
2026-03-26 12:20:42,Planta,BIM-04,8.48,0.6951105522648172,18.2,0.4022749469003417,2380,-0.08695652173913043,0.579,-0.2537602860173845,-0.05,1.0, ,7,0.4900000000000002,DECLIVE,DESCARTE,5.0,7.972280092592593,0.4900000000000002,0.06132665832290374,7.99,8.18,7.73,8.216666666666667,0.24704925284917187,8.034,0.3058267483396446,0.8462875223592051,-5.597992351816697,-0.1511769700943879,0.1769753344938743,-0.600227492162537,0.2403029722214345,0.42668306141717804,-0.07518380482131659,0.5281986961704682,-1.3000000000000007,-0.06666666666666665,19.5,19.6,18.9,19.1,0.781024967590665,19.08,0.5630275304103689,0.5956675655645347,-3.080094626563034,-0.193392618664193,0.03758051900368709,-0.5094611228412926,0.08215428241327859,0.3003249531004133,-0.13990410257268385,0.37177770340406796,-10.0,-0.004184100418409997,2390.0,2420.0,2430.0,2396.6666666666665,20.816659994661393,2466.0,137.94926603646718,-0.04347826086956521,0.9999999999999998,-0.04347826086956522,0.08695652173913043,0.1304347826086956,-0.014492753623188406,0.0905072173680958,0.28695652173913044,0.5997794175498575,-0.030000000000000027,-0.049261083743842415,0.609,0.471,0.529,0.553,0.0725809892464962,0.5512,0.05319962405882205,-0.17549637202497137,2.242366412213731,-0.0782639139924131,-0.8855472253072808,-0.5462542393923361,-0.4058571417723595,0.4245900096914512,-0.4163869240938577,0.3112113671805215,0.6799999999999997,-3.5789473684210606,-0.1899999999999995,0.4499999999999993,-0.05999999999999961,0.25,0.3815756805667779,0.1200000000000001,0.3234192325759243,-0.049982985396735256
2026-03-27 12:58:48,Planta,BIM-04,8.54,0.7987375958190034,18.3,0.4752138324796709,2360,-0.1739130434782609,0.687,0.3780266532725125,0.1666,1.0, ,8,0.05999999999999872,RAPIDO,INOCULO_CLIENTE,6.0,8.998738425925925,0.05999999999999872,0.007075471698112956,8.48,7.99,8.18,8.336666666666666,0.3017173069834311,8.184000000000001,0.3384228124698459,0.10362704355418617,0.1490799459403218,0.6951105522648172,-0.1511769700943879,0.1769753344938743,0.4475570593298109,0.5211012085304046,0.183883804064154,0.5844959254590588,0.10000000000000142,0.005494505494505475,18.2,19.5,19.6,18.666666666666668,0.7234178138070195,18.9,0.6519202405202632,0.0729388855793292,0.18131600324938657,0.4022749469003417,-0.193392618664193,0.03758051900368709,0.22803205357193987,0.3667820688561364,0.04244311137564281,0.4114030466028887,-20.0,-0.008403361344537785,2380.0,2390.0,2420.0,2376.6666666666665,15.275252316519405,2396.0,28.809720581775867,-0.08695652173913046,1.0000000000000004,-0.08695652173913043,-0.04347826086956522,0.08695652173913043,-0.10144927536231885,0.06641414050661087,-0.017391304347826105,0.12525965470337413,0.1080000000000001,0.18652849740932664,0.579,0.609,0.471,0.625,0.05574943945906526,0.575,0.08162107570964744,0.6317869392898969,-2.489699823425541,-0.2537602860173845,-0.0782639139924131,-0.8855472253072808,0.015334151087571671,0.32612747891639216,-0.27715980228738035,0.47747342226062106,-0.4300000000000015,-0.8775510204081659,0.4900000000000002,-0.1899999999999995,0.4499999999999993,0.11999999999999982,0.3439476704383968,0.14999999999999983,0.3055323223490436,0.1666232413876398
2026-03-30 12:42:53,Planta,BIM-04,8.19,0.194246508419572,18.1,0.04973699993357529,2350,-0.2173913043478261,0.665,0.2493293137875335,-0.0109,1.0, ,11,-0.3499999999999996,ESTACIONARIO,OBSERVACION,7.0,11.987685185185185,-0.34999999999999964,-0.040983606557376984,8.54,8.48,7.99,8.403333333333332,0.18717193521822226,8.276,0.22897598127314744,-0.6044910873994314,-0.756808106396448,0.7987375958190034,0.6951105522648172,-0.1511769700943879,0.5626982188344641,0.32326790471633593,0.34277860418057576,0.395468399737588,-0.1999999999999993,-0.010928961748633892,18.3,18.2,19.5,18.200000000000003,0.09999999999995439,18.740000000000002,0.7436396977031261,-0.42547683254609564,-0.8953376426901399,0.4752138324796709,0.4022749469003417,-0.193392618664193,0.30907525977119593,0.22753520610906025,0.1542827359306164,0.2783542149749491,-10.0,-0.004237288135593209,2360.0,2380.0,2390.0,2363.3333333333335,15.275252316519405,2380.0,27.386127875258307,-0.043478260869565216,0.25,-0.1739130434782609,-0.08695652173913043,-0.04347826086956522,-0.15942028985507248,0.06641414050661106,-0.08695652173913045,0.11907012119677617,-0.02200000000000002,-0.03202328966521106,0.687,0.579,0.609,0.6436666666666667,0.05707305260219843,0.6022000000000001,0.08504822161573984,-0.128697339484979,-0.3404451468457792,0.3780266532725125,-0.2537602860173845,-0.0782639139924131,0.1245318936808872,0.3338704557358738,-0.11804309165140647,0.49752181135793616,-0.4099999999999983,-6.833333333333451,0.05999999999999872,0.4900000000000002,-0.1899999999999995,0.06666666666666644,0.420039680665212,0.09199999999999983,0.37499333327407275,-0.01088920418728411
2026-03-31 14:40:06,Planta,BIM-04,8.21,0.2287888562709704,18.1,0.07404996179335385,2350,-0.2173913043478261,0.748,0.7348692763899536,0.1088,1.0, ,13,0.02000000000000135,RAPIDO,INOCULO_PLANTA,8.0,13.069085648148148,0.02000000000000135,0.0024420024420026554,8.19,8.54,8.48,8.313333333333333,0.19655363983740923,8.282,0.2262078690054807,0.0345423478513984,0.1778273809523876,0.194246508419572,0.7987375958190034,0.6951105522648172,0.40725765350318194,0.3394712099360872,0.353141308535995,0.390687544895515,0.0,0.0,18.1,18.3,18.2,18.166666666666668,0.11547005383788529,18.44,0.5983310120660593,0.024312961859778562,0.48883048620240444,0.04973699993357529,0.4752138324796709,0.4022749469003417,0.19966693140220002,0.23894005743836022,0.16157662448854976,0.27498916457558104,0.0,0.0,2350.0,2360.0,2380.0,2353.3333333333335,5.77350269189629,2366.0,18.16590212458495,0.0,0.0,-0.2173913043478261,-0.1739130434782609,-0.08695652173913043,-0.2028985507246377,0.025102185616952963,-0.14782608695652177,0.07898218315037082,0.08299999999999996,0.12481203007518782,0.665,0.687,0.579,0.7000000000000001,0.04299999999999934,0.6576000000000001,0.0663912644856233,0.48553996260242005,1.9473841853035139,0.2493293137875335,0.3780266532725125,-0.2537602860173845,0.4540750811499999,0.2515447999024586,0.2060402086880404,0.38838086837924085,0.37000000000000094,-1.0571428571428612,-0.3499999999999996,0.05999999999999872,0.4900000000000002,-0.08999999999999984,0.22605309110914595,0.006000000000000239,0.3172223195174008,0.10876261047305585
2026-04-01 14:31:50,Planta,BIM-04,8.15,0.1251618127167812,18.4,0.001111076214022485,2360,-0.1739130434782609,0.752,0.7582687926599498,0.0054,1.0, ,14,-0.0600000000000005,ESTACIONARIO,OBSERVACION,9.0,14.063344907407407,-0.0600000000000005,-0.0073081607795372205,8.21,8.19,8.54,8.183333333333332,0.030550504633049768,8.314000000000002,0.18146625030567173,-0.1036270435541892,-0.452937460517992,0.2287888562709704,0.194246508419572,0.7987375958190034,0.18273239246910786,0.05276430790350726,0.40840906509822883,0.31341351706734777,0.29999999999999716,0.016574585635358963,18.1,18.1,18.3,18.200000000000003,0.1732050807568866,18.220000000000002,0.13038404810402726,-0.07293888557933137,-0.984995586937329,0.07404996179335385,0.04973699993357529,0.4752138324796709,0.04163267931365052,0.03713866269700067,0.20047736346419284,0.22059910112592365,10.0,0.004255319148936065,2350.0,2350.0,2360.0,2353.3333333333335,5.773502691896192,2360.0,12.24744871391589,0.043478260869565216,-0.19999999999999996,-0.2173913043478261,-0.2173913043478261,-0.1739130434782609,-0.2028985507246377,0.025102185616952963,-0.1739130434782609,0.05324977701702784,0.0040000000000000036,0.005347593582887722,0.748,0.665,0.687,0.7216666666666667,0.049115510109671745,0.6862,0.07087100958784191,0.023399516269996257,0.03184173977846294,0.7348692763899536,0.2493293137875335,0.3780266532725125,0.5808224609458124,0.2873197944801101,0.373346750018513,0.414586835480441,-0.08000000000000185,-3.9999999999998224,0.02000000000000135,-0.3499999999999996,0.05999999999999872,-0.1299999999999996,0.19467922333931803,0.03200000000000004,0.3021092517616764,0.005364140113048624
2026-04-02 13:52:12,Planta,BIM-04,8.12,0.07334829093968508,17.3,-0.03535836657564426,2370,-0.1304347826086956,0.734,0.652970969444967,-0.0249,1.0, ,15,-0.03000000000000114,DECLIVE,DESCARTE,10.0,15.035821759259258,-0.030000000000001137,-0.0036809815950921143,8.15,8.21,8.19,8.16,0.04582575694956608,8.242,0.17020575783445407,-0.051813521777096125,-0.4139722863741264,0.1251618127167812,0.2287888562709704,0.194246508419572,0.1424329866424789,0.07914646185526106,0.2840566128332024,0.2939653246714056,-1.0999999999999979,-0.059782608695652106,18.4,18.1,18.1,17.933333333333334,0.5686240703077322,18.04,0.4335896677735673,-0.03646944278966674,-32.82352941175348,0.001111076214022485,0.07404996179335385,0.04973699993357529,0.013267557143910674,0.055707994045501856,0.11295070076899565,0.20691030492717208,10.0,0.004237288135593209,2360.0,2350.0,2350.0,2360.0,9.999999999999943,2358.0,8.366600265340756,0.0434782608695653,-0.25000000000000044,-0.1739130434782609,-0.2173913043478261,-0.2173913043478261,-0.17391304347826086,0.04347826086957246,-0.1826086956521739,0.03637652289278919,-0.018000000000000016,-0.02393617021276595,0.752,0.748,0.665,0.7446666666666667,0.009451631252501386,0.7172000000000001,0.03898332977055673,-0.10529782321498282,-0.13886609106726655,0.7582687926599498,0.7348692763899536,0.2493293137875335,0.7153696794982901,0.055290899817750684,0.5546930011109833,0.2280477648061934,0.029999999999999357,-0.4999999999999851,-0.0600000000000005,0.02000000000000135,-0.3499999999999996,-0.023333333333333428,0.040414518843274676,-0.07200000000000023,0.1620802270482119,-0.024912978945657263
2026-04-06 15:01:13,Planta,BIM-04,7.7,-0.6520410139396317,17.2,-0.5459305656309583,2450,0.2173913043478261,0.545,-0.4526561743123514,-0.0743,1.0, ,19,-0.419999999999999,DECLIVE,DESCARTE,11.0,19.08375,-0.41999999999999904,-0.051724137931034364,8.12,8.15,8.21,7.989999999999999,0.25159491250818367,8.074,0.21196697856034338,-0.7253893048793167,-9.889655172413091,0.07334829093968508,0.1251618127167812,0.2287888562709704,-0.15117697009438846,0.4345339492749604,-0.006099109118524626,0.3660918553220359,-0.10000000000000142,-0.005780346820809301,17.3,18.4,18.1,17.633333333333336,0.6658328118479392,17.82,0.5357238094391469,-0.510572199055314,14.43992606284616,-0.03535836657564426,0.001111076214022485,0.07404996179335385,-0.19339261866419336,0.3058508755962673,-0.09127817885313019,0.2576772532634859,80.0,0.03375527426160341,2370.0,2360.0,2350.0,2393.3333333333335,49.328828623162394,2376.0,42.190046219457976,0.34782608695652173,-2.666666666666668,-0.1304347826086956,-0.1739130434782609,-0.2173913043478261,-0.02898550724637679,0.21447316792679472,-0.1043478260869565,0.18343498356286136,-0.18899999999999995,-0.25749318801089915,0.734,0.752,0.748,0.677,0.11466908912169815,0.6888,0.08773083836371319,-1.1056271437573184,-1.6932255727955479,0.652970969444967,0.7582687926599498,0.7348692763899536,0.3195278625975219,0.670800304142205,0.3885564355940105,0.5132147949180283,-0.38999999999999785,12.999999999999433,-0.03000000000000114,-0.0600000000000005,0.02000000000000135,-0.17000000000000023,0.21702534414210595,-0.16799999999999976,0.20166804407243077,-0.07354953355022677
2026-04-07 15:03:08,Planta,BIM-04,7.5,-0.9974644924535931,17.3,-0.7890601842287278,2490,0.391304347826087,0.435,-1.096142871737246,-0.2251,1.0, ,20,-0.2000000000000002,DECLIVE,DESCARTE,12.0,20.08508101851852,-0.20000000000000018,-0.025974025974025983,7.7,8.12,8.15,7.773333333333333,0.31643851430148945,7.936,0.3164332473050218,-0.3454234785139615,0.5297572869333984,-0.6520410139396317,0.07334829093968508,0.1251618127167812,-0.5253857384845132,0.5465264617290494,-0.24444130929315766,0.5465173650078431,0.10000000000000142,0.005813953488372103,17.2,17.3,18.4,17.266666666666666,0.05773502691897075,17.66,0.5504543577809061,-0.2431296185977695,0.44534897641565974,-0.5459305656309583,-0.03535836657564426,0.001111076214022485,-0.4567830388117768,0.3846778764588276,-0.2590376156855908,0.3846714736446156,40.0,0.01632653061224487,2450.0,2370.0,2360.0,2436.6666666666665,61.101009266077824,2404.0,62.289646009589745,0.17391304347826086,0.7999999999999998,0.2173913043478261,-0.1304347826086956,-0.1739130434782609,0.1594202898550725,0.26565656202642646,0.017391304347826098,0.2708245478677819,-0.11000000000000004,-0.2018348623853211,0.545,0.734,0.752,0.5713333333333334,0.1512294063115151,0.6428,0.1449610292457941,-0.6434866974248945,1.421579410470743,-0.4526561743123514,0.652970969444967,0.7582687926599498,-0.29860935886821005,0.8846737383720396,0.11946199848905463,0.8480044905880876,0.21999999999999878,-0.5238095238095222,-0.419999999999999,-0.03000000000000114,-0.0600000000000005,-0.21666666666666679,0.19553345834749844,-0.1379999999999999,0.17753872816937694,-0.22514009793494708
2026-03-18 13:03:30,Planta,BIM-05,8.85,1.334143987515644,20.9,0.8520647413062137,2030,-1.608695652173913,0.648,0.1498813696400497,0.3616,1.0, ,0,0.09999999999999964,SIN_DATO,SIN_CLASIFICAR,0.0,0.0,,,,,,8.85,,8.85,,,,,,,1.334143987515644,,1.334143987515644,,,,,,,20.9,,20.9,,,,,,,0.8520647413062137,,0.8520647413062137,,,,,,,2030.0,,2030.0,,,,,,,-1.608695652173913,,-1.608695652173913,,,,,,,0.648,,0.648,,,,,,,0.1498813696400497,,0.1498813696400497,,,,,,,0.09999999999999964,,0.09999999999999964,,
2026-03-19 13:11:00,Planta,BIM-05,8.95,1.506855726772624,20.3,0.9736295506050977,2030,-1.608695652173913,0.932,1.811247024809777,0.3616,1.0, ,1,0.09999999999999964,RAPIDO,PRODUCTO,1.0,1.0052083333333333,0.09999999999999964,0.011299435028248483,8.85,,,8.899999999999999,0.07071067811865513,8.899999999999999,0.07071067811865513,0.1727117392569799,0.1294550969559083,1.334143987515644,,,1.4204998571441338,0.12212564201913342,1.4204998571441338,0.12212564201913342,-0.5999999999999979,-0.028708133971291794,20.9,,,20.6,0.4242640687119283,20.6,0.4242640687119283,0.12156480929888402,0.14267085986039674,0.8520647413062137,,,0.9128471459556557,0.08595930100889032,0.9128471459556557,0.08595930100889032,0.0,0.0,2030.0,,,2030.0,0.0,2030.0,0.0,0.0,0.0,-1.608695652173913,,,-1.608695652173913,0.0,-1.608695652173913,0.0,0.28400000000000003,0.43827160493827155,0.648,,,0.79,0.20081832585697953,0.79,0.20081832585697953,1.6613656551697273,11.08453745225047,0.1498813696400497,,,0.9805641972249133,1.1747629208009454,0.9805641972249133,1.1747629208009454,0.0,0.0,0.09999999999999964,,,0.09999999999999964,0.0,0.09999999999999964,0.0,0.36155899854920603
2026-03-23 12:44:00,Planta,BIM-05,8.97,1.541398074624022,18.9,0.9979425124648763,2030,-1.608695652173913,0.547,-0.4409564161773533,-0.1338,1.0, ,4,0.02000000000000135,DECLIVE,DESCARTE,2.0,4.986458333333333,0.02000000000000135,0.0022346368715084886,8.95,8.85,,8.923333333333334,0.06429100507328749,8.923333333333334,0.06429100507328749,0.03454234785139798,0.02292346057932204,1.506855726772624,1.334143987515644,,1.4607992629707631,0.11103811304786691,1.4607992629707631,0.11103811304786691,-1.4000000000000021,-0.06896551724137945,20.3,20.9,,20.03333333333333,1.026320287889379,20.03333333333333,1.026320287889379,0.024312961859778603,0.024971470765927872,0.9736295506050977,0.8520647413062137,,0.9412122681253958,0.07815523771367704,0.9412122681253958,0.07815523771367704,0.0,0.0,2030.0,2030.0,,2030.0,0.0,2030.0,0.0,0.0,0.0,-1.608695652173913,-1.608695652173913,,-1.608695652173913,0.0,-1.608695652173913,0.0,-0.385,-0.41309012875536477,0.932,0.648,,0.7090000000000001,0.19961713353317145,0.7090000000000001,0.19961713353317145,-2.25220344098713,-1.24345459793021,1.811247024809777,0.1498813696400497,,0.506723992757491,1.1677360909698604,0.506723992757491,1.1677360909698604,-0.0799999999999983,-0.7999999999999858,0.09999999999999964,0.09999999999999964,,0.07333333333333354,0.04618802153516908,0.07333333333333354,0.04618802153516908,-0.13384841752304175
2026-03-24 13:13:08,Planta,BIM-05,9.03,1.645025118178209,19.5,1.070881398044206,2030,-1.608695652173913,0.786,0.9571646809549174,0.3553,1.0, ,6,0.05999999999999872,RAPIDO,PRODUCTO,3.0,6.0066898148148145,0.05999999999999872,0.006688963210702115,8.97,8.95,8.85,8.983333333333334,0.041633319989327455,8.95,0.07483314773547961,0.10362704355418706,0.06722925457102558,1.541398074624022,1.506855726772624,1.334143987515644,1.5644263065249515,0.0719056310639838,1.5068557267726246,0.12924563099469144,0.6000000000000014,0.031746031746031855,18.9,20.3,20.9,19.566666666666666,0.7023769168568544,19.9,0.8793937305515298,0.0729388855793297,0.07308926583273179,0.9979425124648763,0.9736295506050977,0.8520647413062137,1.0141511537047265,0.050611466049814376,0.9736295506050985,0.09097077333698748,0.0,0.0,2030.0,2030.0,2030.0,2030.0,0.0,2030.0,0.0,0.0,0.0,-1.608695652173913,-1.608695652173913,-1.608695652173913,-1.608695652173913,0.0,-1.608695652173913,0.0,0.239,0.4369287020109689,0.547,0.932,0.648,0.755,0.19436306233438494,0.7282500000000001,0.16747213698602723,1.3981210971322706,-3.1706559783222303,-0.4409564161773533,1.811247024809777,0.1498813696400497,0.7758184298624471,1.1370004098449293,0.6193341648068477,0.9796917485438924,0.03999999999999737,1.9999999999997335,0.02000000000000135,0.09999999999999964,0.09999999999999964,0.05999999999999991,0.03999999999999915,0.06999999999999984,0.03829708431025286,0.3553193530950705
2026-03-25 12:06:40,Planta,BIM-05,8.98,1.55866924854972,19.4,1.010098993394764,2040,-1.565217391304348,0.677,0.319527862597522,-0.1565,1.0, ,6,-0.04999999999999893,DECLIVE,DESCARTE,4.0,6.960532407407407,-0.049999999999998934,-0.0055370985603542255,9.03,8.97,8.95,8.993333333333332,0.03214550253664996,8.956,0.06618156843109795,-0.08635586962848896,-0.05249516780881991,1.645025118178209,1.541398074624022,1.506855726772624,1.58169748045065,0.055519056523933144,1.5172184311280437,0.11430333790489701,-0.10000000000000142,-0.005128205128205221,19.5,18.9,20.3,19.266666666666666,0.3214550253664415,19.8,0.7937253933193792,-0.06078240464944207,-0.05675923100396685,1.070881398044206,0.9979425124648763,0.9736295506050977,1.0263076346346154,0.03907761885683767,0.9809234391630316,0.08045349745427419,10.0,0.0049261083743843415,2030.0,2030.0,2030.0,2033.3333333333333,5.77350269189629,2032.0,4.47213595499958,0.04347826086956519,-0.027027027027026973,-1.608695652173913,-1.608695652173913,-1.608695652173913,-1.5942028985507246,0.025102185616940203,-1.6,0.019444069369563388,-0.10899999999999999,-0.138676844783715,0.786,0.547,0.932,0.67,0.11965366688906778,0.7180000000000001,0.1468349413457165,-0.6376368183573953,-0.6661725312735689,0.9571646809549174,-0.4409564161773533,1.811247024809777,0.2785787091250287,0.6999594812838607,0.5593729043649825,0.8589666497557562,-0.10999999999999766,-1.8333333333333333,0.05999999999999872,0.02000000000000135,0.09999999999999964,0.010000000000000382,0.055677643628299175,0.04600000000000008,0.06308724118234925,-0.15650959673667528
2026-03-26 12:24:14,Planta,BIM-05,9.04,1.662296292103906,18.9,1.083037878974094,2030,-1.608695652173913,0.623,0.003634392952573541,-0.0821,1.0, ,7,0.05999999999999872,DECLIVE,DESCARTE,5.0,7.972731481481482,0.05999999999999872,0.006681514476614581,8.98,9.03,8.97,9.016666666666666,0.03214550253665302,8.994,0.03911521443121691,0.10362704355418595,0.0664843061801641,1.55866924854972,1.645025118178209,1.541398074624022,1.6219968862772784,0.05551905652393276,1.582848892045696,0.06755656715825026,-0.5,-0.02577319587628868,19.4,19.5,18.9,19.266666666666666,0.3214550253664415,19.4,0.574456264653808,0.07293888557933004,0.07220964089291426,1.010098993394764,1.070881398044206,0.9979425124648763,1.0546727568043546,0.039077618856837824,1.0271180666966075,0.04755033583015702,-10.0,-0.004901960784313708,2040.0,2030.0,2030.0,2033.3333333333333,5.77350269189629,2032.0,4.47213595499958,-0.04347826086956519,0.02777777777777768,-1.565217391304348,-1.608695652173913,-1.608695652173913,-1.5942028985507246,0.025102185616940203,-1.6,0.019444069369563388,-0.05400000000000005,-0.07976366322008865,0.677,0.786,0.547,0.6953333333333332,0.08303212229814033,0.713,0.1502015312838055,-0.31589346964494847,-0.988625740105953,0.319527862597522,0.9571646809549174,-0.4409564161773533,0.42677564550167096,0.48572787416191154,0.5301235090274873,0.878660793763436,0.10999999999999766,-2.2,-0.04999999999999893,0.05999999999999872,0.02000000000000135,0.023333333333332835,0.06350852961085747,0.0379999999999999,0.05674504383644356,-0.08212293041352718
2026-03-27 13:01:35,Planta,BIM-05,9.08,1.7313809878067,18.9,1.131663802693649,2030,-1.608695652173913,0.827,1.197009722722377,0.2761,1.0, ,8,0.04000000000000092,RAPIDO,PRODUCTO,6.0,8.998668981481481,0.040000000000000924,0.004424778761062065,9.04,8.98,9.03,9.033333333333333,0.05033222956847911,9.02,0.045276925690688204,0.06908469570279396,0.04155979654827724,1.662296292103906,1.55866924854972,1.645025118178209,1.6507821761534418,0.0869296690945237,1.6277539442525115,0.07819856584247611,0.0,0.0,18.9,19.4,19.5,19.066666666666663,0.2886751345948233,19.119999999999997,0.3033150177620748,0.048625923719554986,0.04489771287188571,1.083037878974094,1.010098993394764,1.070881398044206,1.0749335583541688,0.061186278890789446,1.0587249171143178,0.05504080837228097,0.0,0.0,2030.0,2040.0,2030.0,2033.3333333333333,5.77350269189629,2032.0,4.47213595499958,0.0,0.0,-1.608695652173913,-1.565217391304348,-1.608695652173913,-1.5942028985507246,0.025102185616940203,-1.6,0.019444069369563388,0.20399999999999996,0.3274478330658106,0.623,0.677,0.786,0.709,0.10569768209379046,0.692,0.11518680479985544,1.1933753297698035,328.3561643835913,0.003634392952573541,0.319527862597522,0.9571646809549174,0.5067239927574908,0.6183186579636326,0.40727604861000727,0.6738288782507721,-0.019999999999997804,-0.33333333333330384,0.05999999999999872,-0.04999999999999893,0.05999999999999872,0.016666666666666902,0.058594652770822236,0.026000000000000155,0.04560701700396462,0.27609691256654356
2026-03-30 12:44:47,Planta,BIM-05,9.01,1.610482770326813,18.7,1.046568436184429,2040,-1.565217391304348,0.885,1.536302708637322,0.0227,1.0, ,11,-0.07000000000000028,MODERADO,OBSERVACION,7.0,11.987002314814815,-0.07000000000000028,-0.00770925110132159,9.08,9.04,8.98,9.043333333333331,0.03511884584285442,9.027999999999999,0.037013511046645256,-0.12089821747988694,-0.06982762218790439,1.7313809878067,1.662296292103906,1.55866924854972,1.6680533500791395,0.06065436946215216,1.6415708833930698,0.06392667868873274,-0.1999999999999993,-0.010582010582010581,18.9,18.9,19.4,18.833333333333332,0.11547005383792475,19.080000000000002,0.3492849839314708,-0.08509536650922,-0.07519491770141562,1.131663802693649,1.083037878974094,1.010098993394764,1.0870900392840572,0.04269215797682109,1.0684501018582284,0.04499540411867347,10.0,0.0049261083743843415,2030.0,2030.0,2040.0,2033.3333333333333,5.77350269189629,2034.0,5.477225575051661,0.04347826086956519,-0.027027027027026973,-1.608695652173913,-1.608695652173913,-1.565217391304348,-1.5942028985507246,0.025102185616940203,-1.591304347826087,0.02381402423935509,0.05800000000000005,0.07013301088270874,0.827,0.623,0.677,0.7783333333333333,0.13761298388354695,0.7596,0.10775806234338105,0.33929298591494494,0.28345048454851796,1.197009722722377,0.003634392952573541,0.319527862597522,0.9123156081040907,0.8050193138364434,0.8027278735729425,0.6303716332568013,-0.11000000000000121,-2.749999999999967,0.04000000000000092,0.05999999999999872,-0.04999999999999893,0.009999999999999787,0.0699999999999999,0.00799999999999983,0.06300793600809289,0.022682526486638595
2026-03-31 14:41:43,Planta,BIM-05,8.83,1.299601639664249,18.6,0.8277517794464373,2050,-1.521739130434783,0.896,1.600651378379812,0.0114,1.0, ,13,-0.1799999999999997,ESTACIONARIO,OBSERVACION,8.0,13.068206018518518,-0.17999999999999972,-0.019977802441731418,9.01,9.08,9.04,8.973333333333333,0.12897028081435646,8.988,0.09576011695899257,-0.31088113066256406,-0.19303598671811772,1.610482770326813,1.7313809878067,1.662296292103906,1.547155132599254,0.2227468151190826,1.5724861876902776,0.16538896351439517,-0.09999999999999787,-0.005347593582887611,18.7,18.9,18.9,18.73333333333333,0.152752523165192,18.9,0.3082207001484622,-0.21881665673799167,-0.20908012240054907,1.046568436184429,1.131663802693649,1.083037878974094,1.0019946727748383,0.15678247592420533,1.0198241781386745,0.11641060356558838,10.0,0.004901960784313708,2040.0,2030.0,2030.0,2040.0,10.000000000000028,2038.0,8.366600265340756,0.043478260869564966,-0.027777777777777568,-1.565217391304348,-1.608695652173913,-1.608695652173913,-1.565217391304348,0.04347826086956499,-1.5739130434782609,0.036376522892785895,0.01100000000000001,0.012429378531073398,0.885,0.827,0.623,0.8693333333333334,0.03707200201409926,0.7816,0.1244339182056082,0.06434866974248998,0.041885410590446925,1.536302708637322,1.197009722722377,0.003634392952573541,1.4446546032465035,0.21686672857255826,0.9314252130579213,0.7279233733978754,-0.1099999999999994,1.5714285714285565,-0.07000000000000028,0.04000000000000092,0.05999999999999872,-0.06999999999999969,0.11000000000000029,-0.039999999999999855,0.09617692030835646,0.011425014476630111
2026-04-01 14:33:43,Planta,BIM-05,8.78,1.213245770035757,19.1,0.766969374796994,2040,-1.565217391304348,0.912,1.694249443459797,0.0178,1.0, ,14,-0.05000000000000071,ESTACIONARIO,OBSERVACION,9.0,14.062650462962964,-0.05000000000000071,-0.005662514156285492,8.83,9.01,9.08,8.873333333333333,0.12096831541082836,8.947999999999999,0.13405222862750066,-0.08635586962849184,-0.06644795373665568,1.299601639664249,1.610482770326813,1.7313809878067,1.3744433933422728,0.20892648149590964,1.503401491987485,0.23152393557530232,0.5,0.026881720430107503,18.6,18.7,18.9,18.8,0.26457513110645836,18.839999999999996,0.1949358868962025,-0.06078240464944329,-0.07343071456770744,0.8277517794464373,1.046568436184429,1.131663802693649,0.8804298634759534,0.14705490194124496,0.9711982544191207,0.16296033609192737,-10.0,-0.004878048780487809,2050.0,2040.0,2030.0,2043.3333333333333,5.77350269189629,2038.0,8.366600265340756,-0.043478260869564966,0.02857142857142847,-1.521739130434783,-1.565217391304348,-1.608695652173913,-1.5507246376811594,0.02510218561693988,-1.5739130434782609,0.036376522892785895,0.016000000000000014,0.017857142857142794,0.896,0.885,0.827,0.8976666666666667,0.013576941236279293,0.8286,0.11932434789262411,0.09359806507998503,0.058474984836939026,1.600651378379812,1.536302708637322,1.197009722722377,1.6104011768256437,0.07942346433876518,1.2063695292303762,0.6980330049800356,0.12999999999999898,-0.7222222222222178,-0.1799999999999997,-0.07000000000000028,0.04000000000000092,-0.10000000000000024,0.06999999999999951,-0.04000000000000021,0.09617692030835652,0.017798457418391908
2026-04-02 13:53:54,Planta,BIM-05,8.77,1.195974596110059,17.9,0.7548128938671059,2050,-1.521739130434783,0.978,2.080341461914733,0.0719,1.0, ,15,-0.009999999999999787,RAPIDO,PRODUCTO,10.0,15.035,-0.009999999999999787,-0.001138952164009055,8.78,8.83,9.01,8.793333333333335,0.032145502536640336,8.894,0.14188023118108975,-0.017271173925698102,-0.01423551134671508,1.213245770035757,1.299601639664249,1.610482770326813,1.2362740019366882,0.055519056523935,1.4101371527887157,0.2450438149346886,-1.2000000000000028,-0.06282722513089023,19.1,18.6,18.7,18.533333333333335,0.6027713773341723,18.64,0.45607017003966666,-0.01215648092988808,-0.01585002130379165,0.766969374796994,0.8277517794464373,1.046568436184429,0.7831780160368457,0.03907761885683773,0.9055532573977232,0.17247643246811087,10.0,0.004901960784313708,2040.0,2050.0,2040.0,2046.6666666666667,5.77350269189629,2042.0,8.366600265340756,0.043478260869564966,-0.027777777777777568,-1.565217391304348,-1.521739130434783,-1.565217391304348,-1.5362318840579714,0.02510218561693988,-1.556521739130435,0.03637652289278595,0.06599999999999995,0.07236842105263142,0.912,0.896,0.885,0.9286666666666666,0.04346646216720869,0.8996000000000001,0.05430745805135763,0.3860920184549359,0.22788381011151704,1.694249443459797,1.600651378379812,1.536302708637322,1.791747427918114,0.2542735471701898,1.621710943022808,0.3176920620637216,0.040000000000000924,-0.8000000000000071,-0.05000000000000071,-0.1799999999999997,-0.07000000000000028,-0.08000000000000006,0.08888194417315567,-0.053999999999999916,0.08203657720797491,0.07185654674490216
2026-04-06 15:03:11,Planta,BIM-05,8.55,0.8160087697447042,17.3,0.4873703134095613,2130,-1.173913043478261,0.928,1.787847508539781,-0.0131,1.0, ,19,-0.2199999999999989,ESTACIONARIO,OBSERVACION,11.0,19.083113425925927,-0.21999999999999886,-0.025085518814139007,8.77,8.78,8.83,8.700000000000001,0.1299999999999963,8.788,0.16437761404765244,-0.3799658263653548,-0.3177039274924437,1.195974596110059,1.213245770035757,1.299601639664249,1.0750763786301734,0.2245252610340737,1.2270627091763164,0.2838994361708321,-0.5999999999999979,-0.03351955307262555,17.9,19.1,18.6,18.099999999999998,0.916515138991169,18.32,0.7155417527999414,-0.26744258045754465,-0.3543163910295247,0.7548128938671059,0.766969374796994,0.8277517794464373,0.669717527357887,0.1580342520885487,0.7766945595409055,0.1998253330470885,80.0,0.039024390243902474,2050.0,2040.0,2050.0,2073.3333333333335,49.32882862316241,2062.0,38.34057902536163,0.34782608695652195,-0.22857142857142865,-1.521739130434783,-1.565217391304348,-1.521739130434783,-1.4202898550724639,0.21447316792679336,-1.4695652173913047,0.16669816967548554,-0.04999999999999993,-0.05112474437627801,0.978,0.912,0.896,0.9393333333333334,0.03442867022313505,0.9198000000000001,0.036375816142046415,-0.292493953374952,-0.140599011618863,2.080341461914733,1.694249443459797,1.600651378379812,1.854146137971437,0.20140355726014114,1.739878500186289,0.21279412541255446,-0.2099999999999991,21.00000000000036,-0.009999999999999787,-0.05000000000000071,-0.1799999999999997,-0.09333333333333312,0.1115048578911842,-0.10599999999999987,0.0896102672688789,-0.012963554062621984
2026-04-07 15:04:51,Planta,BIM-05,8.39,0.539669986933535,17.4,0.2928666185313458,2150,-1.08695652173913,0.874,1.471954038894833,-0.0599,1.0, ,20,-0.1600000000000001,DECLIVE,DESCARTE,12.0,20.084270833333335,-0.16000000000000014,-0.018713450292397682,8.55,8.77,8.78,8.57,0.19078784028338436,8.664,0.18729655629508626,-0.2763387828111692,-0.33864682961388315,0.8160087697447042,1.195974596110059,1.213245770035757,0.8505511175960994,0.32951299724427086,1.0129001524976606,0.32348313994567957,0.09999999999999787,0.005780346820809079,17.3,17.9,19.1,17.53333333333333,0.3214550253664355,18.060000000000002,0.7765307463326969,-0.19450369487821545,-0.39908810513611326,0.4873703134095613,0.7548128938671059,0.766969374796994,0.5116832752693378,0.23193087420596156,0.6259541960102888,0.22768670148350412,20.0,0.009389671361502261,2130.0,2050.0,2040.0,2110.0,52.91502622129172,2084.0,51.76871642217914,0.08695652173913104,-0.07407407407407463,-1.173913043478261,-1.521739130434783,-1.565217391304348,-1.2608695652173914,0.23006533139692123,-1.373913043478261,0.22508137574860546,-0.05400000000000005,-0.05818965517241381,0.928,0.978,0.912,0.9266666666666667,0.052012818932772625,0.9176,0.03922754134533498,-0.315893469644948,-0.17668926915526095,1.787847508539781,2.080341461914733,1.694249443459797,1.7800476697831156,0.3042687007164413,1.727008766237791,0.2294763729855313,0.059999999999998804,-0.2727272727272687,-0.2199999999999989,-0.009999999999999787,-0.05000000000000071,-0.1299999999999996,0.10816653826391937,-0.12399999999999985,0.08961026726887898,-0.059882049203346395
2026-04-08 14:32:10,Planta,BIM-05,8.36,0.4878564651564388,15.9,0.256397175741679,2170,-1.0,0.916,1.717648959729793,0.048,1.0, ,21,-0.03000000000000114,MODERADO,OBSERVACION,13.0,21.061574074074073,-0.030000000000001137,-0.0035756853396902155,8.39,8.55,8.77,8.433333333333335,0.10214368964028671,8.569999999999999,0.20062402647738348,-0.05181352177709614,-0.0960096411355138,0.539669986933535,0.8160087697447042,1.195974596110059,0.6145117406115593,0.17641414291901147,0.8505511175960988,0.3465012454964826,-1.4999999999999982,-0.08620689655172409,17.4,17.3,17.9,16.866666666666667,0.8386497083606109,17.52,1.154123043700289,-0.03646944278966685,-0.12452577549654564,0.2928666185313458,0.4873703134095613,0.7548128938671059,0.345544702560862,0.1241707815220718,0.5116832752693372,0.24388821519498097,20.0,0.009302325581395321,2150.0,2130.0,2050.0,2150.0,19.99999999999975,2108.0,59.329587896765304,0.08695652173912993,-0.07999999999999963,-1.08695652173913,-1.173913043478261,-1.521739130434783,-1.0869565217391302,0.08695652173913057,-1.2695652173913043,0.2579547299859366,0.04200000000000004,0.048054919908466776,0.874,0.928,0.978,0.906,0.028354893757516778,0.9216000000000001,0.03745397175200468,0.24569492083496014,0.16691752211192123,1.471954038894833,1.787847508539781,2.080341461914733,1.6591501690548023,0.1658726994532501,1.7504082825077873,0.2191012053467558,0.12999999999999895,-0.812499999999993,-0.1600000000000001,-0.2199999999999989,-0.009999999999999787,-0.13666666666666671,0.09712534856222202,-0.09400000000000013,0.09126883367283647,0.04802602412637048
2026-04-09 16:20:49,Planta,BIM-05,8.28,0.3496870737508542,15.6,0.1591453283025712,2180,-0.9565217391304348,0.892,1.577251862109815,-0.0259,1.0, ,22,-0.08000000000000007,DECLIVE,DESCARTE,14.0,22.137025462962963,-0.08000000000000007,-0.009569377990430672,8.36,8.39,8.55,8.343333333333332,0.05686240703074884,8.47,0.19429359227724746,-0.1381693914055846,-0.28321730114056887,0.4878564651564388,0.539669986933535,0.8160087697447042,0.459071175280276,0.0982080521662358,0.6778393783391182,0.3355678424869123,-0.3000000000000007,-0.018867924528301883,15.9,17.4,17.3,16.299999999999997,0.9643650760992967,16.82,1.0084641788383082,-0.09725184743910778,-0.3793015549324512,0.256397175741679,0.2928666185313458,0.4873703134095613,0.2361363741918653,0.06912467666971484,0.3901184659704527,0.23619263493179682,10.0,0.004608294930875667,2170.0,2150.0,2130.0,2166.6666666666665,15.27525231651919,2136.0,51.76871642217914,0.04347826086956519,-0.04347826086956519,-1.0,-1.08695652173913,-1.173913043478261,-1.0144927536231882,0.06641414050660624,-1.1478260869565218,0.22508137574860565,-0.02400000000000002,-0.026200873362445476,0.916,0.874,0.928,0.894,0.021071307505707088,0.9176,0.03973411632338091,-0.14039709761997798,-0.08173794582687266,1.717648959729793,1.471954038894833,1.787847508539781,1.5889516202448135,0.12326460070246184,1.727008766237791,0.23243977534572105,-0.049999999999998934,1.6666666666665675,-0.03000000000000114,-0.1600000000000001,-0.2199999999999989,-0.09000000000000043,0.06557438524301955,-0.1,0.08860022573334621,-0.024687524111667664
2026-04-10 15:10:37,Planta,BIM-05,8.35,0.4705852912307411,15.3,0.2442406948117908,2170,-1.0,0.874,1.471954038894833,-0.0214,1.0, ,23,0.07000000000000028,DECLIVE,DESCARTE,15.0,23.08827546296296,0.07000000000000028,0.008454106280193274,8.28,8.36,8.39,8.33,0.043588989435372934,8.386,0.1001498876684179,0.12089821747988688,0.3457325893779668,0.3496870737508542,0.4878564651564388,0.539669986933535,0.43604294337934474,0.07528330177843642,0.5327615173632546,0.1729706128560651,-0.29999999999999893,-0.019230769230769162,15.6,15.9,17.4,15.6,0.29999999999999766,16.3,0.9823441352194396,0.08509536650921962,0.5347022587269048,0.1591453283025712,0.256397175741679,0.2928666185313458,0.21992773295201365,0.0529888718824621,0.2880040261593896,0.12174701995717989,-10.0,-0.004587155963302725,2180.0,2170.0,2150.0,2173.3333333333335,5.773502691895719,2160.0,20.0,-0.04347826086956519,0.045454545454545414,-0.9565217391304348,-1.0,-1.08695652173913,-0.9855072463768115,0.025102185616940623,-1.0434782608695652,0.08695652173913217,-0.018000000000000016,-0.020179372197309475,0.892,0.916,0.874,0.894,0.021071307505707088,0.8968,0.024519380090042446,-0.10529782321498216,-0.06676030996985494,1.577251862109815,1.717648959729793,1.471954038894833,1.5889516202448137,0.12326460070246184,1.605331281633811,0.14343540833679658,0.15000000000000036,-1.8750000000000027,-0.08000000000000007,-0.03000000000000114,-0.1600000000000001,-0.013333333333333641,0.07637626158259768,-0.08399999999999999,0.11282730166054632,-0.021430493481707245
2026-04-13 15:28:49,Planta,BIM-05,8.1,0.0388059430882897,17.7,-0.05967132843542066,2210,-0.8260869565217391,0.894,1.588951620244814,0.0075,1.0, ,26,-0.25,ESTACIONARIO,OBSERVACION,16.0,26.100914351851852,-0.25,-0.029940119760479056,8.35,8.28,8.36,8.243333333333334,0.12897028081433876,8.296000000000001,0.11674759098155368,-0.4317793481424514,-0.9175368550368438,0.4705852912307411,0.3496870737508542,0.4878564651564388,0.286359436023295,0.22274681511908423,0.3773209520319718,0.2016367949248949,2.3999999999999986,0.1568627450980391,15.3,15.6,15.9,16.2,1.3076696830622037,16.380000000000003,1.0940749517286408,-0.30391202324721145,-1.2443136205512464,0.2442406948117908,0.1591453283025712,0.256397175741679,0.11457156489298044,0.1567824759242049,0.17859569779039325,0.14192398633778774,40.0,0.018433179723502224,2170.0,2180.0,2170.0,2186.6666666666665,20.816659994661233,2176.0,21.908902300206645,0.17391304347826086,-0.17391304347826086,-1.0,-0.9565217391304348,-1.0,-0.927536231884058,0.09050721736809292,-0.9739130434782608,0.09525609695742193,0.020000000000000018,0.022883295194507935,0.874,0.892,0.916,0.8866666666666667,0.011015141094575383,0.89,0.01737814719698189,0.11699758134998106,0.07948453433901026,1.471954038894833,1.577251862109815,1.717648959729793,1.546052507083154,0.06443724331468541,1.5655521039748175,0.10166005951954804,-0.3200000000000003,-4.571428571428557,0.07000000000000028,-0.08000000000000007,-0.03000000000000114,-0.0866666666666666,0.16010413278030453,-0.0900000000000002,0.1222701926063748,0.007510159814183113
2026-04-14 14:58:17,Planta,BIM-05,7.92,-0.2720751875742748,18.9,-0.2784879851734126,2220,-0.782608695652174,0.874,1.471954038894833,-0.0231,1.0, ,27,-0.1799999999999997,DECLIVE,DESCARTE,17.0,27.079710648148147,-0.17999999999999972,-0.022222222222222143,8.1,8.35,8.28,8.123333333333333,0.215947524489928,8.202,0.1889973544788277,-0.3108811306625645,-8.011173184356334,0.0388059430882897,0.4705852912307411,0.3496870737508542,0.07910534891491867,0.3729667254289707,0.2149719171304098,0.326420618070083,1.1999999999999993,0.06779661016949157,17.7,15.3,15.6,17.3,1.8330302779823409,16.68,1.5530614926653818,-0.21881665673799194,3.667031763417274,-0.05967132843542066,0.2442406948117908,0.1591453283025712,-0.03130620626568082,0.2625161963318575,0.06432477704944153,0.22975427355213757,10.0,0.004524886877828038,2210.0,2170.0,2180.0,2200.0,26.457513110645845,2190.0,23.45207879911715,0.04347826086956519,-0.05263157894736836,-0.8260869565217391,-1.0,-0.9565217391304348,-0.8695652173913043,0.11503266569846066,-0.9130434782608695,0.10196555999616352,-0.020000000000000018,-0.022371364653243853,0.894,0.874,0.892,0.8806666666666668,0.011547005383795663,0.89,0.01737814719698189,-0.11699758134998106,-0.07363193432658133,1.588951620244814,1.471954038894833,1.577251862109815,1.51095323267816,0.06754858508694538,1.5655521039748177,0.10166005951954804,0.07000000000000031,-0.28000000000000125,-0.25,0.07000000000000028,-0.08000000000000007,-0.11999999999999982,0.16822603841260733,-0.09400000000000013,0.12541929676090505,-0.02311553446165643
2026-04-15 14:56:47,Planta,BIM-05,7.82,-0.4447869268312548,19.4,-0.4000527944722967,2250,-0.6521739130434783,0.881,1.512903192367326,0.008,1.0, ,28,-0.09999999999999964,ESTACIONARIO,OBSERVACION,18.0,28.07866898148148,-0.09999999999999964,-0.012626262626262541,7.92,8.1,8.35,7.946666666666665,0.14189197769192627,8.094,0.22667156857443577,-0.17271173925698002,0.6347941567065201,-0.2720751875742748,0.0388059430882897,0.4705852912307411,-0.2260187237724133,0.24506410253789848,0.0284432387328711,0.39148840848600475,0.5,0.02645502645502651,18.9,17.7,15.3,18.666666666666664,0.8736894948054361,17.380000000000003,1.8700267377767672,-0.12156480929888408,0.4365172494719529,-0.2784879851734126,-0.05967132843542066,0.2442406948117908,-0.24607070269370998,0.17249071209163613,-0.06696521699335359,0.27555286007231594,30.0,0.013513513513513598,2220.0,2210.0,2170.0,2226.6666666666665,20.816659994661315,2206.0,32.09361307176243,0.13043478260869568,-0.16666666666666674,-0.782608695652174,-0.8260869565217391,-1.0,-0.7536231884057972,0.09050721736809317,-0.8434782608695652,0.13953744813809923,0.007000000000000006,0.008009153318077722,0.874,0.894,0.874,0.883,0.010148891565095745,0.883,0.00959166304662381,0.04094915347249306,0.02781958701865328,1.471954038894833,1.588951620244814,1.471954038894833,1.5246029505023244,0.05936978832494939,1.5246029505023242,0.05611006887896039,0.08000000000000004,-0.4444444444444454,-0.1799999999999997,-0.25,0.07000000000000028,-0.17666666666666644,0.07505553499465155,-0.10799999999999983,0.12029131306956463,0.007985568581249429
2026-04-16 14:45:55,Planta,BIM-05,7.75,-0.5656851443111417,16.7,-0.4851481609815163,2280,-0.5217391304347826,0.881,1.512903192367326,0.0,1.0, ,29,-0.07000000000000028,ESTACIONARIO,OBSERVACION,19.0,29.071122685185184,-0.07000000000000028,-0.008951406649616356,7.82,7.92,8.1,7.830000000000001,0.08544003745312508,7.9879999999999995,0.24139179770653899,-0.12089821747988688,0.27181153533712954,-0.4447869268312548,-0.2720751875742748,0.0388059430882897,-0.4275157529055571,0.14756497470719898,-0.1546312048795281,0.4169119722426737,-2.6999999999999993,-0.1391752577319587,19.4,18.9,17.7,18.333333333333332,1.4364307617610306,17.6,1.6613247725836198,-0.08509536650921962,0.21271034144747714,-0.4000527944722967,-0.2784879851734126,-0.05967132843542066,-0.3878963135424085,0.10386501859484723,-0.1958239148501711,0.29344747854511666,30.0,0.01333333333333342,2250.0,2220.0,2210.0,2250.0,30.00000000000002,2226.0,41.593268686170845,0.13043478260869568,-0.20000000000000007,-0.6521739130434783,-0.782608695652174,-0.8260869565217391,-0.6521739130434782,0.13043478260869612,-0.7565217391304349,0.180840298635527,0.0,0.0,0.881,0.874,0.894,0.8786666666666667,0.004041451884336386,0.8808,0.008167006795636254,0.0,0.0,1.512903192367326,1.471954038894833,1.588951620244814,1.4992534745431616,0.023642004780426988,1.5117332165538264,0.04777600209792875,0.02999999999999936,-0.2999999999999947,-0.09999999999999964,-0.1799999999999997,-0.25,-0.11666666666666654,0.056862407030773075,-0.10599999999999987,0.12095453691366854,0.0
2026-04-20 21:19:14,Planta,BIM-05,7.34,-1.273803275264762,15.3,-0.9835638791069433,2380,-0.08695652173913043,0.899,1.618201015582309,0.0047,1.0, ,33,-0.4100000000000001,ESTACIONARIO,OBSERVACION,20.0,33.34425925925926,-0.41000000000000014,-0.05290322580645168,7.75,7.82,7.92,7.636666666666667,0.2592939130279039,7.786,0.28192197502144745,-0.7081181309536202,1.2517884517118176,-0.5656851443111417,-0.4447869268312548,-0.2720751875742748,-0.7614251154690527,0.44783102697801425,-0.5035089181786286,0.4869123464071907,-1.3999999999999986,-0.0838323353293412,16.7,19.4,18.9,17.133333333333333,2.0840665376454175,17.6,1.6613247725836198,-0.498415718125427,1.0273474336521624,-0.4851481609815163,-0.4000527944722967,-0.2784879851734126,-0.6229216115202522,0.3152101508960131,-0.4413848296339179,0.3427179113064853,100.0,0.04385964912280693,2280.0,2250.0,2220.0,2303.3333333333335,68.0685928555404,2268.0,68.33739825307956,0.43478260869565216,-0.8333333333333334,-0.5217391304347826,-0.6521739130434783,-0.782608695652174,-0.4202898550724638,0.29595040371974146,-0.5739130434782609,0.2971191228394776,0.018000000000000016,0.020431328036322416,0.881,0.881,0.874,0.887,0.010392304845416611,0.8858,0.010329569206891853,0.10529782321498304,0.06959984204291181,1.512903192367326,1.512903192367326,1.471954038894833,1.54800246677232,0.06079372657825212,1.5409826118913217,0.060426730679690455,-0.3399999999999998,4.857142857142835,-0.07000000000000028,-0.09999999999999964,-0.1799999999999997,-0.19333333333333333,0.1882374387132734,-0.20199999999999996,0.13590437814875575,0.004733152845652577
2026-04-27 15:51:34,Planta,BIM-05,7.15,-1.601955579853025,14.3,-1.214537016774823,2250,-0.6521739130434783,0.9319999999999999,-3.640840266099329,0.0069,1.0, ,40,-0.1899999999999995,SIN_DATO,OBSERVACION,21.0,40.116712962962964,-0.1899999999999995,-0.02588555858310615,7.34,7.75,7.82,7.413333333333334,0.30664855018949444,7.596000000000001,0.33291139962457394,-0.32815230458826306,0.2576161570318274,-1.273803275264762,-0.5656851443111417,-0.4447869268312548,-1.1471479998096428,0.5296180444386331,-0.8316612227668916,0.5749770684763768,-1.0,-0.065359477124183,15.3,16.7,19.4,15.433333333333332,1.2055427546683455,16.919999999999998,2.2140460699813858,-0.23097313766787975,0.23483287926107943,-0.9835638791069433,-0.4851481609815163,-0.4000527944722967,-0.894416352287761,0.3727767252556814,-0.6723579673017984,0.40470310808787396,-130.0,-0.054621848739495826,2380.0,2280.0,2250.0,2303.3333333333335,68.0685928555404,2276.0,61.886993787063204,-0.5652173913043479,6.5,-0.08695652173913043,-0.5217391304347826,-0.6521739130434783,-0.4202898550724638,0.29595040371974146,-0.5391304347826088,0.26907388603071114,0.03299999999999992,0.03670745272525022,0.899,0.881,0.881,0.9039999999999999,0.025865034312756368,0.8934,0.02347977853387819,-5.259041281681638,-3.2499307756207125,1.618201015582309,1.512903192367326,1.512903192367326,-0.1699120193832314,3.0063730770285675,0.495024234622493,2.312652602388285,0.22000000000000058,-0.5365853658536599,-0.4100000000000001,-0.07000000000000028,-0.09999999999999964,-0.22333333333333327,0.17243356208503413,-0.18999999999999984,0.13322912594474226,0.0053230013509366686
2026-04-28 15:12:22,Planta,BIM-05,6.95,-1.947379058366986,13.4,-1.457666635372592,2270,-0.5652173913043478,0.965,2.004293034037245,0.0091,1.0, ,41,-0.2000000000000002,ESTACIONARIO,OBSERVACION,22.0,41.08949074074074,-0.20000000000000018,-0.027972027972028024,7.15,7.34,7.75,7.146666666666667,0.1950213663507543,7.401999999999999,0.3766563420413785,-0.34542347851396116,0.21562612775171508,-1.601955579853025,-1.273803275264762,-0.5656851443111417,-1.6077126378282578,0.3368247937471996,-1.1667219969254339,0.6505297193614044,-0.9000000000000004,-0.06293706293706292,14.3,15.3,16.7,14.333333333333334,0.9504384952922167,15.820000000000002,2.34669981037201,-0.24312961859776894,0.20018296292310178,-1.214537016774823,-0.9835638791069433,-0.4851481609815163,-1.2185891770847863,0.2370773520964294,-0.9081936973416344,0.4578815639147691,20.0,0.008888888888888946,2250.0,2380.0,2280.0,2300.0,69.99999999999993,2286.0,54.12947441089743,0.08695652173913049,-0.13333333333333341,-0.6521739130434783,-0.08695652173913043,-0.5217391304347826,-0.43478260869565216,0.3043478260869568,-0.49565217391304345,0.23534554091694718,0.03300000000000003,0.03540772532188852,0.9319999999999999,0.899,0.881,0.9319999999999999,0.03300000000000098,0.9116,0.03639780213144699,5.645133300136575,-1.5505028750367496,-3.640840266099329,1.618201015582309,1.512903192367326,-0.006115405493258397,3.153678070271206,0.6014920336509754,2.380140318478862,-0.010000000000000703,0.05263157894737236,-0.1899999999999995,-0.4100000000000001,-0.07000000000000028,-0.26666666666666655,0.12423096769056162,-0.19399999999999992,0.13315404612703288,0.03576899827305006
2026-04-29 15:10:01,Planta,BIM-05,7.06,-1.757396145184308,14.7,-1.32394534514382,2300,-0.4347826086956522,0.964,1.998443154969746,-0.001,1.0, ,42,0.1099999999999994,ESTACIONARIO,PRODUCTO,23.0,42.087858796296295,0.10999999999999943,0.015827338129496216,6.95,7.15,7.34,7.053333333333334,0.10016652800868116,7.25,0.31392674304683127,0.18998291318267801,-0.09755826035327297,-1.947379058366986,-1.601955579853025,-1.273803275264762,-1.7689102611347731,0.17299935267729824,-1.4292438405960444,0.5421883379089976,1.299999999999999,0.09701492537313428,13.4,14.3,15.3,14.133333333333333,0.6658328118479369,14.879999999999999,1.2296340919151678,0.1337212902287721,-0.0917365376855126,-1.457666635372592,-1.214537016774823,-0.9835638791069433,-1.332049665763745,0.12176724875518433,-1.092972207475939,0.3816244465230967,30.0,0.013215859030837107,2270.0,2250.0,2380.0,2273.3333333333335,25.166114784235592,2296.0,50.299105359837164,0.13043478260869557,-0.23076923076923062,-0.5652173913043478,-0.6521739130434783,-0.08695652173913043,-0.5507246376811595,0.1094178903662434,-0.4521739130434783,0.2186917624340767,-0.0010000000000000009,-0.0010362694300518616,0.965,0.9319999999999999,0.899,0.9536666666666666,0.018770544300403307,0.9282,0.03785102376422558,-0.005849879067499231,-0.0029186745491580623,2.004293034037245,-3.640840266099329,1.618201015582309,0.12063197430255397,3.257531828970631,0.6986000261714593,2.4358737686228187,0.3099999999999996,-1.5499999999999965,-0.2000000000000002,-0.1899999999999995,-0.4100000000000001,-0.09333333333333342,0.1761628034896504,-0.15200000000000014,0.19084024732744378,-0.0010385015052023258
2026-04-30 17:10:41,Planta,BIM-05,7.59,-0.8420239271223108,16.2,-0.6796518558597318,2440,0.1739130434782609,1.0295,-3.640840266099329,0.01225,1.0, ,43,0.5300000000000002,SIN_DATO,SIN_CLASIFICAR,24.0,43.171655092592594,0.5300000000000002,0.07507082152974509,7.06,6.95,7.15,7.2,0.34219877264534765,7.217999999999999,0.25232915011942453,0.9153722180619973,-0.5208684567622044,-1.757396145184308,-1.947379058366986,-1.601955579853025,-1.515599710224535,0.5910174519518668,-1.4845115971582783,0.43580206382364456,1.5,0.10204081632653073,14.7,13.4,14.3,14.766666666666666,1.4011899704655815,14.780000000000001,1.05214067500503,0.6442934892840881,-0.4866465913017721,-1.32394534514382,-1.457666635372592,-1.214537016774823,-1.153754612125381,0.41599328538947117,-1.131872946451582,0.3067434501481959,140.0,0.0608695652173914,2300.0,2270.0,2250.0,2336.6666666666665,90.73771725877465,2328.0,79.81227975693966,0.6086956521739131,-1.4,-0.4347826086956522,-0.5652173913043478,-0.6521739130434783,-0.27536231884057977,0.3945118141685858,-0.31304347826086953,0.34700991198669573,0.06550000000000011,0.06794605809128651,0.964,0.965,0.9319999999999999,0.9861666666666666,0.03753109821645793,0.9579000000000001,0.04835855663685566,-5.639283421069075,-2.821838292995853,1.998443154969746,2.004293034037245,-3.640840266099329,0.12063197430255397,3.2575318289706314,-0.3321486655218716,3.0244570646327555,0.4200000000000008,3.8181818181818468,0.1099999999999994,-0.2000000000000002,-0.1899999999999995,0.1466666666666665,0.3663786747797059,-0.03200000000000003,0.36471906997029924,0.0606546009447949
2026-05-04 15:12:00,Planta,BIM-05,7.15,-1.601955579853025,13.4,-1.214537016774823,2350,-0.2173913043478261,1.095,2.764777312812121,0.0255,1.0, ,47,-0.4399999999999995,MODERADO,OBSERVACION,25.0,47.08923611111111,-0.4399999999999995,-0.05797101449275355,7.59,7.06,6.95,7.266666666666667,0.28360771028538095,7.1800000000000015,0.24351591323769978,-0.7599316527307142,0.9025060075523579,-0.8420239271223108,-1.757396145184308,-1.947379058366986,-1.4004585507198815,0.48982380910083295,-1.550142058075931,0.4205805691203816,-2.799999999999999,-0.1728395061728395,16.2,14.7,13.4,14.766666666666667,1.4011899704655815,14.4,1.155422000829153,-0.5348851609150913,0.7869987498797948,-0.6796518558597318,-1.32394534514382,-1.457666635372592,-1.072711405926125,0.34476717216539166,-1.178067573985158,0.2960296555398695,-90.0,-0.03688524590163933,2440.0,2300.0,2270.0,2363.3333333333335,70.94598884597592,2322.0,75.96051605933177,-0.39130434782608703,-2.25,0.1739130434782609,-0.4347826086956522,-0.5652173913043478,-0.1594202898550725,0.3084608210694608,-0.3391304347826087,0.33026311330144403,0.06549999999999989,0.06362311801845544,1.0295,0.964,0.965,1.0294999999999999,0.06550000000000054,0.9971,0.0651885726182126,6.40561757891145,-1.7593789100157937,-3.640840266099329,1.998443154969746,2.004293034037245,0.37412673389417933,3.498111921972573,-0.10283340607590921,3.244746574805607,-0.9699999999999998,-1.8301886792452817,0.5300000000000002,0.1099999999999994,-0.2000000000000002,0.06666666666666672,0.48644972333565284,-0.03799999999999992,0.37265265328452973,0.015744694363993627
2026-05-05 14:50:00,Planta,BIM-05,7.39,-1.187447405636272,14.3,-0.9227814744575011,2260,-0.6086956521739131,0.711,0.5184237508924889,-0.4385,1.0, ,48,0.2399999999999993,DECLIVE,DESCARTE,26.0,48.07395833333333,0.23999999999999932,0.03356643356643341,7.15,7.59,7.06,7.376666666666666,0.22030282189140843,7.228,0.2592682009039887,0.4145081742167529,-0.2587513533020578,-1.601955579853025,-0.8420239271223108,-1.757396145184308,-1.2104756375372026,0.3804888353209229,-1.4672404232325804,0.4477866191215898,0.9000000000000004,0.0671641791044777,13.4,16.2,14.7,14.633333333333333,1.4294521094927717,14.4,1.155422000829153,0.2917555423173219,-0.24021955550772134,-1.214537016774823,-0.6796518558597318,-1.32394534514382,-0.938990115697352,0.2678107053123942,-1.1197164655216936,0.3151788940016035,-90.0,-0.03829787234042559,2350.0,2440.0,2300.0,2350.0,90.0,2324.0,73.68853370776216,-0.391304347826087,1.7999999999999998,-0.2173913043478261,0.1739130434782609,-0.4347826086956522,-0.21739130434782614,0.3913043478260873,-0.33043478260869563,0.32038492916418493,-0.384,-0.3506849315068493,1.095,1.0295,0.964,0.9451666666666667,0.20542172069509454,0.9529,0.1456409969754395,-2.246353561919632,-0.8124898708875805,2.764777312812121,-3.640840266099329,1.998443154969746,-0.11921306746490634,3.250064564883066,0.7290193973224544,2.574980282436837,0.6799999999999988,-1.5454545454545445,-0.4399999999999995,0.5300000000000002,0.1099999999999994,0.11000000000000003,0.49789557138018387,0.047999999999999834,0.3783781177605279,-0.43853708457278
2026-05-06 14:52:00,Planta,BIM-05,7.65,-0.7383968835681216,14.6,-0.6067129702804004,2270,-0.5652173913043478,0.7,0.4540750811499994,-0.0156,1.0, ,49,0.2600000000000007,ESTACIONARIO,PRODUCTO,27.0,49.07534722222222,0.2600000000000007,0.03518267929634655,7.39,7.15,7.59,7.396666666666667,0.25006665778011644,7.368,0.2606146580681746,0.44905052206815044,-0.3781645569620281,-1.187447405636272,-1.601955579853025,-0.8420239271223108,-1.1759332896858063,0.4318944739538958,-1.2254439882728074,0.45011210870820406,0.29999999999999893,0.020979020979020824,14.3,13.4,16.2,14.100000000000001,0.6244997998398373,14.64,1.0114346246792427,0.31606850417710075,-0.3425171754373547,-0.9227814744575011,-1.214537016774823,-0.6796518558597318,-0.9146771538375749,0.30399305565052975,-0.9495257325032551,0.31681571208553616,10.0,0.004424778761061843,2260.0,2350.0,2440.0,2293.3333333333335,49.32882862316249,2324.0,73.68853370776216,0.0434782608695653,-0.07142857142857151,-0.6086956521739131,-0.2173913043478261,0.1739130434782609,-0.463768115942029,0.21447316792679366,-0.33043478260869563,0.32038492916418493,-0.01100000000000001,-0.015471167369901506,0.711,1.095,1.0295,0.8353333333333333,0.22494517850652732,0.8999,0.18344767646388982,-0.06434866974248954,-0.12412369153942215,0.5184237508924889,2.764777312812121,-3.640840266099329,1.2457587149515366,1.3159020910801682,0.41897580674500523,2.474405494657199,0.020000000000001378,0.08333333333333925,0.2399999999999993,-0.4399999999999995,0.5300000000000002,0.020000000000000167,0.39849717690342523,0.14,0.35839921874914843,-0.015570469108296844
2026-05-07 15:01:00,Planta,BIM-05,7.75,-0.5656851443111417,17.4,-0.4851481609815163,2240,-0.6956521739130435,0.63,0.04458354642506687,-0.1047,1.0, ,50,0.09999999999999964,DECLIVE,DESCARTE,28.0,50.08159722222222,0.09999999999999964,0.013071895424836555,7.65,7.39,7.15,7.596666666666667,0.18583146486351448,7.506,0.23849528297220463,0.1727117392569799,-0.2339009590918001,-0.7383968835681216,-1.187447405636272,-1.601955579853025,-0.8305098111718451,0.3209527550525655,-0.9871017880981743,0.4119093512671799,2.799999999999999,0.1917808219178081,14.6,14.3,13.4,15.433333333333335,1.7097758137642913,15.179999999999998,1.6006248779773586,0.12156480929888408,-0.2003662609070337,-0.6067129702804004,-0.9227814744575011,-1.214537016774823,-0.671547535239806,0.22590566587869929,-0.7817662956707945,0.2899263359320158,-30.0,-0.013215859030836996,2270.0,2260.0,2350.0,2256.6666666666665,15.275252316519673,2312.0,82.8854631404084,-0.13043478260869568,0.23076923076923084,-0.5652173913043478,-0.6086956521739131,-0.2173913043478261,-0.6231884057971014,0.06641414050660693,-0.3826086956521739,0.36037157887134225,-0.06999999999999995,-0.09999999999999998,0.7,0.711,1.095,0.6803333333333333,0.04393555887129992,0.8331,0.2127429199762004,-0.4094915347249325,-0.901814593498164,0.4540750811499994,0.5184237508924889,2.764777312812121,0.33902745948918506,0.2570177061600832,0.028203885036069447,2.311529212148197,-0.16000000000000103,-0.6153846153846178,0.2600000000000007,0.2399999999999993,-0.4399999999999995,0.19999999999999987,0.0871779788708139,0.13800000000000007,0.3586363060260352,-0.1047061025170943
2026-05-08 16:44:00,Planta,BIM-05,7.51,-0.9801933185278954,16.8,-0.7769037032988395,2200,-0.8695652173913043,0.573,-0.2888595604223788,-0.0885,1.0, ,51,-0.2400000000000002,DECLIVE,DESCARTE,29.0,51.153125,-0.2400000000000002,-0.030967741935483906,7.75,7.65,7.39,7.636666666666667,0.12055427546677845,7.49,0.23409399821437518,-0.4145081742167537,0.7327542156361866,-0.5656851443111417,-0.7383968835681216,-1.187447405636272,-0.7614251154690529,0.20821138590742191,-1.0147356663792912,0.4043078158122811,-0.5999999999999979,-0.0344827586206895,17.4,14.6,14.3,16.266666666666666,1.474222959166407,15.3,1.7146428199482344,-0.2917555423173232,0.6013741075037051,-0.4851481609815163,-0.6067129702804004,-0.9227814744575011,-0.622921611520252,0.14655157507290764,-0.801216665158616,0.2845759225094601,-40.0,-0.017857142857142905,2240.0,2270.0,2260.0,2236.6666666666665,35.11884584284249,2264.0,55.04543577809154,-0.17391304347826086,0.25,-0.6956521739130435,-0.5652173913043478,-0.6086956521739131,-0.7101449275362318,0.15269063409931521,-0.5913043478260869,0.23932798164387784,-0.05700000000000005,-0.0904761904761906,0.63,0.7,0.711,0.6343333333333333,0.06361079572944726,0.7417999999999999,0.20520648137912215,-0.3334431068474457,-7.4790619765494695,0.04458354642506687,0.4540750811499994,0.5184237508924889,0.06993302238422916,0.37211546240464716,0.6986000261714596,1.200433099934859,-0.33999999999999986,-3.4000000000000106,0.09999999999999964,0.2600000000000007,0.2399999999999993,0.040000000000000036,0.2553429066960745,-0.016000000000000035,0.3102901867607159,-0.0885036343784884
2026-05-11 14:58:00,Planta,BIM-05,7.69,-0.6693121878653293,13.4,-0.5580870465608465,2510,0.4782608695652174,0.519,-0.6047530300673266,-0.0338,1.0, ,54,0.1800000000000006,DECLIVE,DESCARTE,30.0,54.07951388888889,0.1800000000000006,0.023968042609853635,7.51,7.75,7.65,7.650000000000001,0.12489995996791477,7.598000000000001,0.14601369798752606,0.31088113066256606,-0.31716307873783844,-0.9801933185278954,-0.5656851443111417,-0.7383968835681216,-0.7383968835681222,0.21571689319195111,-0.828206987981752,0.2521827973477339,-3.4000000000000004,-0.20238095238095244,16.8,17.4,14.6,15.866666666666669,2.157158624981796,15.3,1.7146428199482344,0.218816656737993,-0.28165222511987975,-0.7769037032988395,-0.4851481609815163,-0.6067129702804004,-0.6067129702804007,0.15183439814944225,-0.6699266711158207,0.17750127350881628,310.0,0.14090909090909087,2200.0,2240.0,2270.0,2316.6666666666665,168.62186493255658,2296.0,122.5969004502153,1.3478260869565217,-1.55,-0.8695652173913043,-0.6956521739130435,-0.5652173913043478,-0.36231884057971014,0.7331385431850285,-0.4521739130434782,0.5330300019574586,-0.05399999999999994,-0.09424083769633496,0.573,0.63,0.7,0.574,0.055506756345512824,0.6266,0.08211759860103074,-0.3158934696449478,1.0935884177869664,-0.2888595604223788,0.04458354642506687,0.4540750811499994,-0.2830096813548795,0.3247078120503817,0.02469395759556998,0.4803780211294591,0.4200000000000008,-1.7500000000000018,-0.2400000000000002,0.09999999999999964,0.2600000000000007,0.013333333333333345,0.22300971578237005,0.10799999999999998,0.20425474290698883,-0.033823882370751124
2026-03-23 12:42:00,Planta,BIM-07,8.47,0.6778393783391196,17.3,0.3901184659704535,2680,1.217391304347826,0.522,-0.5872033928648295,-0.0285,1.0, ,0,0.04999999999999893,SIN_DATO,SIN_CLASIFICAR,0.0,0.0,,,,,,8.47,,8.47,,,,,,,0.6778393783391196,,0.6778393783391196,,,,,,,17.3,,17.3,,,,,,,0.3901184659704535,,0.3901184659704535,,,,,,,2680.0,,2680.0,,,,,,,1.217391304347826,,1.217391304347826,,,,,,,0.522,,0.522,,,,,,,-0.5872033928648295,,-0.5872033928648295,,,,,,,0.04999999999999893,,0.04999999999999893,,
2026-03-24 13:16:50,Planta,BIM-07,8.52,0.764195247967608,18.2,0.4509008706198945,2630,1.0,0.507,-0.6749515788773152,-0.0285,1.0, ,1,0.04999999999999893,DECLIVE,DESCARTE,1.0,1.0241898148148147,0.049999999999998934,0.0059031877213693296,8.47,,,8.495000000000001,0.035355339059325995,8.495000000000001,0.035355339059325995,0.0863558696284884,0.12739872068229863,0.6778393783391196,,,0.7210173131533637,0.06106282100956561,0.7210173131533637,0.06106282100956561,0.8999999999999986,0.052023121387283044,17.3,,,17.75,0.6363961030678917,17.75,0.6363961030678917,0.06078240464944096,0.15580499246104496,0.3901184659704535,,,0.420509668295174,0.04297965050444444,0.420509668295174,0.04297965050444444,-50.0,-0.018656716417910446,2680.0,,,2655.0,35.35533905932738,2655.0,35.35533905932738,-0.21739130434782594,-0.1785714285714285,1.217391304347826,,,1.108695652173913,0.1537188654753364,1.108695652173913,0.1537188654753364,-0.015000000000000013,-0.028735632183908066,0.522,,,0.5145,0.010606601717798184,0.5145,0.010606601717798184,-0.08774818601248568,0.14943405824748823,-0.5872033928648295,,,-0.6310774858710724,0.062047337366247145,-0.6310774858710724,0.062047337366247145,0.0,0.0,0.04999999999999893,,,0.04999999999999893,0.0,0.04999999999999893,0.0,-0.028467949856274856
2026-03-25 12:09:49,Planta,BIM-07,8.63,0.9541781611502886,18.2,0.584622160848669,2590,0.8260869565217391,0.518,-0.6106029091348256,0.0225,1.0, ,1,0.1100000000000012,MODERADO,INOCULO_CLIENTE,2.0,1.977650462962963,0.11000000000000121,0.01291079812206597,8.52,8.47,,8.540000000000001,0.08185352771872408,8.540000000000001,0.08185352771872408,0.18998291318268068,0.24860520094562744,0.764195247967608,0.6778393783391196,,0.7987375958190054,0.1413706513662041,0.7987375958190054,0.1413706513662041,0.0,0.0,18.2,17.3,,17.900000000000002,0.5196152422706626,17.900000000000002,0.5196152422706626,0.13372129022877455,0.2965647195245724,0.4509008706198945,0.3901184659704535,,0.47521383247967236,0.09950508487567732,0.47521383247967236,0.09950508487567732,-40.0,-0.01520912547528519,2630.0,2680.0,,2633.3333333333335,45.092497528228996,2633.3333333333335,45.092497528228996,-0.17391304347826086,-0.17391304347826086,1.0,1.217391304347826,,1.0144927536231882,0.1960543370792563,1.0144927536231882,0.1960543370792563,0.01100000000000001,0.021696252465483346,0.507,0.522,,0.5156666666666667,0.007767453465154022,0.5156666666666667,0.007767453465154022,0.06434866974248954,-0.09533820166703555,-0.6749515788773152,-0.5872033928648295,,-0.6242526269589901,0.04543866343357746,-0.6242526269589901,0.04543866343357746,0.06000000000000227,1.2000000000000712,0.04999999999999893,0.04999999999999893,,0.06999999999999969,0.03464101615137885,0.06999999999999969,0.03464101615137885,0.022511929265238956
2026-03-26 12:31:08,Planta,BIM-07,8.77,1.195974596110059,17.4,0.7548128938671059,2560,0.6956521739130435,0.582,-0.2362106488148873,0.1148,1.0, ,2,0.1399999999999988,RAPIDO,INOCULO_CLIENTE,3.0,2.9924537037037036,0.1399999999999988,0.016222479721900163,8.63,8.52,8.47,8.639999999999999,0.1252996408614155,8.5975,0.13301002468485787,0.24179643495977032,0.253408058164188,0.9541781611502886,0.764195247967608,0.6778393783391196,0.9714493350759851,0.21640718901450276,0.8980468458917688,0.2297239270193577,-0.8000000000000007,-0.04395604395604402,18.2,18.2,17.3,17.933333333333334,0.46188021535170154,17.775,0.49244289008980485,0.1701907330184369,0.2911123532699802,0.584622160848669,0.4509008706198945,0.3901184659704535,0.5967786417785564,0.1523202694653684,0.5451135978265307,0.1616933828565472,-30.0,-0.01158301158301156,2590.0,2630.0,2680.0,2593.3333333333335,35.11884584284266,2615.0,51.96152422706638,-0.13043478260869568,-0.1578947368421053,0.8260869565217391,1.0,1.217391304347826,0.8405797101449276,0.15269063409931538,0.9347826086956521,0.22591967055246231,0.06399999999999995,0.12355212355212353,0.518,0.507,0.522,0.5356666666666666,0.04050102879351749,0.53225,0.033767588009806115,0.37439226031993833,-0.6131517795262744,-0.6106029091348256,-0.6749515788773152,-0.5872033928648295,-0.5072550456090094,0.2369261205513738,-0.5272421324229644,0.1975363062584961,0.029999999999997598,0.27272727272724784,0.1100000000000012,0.04999999999999893,0.04999999999999893,0.09999999999999964,0.04582575694955858,0.08749999999999947,0.045000000000000324,0.11479585479735047
2026-03-27 13:08:16,Planta,BIM-07,8.82,1.282330465738551,17.1,0.815595298516549,2550,0.6521739130434783,0.538,-0.4936053277848447,-0.0766,1.0, ,4,0.05000000000000071,DECLIVE,DESCARTE,4.0,4.01824074074074,0.05000000000000071,0.005701254275940704,8.77,8.63,8.52,8.74,0.09848857801795852,8.642,0.15221695043588257,0.08635586962849207,0.07220543806646651,1.195974596110059,0.9541781611502886,0.764195247967608,1.1441610743329662,0.17010133606428812,0.9749035698611251,0.262896542541749,-0.29999999999999716,-0.01724137931034464,17.4,18.2,18.2,17.566666666666666,0.5686240703077331,17.64,0.5224940191045244,0.06078240464944307,0.08052645250671153,0.7548128938671059,0.584622160848669,0.4509008706198945,0.7183434510774412,0.11972745204871699,0.5992099379645344,0.18504224551795836,-10.0,-0.00390625,2560.0,2590.0,2630.0,2566.6666666666665,20.81665999466172,2602.0,53.57238094391554,-0.04347826086956519,-0.0625,0.6956521739130435,0.8260869565217391,1.0,0.7246376811594203,0.09050721736809333,0.8782608695652174,0.2329233954083283,-0.04399999999999993,-0.07560137457044658,0.582,0.518,0.507,0.546,0.032741411087489805,0.5334,0.029356430300702466,-0.25739467896995744,1.089682790599638,-0.2362106488148873,-0.6106029091348256,-0.6749515788773152,-0.44680629524485255,0.19153329536108737,-0.5205147714953404,0.17173156711257365,-0.08999999999999808,-0.6428571428571347,0.1399999999999988,0.1100000000000012,0.04999999999999893,0.10000000000000024,0.045825756949557615,0.07999999999999971,0.04242640687119289,-0.07663568043979375
2026-03-30 12:48:26,Planta,BIM-07,8.65,0.9887205090016841,17.8,0.6089351227084454,2380,-0.08695652173913043,0.63,0.04458354642506687,0.0529,1.0, ,7,-0.1699999999999999,MODERADO,OBSERVACION,5.0,7.004467592592593,-0.16999999999999993,-0.019274376417233507,8.82,8.77,8.63,8.746666666666668,0.08736894948053825,8.678,0.11903780911962406,-0.29360995673686696,-0.22896590588898158,1.282330465738551,1.195974596110059,0.9541781611502886,1.1556751902834312,0.15089643221839485,1.037079795993638,0.205592270503907,0.6999999999999993,0.040935672514619936,17.1,17.4,18.2,17.433333333333334,0.3511884584284263,17.740000000000002,0.4878524367060178,-0.20666017580810359,-0.2533856879557653,0.815595298516549,0.7548128938671059,0.584622160848669,0.7264477716973667,0.10620989682245835,0.6429732693121328,0.1447080856498409,-170.0,-0.06666666666666665,2550.0,2560.0,2590.0,2496.6666666666665,101.15993936995679,2542.0,95.76011695899292,-0.7391304347826086,-1.1333333333333333,0.6521739130434783,0.6956521739130435,0.8260869565217391,0.4202898550724637,0.43982582334763837,0.6173913043478261,0.416348334604317,0.09199999999999997,0.17100371747211884,0.538,0.582,0.518,0.5833333333333334,0.04601449047129986,0.5549999999999999,0.050783855702378554,0.5381888742099116,-1.0903222552826661,-0.4936053277848447,-0.2362106488148873,-0.6106029091348256,-0.22841081005822172,0.26917920460969025,-0.39415738363736114,0.2970794144402356,-0.2200000000000006,-4.39999999999995,0.05000000000000071,0.1399999999999988,0.1100000000000012,0.0066666666666665335,0.1594783161854087,0.03599999999999994,0.12157302332343295,0.05286311692157585
2026-03-31 14:44:13,Planta,BIM-07,8.56,0.8332799436704018,17.9,0.4995267943394495,2330,-0.3043478260869565,0.637,0.08553269989756018,0.0102,1.0, ,8,-0.08999999999999986,ESTACIONARIO,OBSERVACION,6.0,8.084872685185186,-0.08999999999999986,-0.010404624277456587,8.65,8.82,8.77,8.676666666666668,0.1320353488022532,8.686,0.1064424727258815,-0.15544056533128225,-0.1572138576231531,0.9887205090016841,1.282330465738551,1.195974596110059,1.0347769728035456,0.22804054735039656,1.050896735134197,0.18383864595300634,0.09999999999999787,0.00561797752808979,17.8,17.1,17.4,17.6,0.4358898943540671,17.68,0.4324349662087924,-0.10940832836899589,-0.17967156810131968,0.6089351227084454,0.815595298516549,0.7548128938671059,0.641352405188148,0.16050851997857915,0.6526984540560437,0.12939658898223444,-50.0,-0.021008403361344574,2380.0,2550.0,2560.0,2420.0,115.32562594670793,2482.0,118.19475453673908,-0.21739130434782605,2.4999999999999996,-0.08695652173913043,0.6521739130434783,0.6956521739130435,0.08695652173913045,0.5014157649856869,0.35652173913043483,0.5138902371162568,0.007000000000000006,0.011111111111111072,0.63,0.538,0.582,0.6016666666666667,0.055247926054589155,0.5810000000000001,0.05328226721902898,0.04094915347249331,0.918481295365724,0.04458354642506687,-0.4936053277848447,-0.2362106488148873,-0.12116302715407257,0.32319368614947497,-0.2420605278823861,0.3116948196734872,0.08000000000000004,-0.4705882352941182,-0.1699999999999999,0.05000000000000071,0.1399999999999988,-0.06999999999999969,0.1113552872566008,0.008000000000000184,0.13311649033834982,0.010227493615444932
2026-04-01 14:38:14,Planta,BIM-07,8.59,0.8850934654474949,18.3,0.535996237129114,2320,-0.3478260869565217,0.662,0.2317796765850363,0.0387,1.0, ,9,0.02999999999999936,MODERADO,INOCULO_CLIENTE,7.0,9.080717592592592,0.02999999999999936,0.003504672897196137,8.56,8.65,8.82,8.6,0.045825756949548484,8.678,0.11300442469213332,0.051813521777093086,0.06218020986904671,0.8332799436704018,0.9887205090016841,1.282330465738551,0.9023646393731936,0.07914646185525875,1.037079795993638,0.19517190732312772,0.40000000000000213,0.022346368715083997,17.9,17.8,17.1,18.0,0.26457513110645875,17.7,0.46368092477478495,0.03646944278966452,0.0730079811592288,0.4995267943394495,0.6089351227084454,0.815595298516549,0.548152718059003,0.05570799404550146,0.6429732693121328,0.13737361337629306,-10.0,-0.0042918454935622075,2330.0,2380.0,2550.0,2343.3333333333335,32.145502536643114,2428.0,118.19475453673908,-0.04347826086956519,0.1428571428571428,-0.3043478260869565,-0.08695652173913043,0.6521739130434783,-0.24637681159420288,0.13976305450714457,0.12173913043478261,0.5138902371162568,0.025000000000000022,0.03924646781789631,0.637,0.63,0.538,0.643,0.016822603841261722,0.6098,0.04949949494691857,0.1462469766874761,1.7098370197904602,0.08553269989756018,0.04458354642506687,-0.4936053277848447,0.12063197430255446,0.09841019807182019,-0.07358401073841374,0.2895660593417523,0.11999999999999922,-1.3333333333333268,-0.08999999999999986,-0.1699999999999999,0.05000000000000071,-0.07666666666666681,0.10066445913694295,-0.008000000000000179,0.12214745187681939,0.03865652179219901
2026-04-02 13:58:29,Planta,BIM-07,8.59,0.8850934654474949,17.4,0.535996237129114,2320,-0.3478260869565217,0.701,0.4599249602174985,0.0589,1.0, ,10,0.0,MODERADO,INOCULO_PLANTA,8.0,10.053113425925925,0.0,0.0,8.59,8.56,8.65,8.58,0.017320508075661028,8.642,0.10473776778220928,0.0,0.0,0.8850934654474949,0.8332799436704018,0.9887205090016841,0.8678222915217972,0.02991455074566669,0.9749035698611254,0.18089442039559128,-0.9000000000000021,-0.049180327868852625,18.3,17.9,17.8,17.866666666666664,0.45092497528229075,17.7,0.46368092477478495,0.0,0.0,0.535996237129114,0.4995267943394495,0.6089351227084454,0.523839756199226,0.021055642611809783,0.5992099379645344,0.12732426766835128,0.0,0.0,2320.0,2330.0,2380.0,2323.3333333333335,5.773502691896251,2380.0,98.23441352194251,0.0,0.0,-0.3478260869565217,-0.3043478260869565,-0.08695652173913043,-0.3333333333333333,0.02510218561694184,-0.0869565217391304,0.4271061457475761,0.038999999999999924,0.05891238670694854,0.662,0.637,0.63,0.6666666666666666,0.032254198693090694,0.6336,0.06023537166814877,0.22814528363246223,0.9843196219525285,0.2317796765850363,0.08553269989756018,0.04458354642506687,0.259079112233365,0.18868316177366243,0.06564311106806342,0.35236963984452696,-0.02999999999999936,-1.0,0.02999999999999936,-0.08999999999999986,-0.1699999999999999,-0.020000000000000167,0.06244997998398365,-0.035999999999999935,0.09208691546577072,0.05886731425139636
2026-04-06 15:07:39,Planta,BIM-07,8.63,0.9541781611502886,16.9,0.584622160848669,2430,0.1304347826086956,0.685,0.3663268951375144,-0.0058,1.0, ,14,0.04000000000000092,ESTACIONARIO,INOCULO_CLIENTE,9.0,14.101145833333334,0.040000000000000924,0.00465657741559955,8.59,8.59,8.56,8.603333333333333,0.023094010767585563,8.604000000000001,0.035777087639995875,0.06908469570279374,0.07805355976486084,0.8850934654474949,0.8850934654474949,0.8332799436704018,0.9081216973484262,0.03988606766089133,0.9092731089434729,0.06179123031853263,-0.5,-0.028735632183908066,17.4,18.3,17.9,17.53333333333333,0.7094598884597613,17.66,0.5319774431308159,0.048625923719554986,0.09072064382392608,0.535996237129114,0.535996237129114,0.4995267943394495,0.5522048783689657,0.02807419014907928,0.5530153104309583,0.04349234836225684,110.0,0.047413793103448176,2320.0,2320.0,2330.0,2356.6666666666665,63.5085296108589,2356.0,48.27007354458872,0.4782608695652173,-1.375,-0.3478260869565217,-0.3478260869565217,-0.3043478260869565,-0.18840579710144925,0.2761240417863427,-0.19130434782608696,0.20986988497647258,-0.015999999999999903,-0.022824536376604754,0.701,0.662,0.637,0.6826666666666666,0.019604421270044702,0.663,0.030389142798045884,-0.09359806507998414,-0.20350725265208836,0.4599249602174985,0.2317796765850363,0.08553269989756018,0.3526771773133497,0.11468349361806025,0.23762955565253527,0.1777728103335248,0.04000000000000092,,0.0,0.02999999999999936,-0.08999999999999986,0.023333333333333428,0.02081665999466148,-0.037999999999999895,0.08983317872590287,-0.005703770733187448
2026-04-07 15:07:19,Planta,BIM-07,8.52,0.764195247967608,17.0,0.4509008706198945,2440,0.1739130434782609,0.644,0.1264818533700535,-0.0617,1.0, ,15,-0.1100000000000012,DECLIVE,DESCARTE,10.0,15.100914351851852,-0.11000000000000121,-0.01274623406720754,8.63,8.59,8.59,8.58,0.0556776436283006,8.578,0.040865633483405286,-0.18998291318268068,-0.19910633141472334,0.9541781611502886,0.8850934654474949,0.8850934654474949,0.8678222915217972,0.09616182668774167,0.8643680567366576,0.07057974634757258,0.10000000000000142,0.00591715976331364,16.9,17.4,18.3,17.099999999999998,0.2645751311064684,17.5,0.5958187643906496,-0.13372129022877455,-0.2287311347121319,0.584622160848669,0.535996237129114,0.535996237129114,0.5238397561992258,0.06768442129885643,0.5214084600132483,0.04967822941288302,10.0,0.004115226337448652,2430.0,2320.0,2320.0,2396.6666666666665,66.58328118479406,2368.0,61.400325732035036,0.0434782608695653,0.33333333333333415,0.1304347826086956,-0.3478260869565217,-0.3478260869565217,-0.014492753623188396,0.2894925268904084,-0.13913043478260864,0.26695793796536965,-0.041000000000000036,-0.05985401459854023,0.685,0.701,0.662,0.6766666666666667,0.02939954648176361,0.6658,0.02704995378924008,-0.23984504176746088,-0.6547295460723028,0.3663268951375144,0.4599249602174985,0.2317796765850363,0.31757790290835547,0.1719837915576294,0.25400921704153256,0.15823895844848848,-0.1500000000000021,-3.7499999999999667,0.04000000000000092,0.0,0.02999999999999936,-0.023333333333333428,0.07767453465154134,-0.026000000000000155,0.06949820141557665,-0.061734402528827524
2026-04-08 14:35:16,Planta,BIM-07,8.56,0.8332799436704018,15.6,0.4995267943394495,2447,0.2043478260869565,0.704,0.4774745974199956,0.0911,1.0, ,16,0.04000000000000092,RAPIDO,INOCULO_PLANTA,11.0,16.07865740740741,0.040000000000000924,0.0046948356807512415,8.52,8.63,8.59,8.57,0.055677643628300515,8.578,0.040865633483405286,0.06908469570279385,0.0904018912529565,0.764195247967608,0.9541781611502886,0.8850934654474949,0.8505511175960995,0.09616182668774166,0.8643680567366576,0.07057974634757258,-1.4000000000000004,-0.08235294117647063,17.0,16.9,17.4,16.499999999999996,0.7810249675906705,17.04,0.9762171889492625,0.04862592371955504,0.107841716190755,0.4509008706198945,0.584622160848669,0.535996237129114,0.5116832752693377,0.06768442129885642,0.5214084600132483,0.04967822941288302,7.0,0.0028688524590163578,2440.0,2430.0,2320.0,2439.0,8.544003745319074,2391.4,65.45838372584525,0.030434782608695615,0.17499999999999982,0.1739130434782609,0.1304347826086956,-0.3478260869565217,0.16956521739130434,0.03714784237094605,-0.037391304347826074,0.2846016683732402,0.05999999999999994,0.09316770186335388,0.644,0.685,0.701,0.6776666666666666,0.03066485501895255,0.6792,0.0257817765097757,0.3509927440499421,2.7750442826215336,0.1264818533700535,0.3663268951375144,0.4599249602174985,0.3234277819758545,0.17938569348325895,0.33239759654601964,0.15082027472747175,0.1500000000000021,-1.363636363636368,-0.1100000000000012,0.04000000000000092,0.0,-0.009999999999999789,0.08660254037844509,-1.3877787807814458e-18,0.06363961030679002,0.09110740244846158
2026-04-09 16:22:55,Planta,BIM-07,8.45,0.6432970304877211,15.2,0.365805504110675,2500,0.4347826086956522,0.724,0.5944721787699765,0.0273,1.0, ,17,-0.1100000000000012,MODERADO,OBSERVACION,12.0,17.15341435185185,-0.11000000000000121,-0.012850467289719725,8.56,8.52,8.63,8.51,0.055677643628300036,8.55,0.06892024376045193,-0.18998291318268068,-0.2279941028531789,0.8332799436704018,0.764195247967608,0.9541781611502886,0.7469240740419103,0.09616182668774163,0.8160087697447029,0.1190333516988267,-0.40000000000000036,-0.02564102564102566,15.6,17.0,16.9,15.933333333333332,0.9451631252505268,16.419999999999998,0.960208310732623,-0.13372129022877455,-0.2676959309171818,0.4995267943394495,0.4509008706198945,0.584622160848669,0.4387443896900063,0.06768442129885638,0.4873703134095605,0.08378276289571956,53.0,0.021659174499387035,2447.0,2440.0,2430.0,2462.3333333333335,32.807519463277856,2427.4,65.86956808724342,0.2304347826086957,1.1276595744680855,0.2043478260869565,0.1739130434782609,0.1304347826086956,0.2710144927536232,0.14264138897077194,0.11913043478260872,0.28638942646627596,0.020000000000000018,0.02840909090909083,0.704,0.644,0.685,0.6906666666666667,0.0416333199893233,0.6916,0.030004999583403132,0.1169975813499809,0.24503414837599746,0.4774745974199956,0.1264818533700535,0.3663268951375144,0.3994762098533419,0.24354988711602782,0.4049360969830077,0.17552561898326424,-0.1500000000000021,-3.7499999999999667,0.04000000000000092,-0.1100000000000012,0.04000000000000092,-0.0600000000000005,0.0866025403784451,-0.028000000000000115,0.07661592523751289,0.026064531494750433
2026-05-13 15:18:00,Planta,BIM-07,7.33,-1.29107444919046,15.2,-0.9957203600368315,3700,5.652173913043478,0.622,-0.002215486114925505,0.0352,1.0, ,51,-1.119999999999999,MODERADO,OBSERVACION,13.0,51.108333333333334,-1.1199999999999992,-0.13254437869822477,8.45,8.56,8.52,8.113333333333332,0.680612469275529,8.298,0.5450412828401169,-1.9343714796781812,-3.006964727027608,0.6432970304877211,0.8332799436704018,0.764195247967608,0.06183417498922098,1.175497633285649,0.3807751868171119,0.9413502792617243,0.0,0.0,15.2,15.6,17.0,15.333333333333334,0.2309401076758727,15.98,0.9011104260855026,-1.3615258641475065,-3.7219939253171406,0.365805504110675,0.4995267943394495,0.4509008706198945,-0.043462687195569005,0.8273852503392266,0.1810269939763713,0.6625783960847822,1200.0,0.48,2500.0,2447.0,2440.0,2882.3333333333335,708.6157868219797,2703.4,557.7748649769009,5.217391304347825,11.999999999999996,0.4347826086956522,0.2043478260869565,0.1739130434782609,2.097101449275362,3.0809382035738246,1.3191304347826087,2.4251081085952206,-0.10199999999999998,-0.14088397790055252,0.724,0.704,0.644,0.6833333333333332,0.0540493601565586,0.6758,0.042156849977198534,-0.596687664884902,-1.0037268121100462,0.5944721787699765,0.4774745974199956,0.1264818533700535,0.35657709669168214,0.316182220591566,0.3125080077165229,0.24661247423330881,-1.0099999999999978,9.181818181818063,-0.1100000000000012,0.04000000000000092,-0.1100000000000012,-0.39666666666666645,0.630898829713079,-0.2519999999999999,0.4909887982428924,-0.004472144366751528
2026-03-26 12:37:32,Planta,BIM-09,7.99,-0.1511769700943879,17.8,-0.193392618664193,2370,-0.1304347826086956,0.447,-1.025944322927258,-0.8269,1.0, ,0,0.2400000000000002,DECLIVE,DESCARTE,0.0,0.0,,,,,,7.99,,7.99,,,,,,,-0.1511769700943879,,-0.1511769700943879,,,,,,,17.8,,17.8,,,,,,,-0.193392618664193,,-0.193392618664193,,,,,,,2370.0,,2370.0,,,,,,,-0.1304347826086956,,-0.1304347826086956,,,,,,,0.447,,0.447,,,,,,,-1.025944322927258,,-1.025944322927258,,,,,,,0.2400000000000002,,0.2400000000000002,,
2026-03-27 13:13:49,Planta,BIM-09,8.23,0.2633312041223658,17.5,0.09836292365313024,2340,-0.2608695652173913,0.562,-0.3532082301648676,0.2233,1.0, ,1,0.2400000000000002,RAPIDO,INOCULO_CLIENTE,1.0,1.0251967592592592,0.2400000000000002,0.030037546933667114,7.99,,,8.11,0.1697056274847722,8.11,0.1697056274847722,0.41450817421675373,-2.741873804971445,-0.1511769700943879,,,0.05607711701398896,0.2931015408459214,0.05607711701398896,0.2931015408459214,-0.3000000000000007,-0.016853932584269704,17.8,,,17.65,0.2121320343559635,17.65,0.2121320343559635,0.29175554231732326,-1.5086177762757722,-0.193392618664193,,,-0.04751484750553138,0.206302322421338,-0.04751484750553138,0.206302322421338,-30.0,-0.012658227848101222,2370.0,,,2355.0,21.213203435596427,2355.0,21.213203435596427,-0.1304347826086957,1.0000000000000009,-0.1304347826086956,,,-0.19565217391304346,0.09223131928520188,-0.19565217391304346,0.09223131928520188,0.11500000000000005,0.25727069351230436,0.447,,,0.5045000000000001,0.08131727983645298,0.5045000000000001,0.08131727983645298,0.6727360927623904,-0.655723783180473,-1.025944322927258,,,-0.6895762765460628,0.47569625314122854,-0.6895762765460628,0.47569625314122854,0.0,0.0,0.2400000000000002,,,0.2400000000000002,0.0,0.2400000000000002,0.0,0.22331640557032378
2026-03-30 12:51:45,Planta,BIM-09,8.46,0.6605682044134218,17.4,0.3779619850405653,2310,-0.391304347826087,0.792,0.9922639553599116,0.1149,1.0, ,4,0.2300000000000004,RAPIDO,PRODUCTO,2.0,4.009872685185186,0.23000000000000043,0.027946537059538423,8.23,7.99,,8.226666666666667,0.23501772982763194,8.226666666666667,0.23501772982763194,0.39723700029105596,1.5085071350164267,0.2633312041223658,-0.1511769700943879,,0.25757414614713325,0.4059032087475735,0.25757414614713325,0.4059032087475735,-0.10000000000000142,-0.005714285714285783,17.5,17.8,,17.566666666666666,0.20816659994661324,17.566666666666666,0.20816659994661324,0.27959906138743507,2.842524916943512,0.09836292365313024,-0.193392618664193,,0.0943107633431675,0.2856988550835277,0.0943107633431675,0.2856988550835277,-30.0,-0.012820512820512775,2340.0,2370.0,,2340.0,30.0,2340.0,30.0,-0.13043478260869568,0.5,-0.2608695652173913,-0.1304347826086956,,-0.2608695652173913,0.13043478260869568,-0.2608695652173913,0.13043478260869568,0.22999999999999998,0.4092526690391458,0.562,0.447,,0.6003333333333334,0.17566540163997385,0.6003333333333334,0.17566540163997385,1.345472185524779,-3.809288885756572,-0.3532082301648676,-1.025944322927258,,-0.128962865910738,1.027621355937495,-0.128962865910738,1.027621355937495,-0.009999999999999815,-0.04166666666666585,0.2400000000000002,0.2400000000000002,,0.23666666666666694,0.00577350269189615,0.23666666666666694,0.00577350269189615,0.11494029852313312
2026-03-31 14:47:22,Planta,BIM-09,8.29,0.3669582476765519,17.6,0.1713018092324595,2280,-0.5217391304347826,0.791,0.9864140762924126,-0.0012,1.0, ,5,-0.1700000000000017,ESTACIONARIO,OBSERVACION,3.0,5.090162037037037,-0.1700000000000017,-0.020094562647754333,8.46,8.23,7.99,8.326666666666666,0.1193035344544914,8.2425,0.194486503387768,-0.2936099567368699,-0.44448091018488045,0.6605682044134218,0.2633312041223658,-0.1511769700943879,0.43028588540411317,0.20605120935139887,0.2849201715294879,0.33590102262109944,0.20000000000000284,0.011494252873563315,17.4,17.5,17.8,17.5,0.09999999999999934,17.575,0.1707825127659934,-0.20666017580810578,-0.546775030261114,0.3779619850405653,0.09836292365313024,-0.193392618664193,0.21587557264205168,0.14503111414642864,0.1135585248154905,0.23642714695540812,-30.0,-0.012987012987012991,2310.0,2340.0,2370.0,2310.0,30.0,2325.0,38.72983346207417,-0.13043478260869562,0.33333333333333326,-0.391304347826087,-0.2608695652173913,-0.1304347826086956,-0.3913043478260869,0.13043478260869562,-0.32608695652173914,0.1683905802698877,-0.0010000000000000009,-0.0012626262626262985,0.792,0.562,0.447,0.715,0.13250283015845354,0.648,0.1722227240136059,-0.005849879067499009,-0.005895486816687945,0.9922639553599116,-0.3532082301648676,-1.025944322927258,0.5418232671624855,0.7751255325283182,0.14988136964004967,1.0074821081548577,-0.40000000000000213,-1.7391304347826149,0.2300000000000004,0.2400000000000002,0.2400000000000002,0.09999999999999964,0.23388031127053116,0.1349999999999998,0.20338797080129165,-0.0011695237434361761
2026-04-01 14:42:36,Planta,BIM-09,8.27,0.3324158998251566,17.7,0.1469888473726831,2280,-0.5217391304347826,0.868,1.436854764489838,0.0932,1.0, ,6,-0.01999999999999957,RAPIDO,PRODUCTO,4.0,6.0868518518518515,-0.019999999999999574,-0.0024125452352231624,8.29,8.46,8.23,8.340000000000002,0.10440306508910933,8.248000000000001,0.16887865466067706,-0.03454234785139526,-0.0941315478534821,0.3669582476765519,0.6605682044134218,0.2633312041223658,0.45331411730504345,0.18031634955299294,0.2944193171886217,0.29167326169824426,0.09999999999999787,0.005681818181818121,17.6,17.4,17.5,17.566666666666666,0.15275252316519394,17.6,0.1581138830084192,-0.024312961859776383,-0.1419305608546333,0.1713018092324595,0.3779619850405653,0.09836292365313024,0.23208421388190262,0.1269173869777625,0.12024458932692902,0.20529701448477325,0.0,0.0,2280.0,2310.0,2340.0,2290.0,17.320508075688775,2316.0,39.11521443121589,0.0,0.0,-0.5217391304347826,-0.391304347826087,-0.2608695652173913,-0.47826086956521735,0.07530655685082066,-0.3652173913043478,0.17006614970093867,0.07699999999999996,0.09734513274336276,0.791,0.792,0.562,0.8170000000000001,0.04417012565071522,0.692,0.17867708302969354,0.45044068819742533,0.4566446272649263,0.9864140762924126,0.9922639553599116,-0.3532082301648676,1.1385109320473874,0.25838989345292285,0.40727604861000727,1.0452393278571923,0.15000000000000213,-0.8823529411764743,-0.1700000000000017,0.2300000000000004,0.2400000000000002,0.01333333333333304,0.20207259421636997,0.10399999999999991,0.189288140146181,0.09320226364503978
2026-04-02 14:02:36,Planta,BIM-09,8.14,0.1078906387910835,16.9,-0.0110454047158657,2290,-0.4782608695652174,0.846,1.30815742500486,-0.0264,1.0, ,7,-0.129999999999999,DECLIVE,DESCARTE,5.0,7.059074074074074,-0.129999999999999,-0.015719467956469058,8.27,8.29,8.46,8.233333333333334,0.08144527815247364,8.278,0.11691877522451337,-0.2245252610340731,-0.6754347826086791,0.3324158998251566,0.3669582476765519,0.6605682044134218,0.26908826209759734,0.14066555643981646,0.34623283896571594,0.2019324502082148,-0.8000000000000007,-0.04519774011299438,17.7,17.6,17.4,17.4,0.4358898943540669,17.419999999999998,0.31144823004794786,-0.15803425208854882,-1.0751445086705158,0.1469888473726831,0.1713018092324595,0.3779619850405653,0.10241508396309233,0.09900879706899647,0.1567140321165945,0.14213208613626985,10.0,0.004385964912280604,2280.0,2280.0,2310.0,2283.3333333333335,5.773502691896192,2300.0,25.495097567963924,0.04347826086956519,-0.08333333333333326,-0.5217391304347826,-0.5217391304347826,-0.391304347826087,-0.5072463768115942,0.02510218561694025,-0.43478260869565216,0.11084825029549529,-0.02200000000000002,-0.025345622119815725,0.868,0.791,0.792,0.835,0.03966106403010348,0.7718,0.12201721190061664,-0.12869733948497797,-0.0895687877895387,1.436854764489838,0.9864140762924126,0.9922639553599116,1.2438087552623702,0.23201242826444346,0.8740963981964309,0.7137859337720123,-0.10999999999999943,5.50000000000009,-0.01999999999999957,-0.1700000000000017,0.2300000000000004,-0.10666666666666676,0.07767453465154114,0.030000000000000065,0.19506409203131195,-0.02640585091281629
2026-03-27 13:18:22,Planta,BIM-12,8.58,0.8678222915217971,17.1,0.5238397561992258,2210,-0.8260869565217391,0.552,-0.4117070208398581,-0.2211,1.0, ,0,-0.2599999999999998,DECLIVE,DESCARTE,0.0,0.0,,,,,,8.58,,8.58,,,,,,,0.8678222915217971,,0.8678222915217971,,,,,,,17.1,,17.1,,,,,,,0.5238397561992258,,0.5238397561992258,,,,,,,2210.0,,2210.0,,,,,,,-0.8260869565217391,,-0.8260869565217391,,,,,,,0.552,,0.552,,,,,,,-0.4117070208398581,,-0.4117070208398581,,,,,,,-0.2599999999999998,,-0.2599999999999998,,
2026-03-30 12:58:38,Planta,BIM-12,8.32,0.4187717694536481,16.8,0.2077712520221262,2240,-0.6956521739130435,0.655,0.190830523112543,0.0573,1.0, ,2,-0.2599999999999998,MODERADO,OBSERVACION,1.0,2.9862962962962962,-0.2599999999999998,-0.030303030303030276,8.58,,,8.45,0.18384776310850157,8.45,0.18384776310850157,-0.44905052206814905,-0.5174452493962818,0.8678222915217971,,,0.6432970304877226,0.3175266692497476,0.6432970304877226,0.3175266692497476,-0.3000000000000007,-0.01754385964912286,17.1,,,16.950000000000003,0.21213203435596603,16.950000000000003,0.21213203435596603,-0.31606850417709964,-0.6033686837180281,0.5238397561992258,,,0.365805504110676,0.2234941826231158,0.365805504110676,0.2234941826231158,30.0,0.013574660633484115,2210.0,,,2225.0,21.213203435596427,2225.0,21.213203435596427,0.13043478260869568,-0.1578947368421053,-0.8260869565217391,,,-0.7608695652173914,0.09223131928520191,-0.7608695652173914,0.09223131928520191,0.10299999999999998,0.18659420289855078,0.552,,,0.6035,0.07283199846221437,0.6035,0.07283199846221437,0.6025375439524011,-1.4635104903561273,-0.4117070208398581,,,-0.11043824886365755,0.42605838324823025,-0.11043824886365755,0.42605838324823025,0.0,0.0,-0.2599999999999998,,,-0.2599999999999998,0.0,-0.2599999999999998,0.0,0.05729076166030298
2026-03-31 14:50:32,Planta,BIM-12,8.03,-0.08209227439159719,16.9,-0.1447666949446402,2230,-0.7391304347826086,0.583,-0.2303607697473883,-0.1081,1.0, ,4,-0.2900000000000009,DECLIVE,DESCARTE,2.0,4.06400462962963,-0.2900000000000009,-0.034855769230769384,8.32,8.58,,8.31,0.2751363298439516,8.31,0.2751363298439516,-0.5008640438452453,-1.1960310612596907,0.4187717694536481,0.8678222915217971,,0.40150059552794937,0.4751927406013131,0.40150059552794937,0.4751927406013131,0.09999999999999787,0.005952380952380931,16.8,17.1,,16.933333333333334,0.15275252316519625,16.933333333333334,0.15275252316519625,-0.35253794696676644,-1.6967599874174293,0.2077712520221262,0.5238397561992258,,0.19561477109223727,0.33446895468675086,0.19561477109223727,0.33446895468675086,-10.0,-0.004464285714285698,2240.0,2210.0,,2226.6666666666665,15.27525231651948,2226.6666666666665,15.27525231651948,-0.04347826086956519,0.0625,-0.6956521739130435,-0.8260869565217391,,-0.753623188405797,0.06641414050660643,-0.753623188405797,0.06641414050660643,-0.07200000000000006,-0.1099236641221375,0.655,0.552,,0.5966666666666667,0.052842533373536636,0.5966666666666667,0.052842533373536636,-0.4211912928599313,-2.2071484476911074,0.190830523112543,-0.4117070208398581,,-0.1504124224915678,0.30912242985547145,-0.1504124224915678,0.30912242985547145,-0.030000000000001137,0.11538461538461986,-0.2599999999999998,-0.2599999999999998,,-0.2700000000000002,0.017320508075689422,-0.2700000000000002,0.017320508075689422,-0.10805154389461552
2026-04-01 14:49:40,Planta,BIM-12,7.98,-0.1684481440200856,17.2,-0.2055490995940812,2230,-0.7391304347826086,0.674,0.3019782253950249,0.1451,1.0, ,5,-0.04999999999999893,RAPIDO,INOCULO_CLIENTE,3.0,5.063402777777778,-0.049999999999998934,-0.0062266500622664145,8.03,8.32,8.58,8.110000000000001,0.1835755975068543,8.2275,0.27873224906111277,-0.0863558696284884,1.0519366197183548,-0.08209227439159719,0.4187717694536481,0.8678222915217971,0.05607711701398843,0.3170566073054893,0.25901341064094063,0.4814033152235483,0.3000000000000007,0.01775147928994092,16.9,16.8,17.1,16.966666666666665,0.2081665999466124,17.0,0.1825741858350559,-0.06078240464944101,0.41986455981940196,-0.1447666949446402,0.2077712520221262,0.5238397561992258,-0.047514847505531733,0.22316332502850025,0.09532380342065766,0.3388403270256349,0.0,0.0,2230.0,2240.0,2210.0,2233.3333333333335,5.773502691896487,2227.5,12.583057392117931,0.0,0.0,-0.7391304347826086,-0.6956521739130435,-0.8260869565217391,-0.7246376811594203,0.025102185616940415,-0.75,0.05470894518312142,0.09100000000000008,0.15608919382504305,0.583,0.655,0.552,0.6373333333333333,0.048003472096644614,0.616,0.05793674711844521,0.5323389951424132,-2.3108925869894064,-0.2303607697473883,0.190830523112543,-0.4117070208398581,0.08748265958672652,0.2808145065854356,-0.03731476051991964,0.33892296420717793,0.240000000000002,-0.8275862068965559,-0.2900000000000009,-0.2599999999999998,-0.2599999999999998,-0.19999999999999987,0.1307669683062211,-0.21499999999999986,0.11090536506409485,0.1451302714844675
2026-04-02 14:09:21,Planta,BIM-12,7.99,-0.1511769700943879,16.8,-0.193392618664193,2240,-0.6956521739130435,0.657,0.2025302812475411,-0.0263,1.0, ,6,0.009999999999999787,DECLIVE,DESCARTE,4.0,6.035405092592592,0.009999999999999787,0.0012531328320801727,7.98,8.03,8.32,8.0,0.026457513110600475,8.18,0.26372333988481106,0.017271173925697686,-0.10253110253110465,-0.1684481440200856,-0.08209227439159719,0.4187717694536481,-0.13390579616869022,0.04569523105753912,0.1769753344938749,0.45548116714165693,-0.3999999999999986,-0.023255813953488302,17.2,16.9,16.8,16.966666666666665,0.2081665999466124,16.96,0.18165902124584984,0.01215648092988822,-0.05914149443561112,-0.2055490995940812,-0.1447666949446402,0.2077712520221262,-0.1812361377343048,0.03216302535818325,0.03758051900368753,0.3205947752076208,10.0,0.004484304932735439,2230.0,2230.0,2240.0,2233.3333333333335,5.773502691896192,2230.0,12.247448713915903,0.04347826086956519,-0.05882352941176472,-0.7391304347826086,-0.7391304347826086,-0.6956521739130435,-0.7246376811594203,0.02510218561694025,-0.7391304347826086,0.05324977701702564,-0.017000000000000015,-0.02522255192878342,0.674,0.583,0.655,0.638,0.048383881613611825,0.6242,0.053420033695234626,-0.09944794414748379,-0.32932157282994023,0.3019782253950249,-0.2303607697473883,0.190830523112543,0.09138257896505923,0.28303985625581957,0.010654247833572512,0.3125007368988464,0.059999999999998714,-1.2,-0.04999999999999893,-0.2900000000000009,-0.2599999999999998,-0.11000000000000003,0.1587450786638761,-0.16999999999999993,0.13910427743243586,-0.026281925504018585
2026-04-06 15:22:03,Planta,BIM-12,7.55,-0.9111086228251031,16.3,-0.7282777795792856,2400,0.0,0.667,0.2610290719225316,0.0038,1.0, ,10,-0.4400000000000004,ESTACIONARIO,OBSERVACION,5.0,10.085891203703703,-0.4400000000000004,-0.05506883604505641,7.99,7.98,8.03,7.84,0.25119713374160213,7.974000000000001,0.2751908428709059,-0.7599316527307152,5.026768642447649,-0.1511769700943879,-0.1684481440200856,-0.08209227439159719,-0.41024457897985883,0.4338469386488177,-0.17881084837550515,0.4752868909982875,-0.5,-0.029761904761904767,16.8,17.2,16.9,16.76666666666667,0.45092497528229014,16.8,0.32403703492039315,-0.5348851609150926,2.7657992565055824,-0.193392618664193,-0.2055490995940812,-0.1447666949446402,-0.3757398326125199,0.3053673165972518,-0.21284298815201477,0.33453522334401087,160.0,0.0714285714285714,2240.0,2230.0,2230.0,2290.0,95.39392014169455,2268.0,73.95944834840239,0.6956521739130435,-1.0,-0.6956521739130435,-0.7391304347826086,-0.7391304347826086,-0.47826086956521746,0.41475617452910685,-0.5739130434782609,0.32156281890609734,0.010000000000000009,0.015220700152207112,0.657,0.674,0.583,0.666,0.00854400374531765,0.6472,0.036704223190254355,0.0584987906749905,0.2888397246804333,0.2025302812475411,0.3019782253950249,-0.2303607697473883,0.2551791928550325,0.049981388662366656,0.14520146638605044,0.2147152669294816,-0.4500000000000002,-45.00000000000098,0.009999999999999787,-0.04999999999999893,-0.2900000000000009,-0.15999999999999984,0.24433583445741272,-0.20600000000000004,0.1842009771961054,0.0037294356817013006
2026-04-07 15:18:02,Planta,BIM-12,7.32,-1.308345623116158,16.0,-1.00787684096672,2410,0.04347826086956522,0.637,0.08553269989756018,-0.0461,1.0, ,11,-0.2299999999999995,DECLIVE,DESCARTE,6.0,11.083101851851852,-0.22999999999999954,-0.030463576158940353,7.55,7.99,7.98,7.62,0.3404408906109759,7.774000000000001,0.3205152102475006,-0.397237000291055,0.4359930203045712,-0.9111086228251031,-0.1511769700943879,-0.1684481440200856,-0.7902104053452165,0.5879813833161854,-0.5242343268894664,0.5535673942016276,-0.3000000000000007,-0.018404907975460127,16.3,16.8,17.2,16.366666666666667,0.40414518843274383,16.639999999999997,0.48270073544588715,-0.2795990613874344,0.3839181548954498,-0.7282777795792856,-0.193392618664193,-0.2055490995940812,-0.6431824130700662,0.4138563194466671,-0.45597260674978396,0.389633704111294,10.0,0.004166666666666652,2400.0,2240.0,2230.0,2350.0,95.39392014169455,2302.0,94.18067742376883,0.04347826086956522,,0.0,-0.6956521739130435,-0.7391304347826086,-0.21739130434782608,0.4147561745291069,-0.42608695652173906,0.40948120619029926,-0.030000000000000027,-0.04497751124437788,0.667,0.657,0.674,0.6536666666666667,0.015275252316519557,0.6436000000000001,0.036630588310863986,-0.17549637202497143,-0.6723250047682634,0.2610290719225316,0.2025302812475411,0.3019782253950249,0.18303068435587763,0.08935837877717367,0.12414190174305388,0.21428451178989807,0.21000000000000088,-0.47727272727272885,-0.4400000000000004,0.009999999999999787,-0.04999999999999893,-0.22000000000000006,0.22516660498395413,-0.2,0.182482875908947,-0.04614911646693877
2026-04-08 14:40:56,Planta,BIM-12,7.5,-0.9974644924535931,15.3,-0.7890601842287278,2420,0.08695652173913043,0.669,0.2727288300575296,0.0503,1.0, ,12,0.1799999999999997,MODERADO,INOCULO_CLIENTE,7.0,12.057337962962963,0.17999999999999972,0.024590163934426146,7.32,7.55,7.99,7.456666666666667,0.12096831541079828,7.668000000000001,0.3017780641464844,0.31088113066256495,-0.23761391880696048,-1.308345623116158,-0.9111086228251031,-0.1511769700943879,-1.0723062461316182,0.20892648149590953,-0.7073087705018656,0.5212061432834411,-0.6999999999999993,-0.043749999999999956,16.0,16.3,16.8,15.866666666666665,0.5131601439446978,16.32,0.7328028384224521,0.21881665673799222,-0.21710654302574406,-1.00787684096672,-0.7282777795792856,-0.193392618664193,-0.8417382682582445,0.14705490194124465,-0.5848313046066015,0.36685592818554025,10.0,0.004149377593360981,2410.0,2400.0,2240.0,2410.0,9.99999999999991,2340.0,96.17692030835673,0.04347826086956521,0.9999999999999998,0.04347826086956522,0.0,-0.6956521739130435,0.043478260869565216,0.043478260869566576,-0.2608695652173913,0.41816052307981183,0.03200000000000003,0.050235478806907485,0.637,0.667,0.657,0.6576666666666667,0.017925772879665066,0.6608,0.014669696656714018,0.18719613015996944,2.1885913853317893,0.08553269989756018,0.2610290719225316,0.2025302812475411,0.2064302006258738,0.10486360353749449,0.2247598217040375,0.08581595139867085,0.4099999999999992,-1.7826086956521743,-0.2299999999999995,-0.4400000000000004,0.009999999999999787,-0.1633333333333334,0.3153305144341938,-0.10599999999999987,0.23733941939762135,0.05031060129783585
2026-04-09 16:39:17,Planta,BIM-12,7.33,-1.29107444919046,15.3,-0.9957203600368315,2450,0.2173913043478261,0.652,0.1732808859100459,-0.025,1.0, ,13,-0.1699999999999999,DECLIVE,DESCARTE,8.0,13.139525462962963,-0.16999999999999993,-0.022666666666666613,7.5,7.32,7.55,7.383333333333333,0.10115993936991999,7.537999999999999,0.272341697137988,-0.29360995673686685,0.29435629935521446,-0.9974644924535931,-1.308345623116158,-0.9111086228251031,-1.198961521586737,0.1747150907171598,-0.9318340315359406,0.470366081848999,0.0,0.0,15.3,16.0,16.3,15.533333333333333,0.40414518843275393,15.940000000000001,0.6503845016603689,-0.2066601758081037,0.2619067340346226,-0.7890601842287278,-1.00787684096672,-0.7282777795792856,-0.9308857950774264,0.12297488738195463,-0.7428655566951516,0.3310716647671419,30.0,0.012396694214876103,2420.0,2410.0,2400.0,2426.6666666666665,20.816659994661347,2384.0,82.64381404557754,0.13043478260869568,1.5000000000000004,0.08695652173913043,0.04347826086956522,0.0,0.11594202898550725,0.09050721736809346,-0.06956521739130435,0.3593209306329459,-0.017000000000000015,-0.025411061285500747,0.669,0.637,0.667,0.6526666666666666,0.016010413278030513,0.6564,0.012915107432770571,-0.09944794414748373,-0.3646403797006209,0.2727288300575296,0.08553269989756018,0.2610290719225316,0.17718080528837857,0.09365898149715914,0.1990203538070417,0.07555181662546469,-0.3499999999999996,-1.9444444444444455,0.1799999999999997,-0.2299999999999995,-0.4400000000000004,-0.07333333333333324,0.2214347157365646,-0.13000000000000006,0.2363260459619294,-0.02378469368900999
2026-04-10 15:28:16,Planta,BIM-12,7.42,-1.135633883859178,15.4,-0.8863120316678356,2420,0.08695652173913043,0.647,0.1440314905725506,-0.0081,1.0, ,14,0.08999999999999986,ESTACIONARIO,INOCULO_CLIENTE,9.0,14.090208333333333,0.08999999999999986,0.012278308321964415,7.33,7.5,7.32,7.416666666666667,0.08504900548111154,7.4239999999999995,0.10163660757817347,0.15544056533128203,-0.12039628344341224,-1.29107444919046,-0.9974644924535931,-1.308345623116158,-1.1413909418344106,0.14688961658726585,-1.1287254142888983,0.1755383526700584,0.09999999999999964,0.006535947712418277,15.3,15.3,16.0,15.333333333333334,0.05773502691896237,15.660000000000002,0.4615192303685828,0.10940832836899594,-0.10987856908434512,-0.9957203600368315,-0.7890601842287278,-1.00787684096672,-0.8903641919777984,0.10338966132376184,-0.8814494392958802,0.12355434818026419,-30.0,-0.01224489795918371,2450.0,2420.0,2410.0,2430.0,17.320508075688853,2420.0,18.708286933869708,-0.13043478260869568,-0.6000000000000001,0.2173913043478261,0.08695652173913043,0.04347826086956522,0.13043478260869565,0.07530655685082163,0.08695652173913045,0.08134037797334685,-0.0050000000000000044,-0.0076687116564416735,0.652,0.669,0.637,0.656,0.011532562594670864,0.6544000000000001,0.013557285864066064,-0.029249395337495293,-0.16879758655365673,0.1732808859100459,0.2727288300575296,0.08553269989756018,0.19668040218004204,0.06746409651718732,0.18732059567204357,0.07930848278829966,0.2599999999999998,-1.5294117647058818,-0.1699999999999999,0.1799999999999997,-0.2299999999999995,0.033333333333333215,0.18175074506954098,-0.11400000000000006,0.25045957757690157,-0.00809761873878429
2026-04-13 15:44:57,Planta,BIM-12,7.2,-1.515599710224534,16.5,-1.153754612125381,2420,0.08695652173913043,0.66,0.2200799184500382,0.0066,1.0, ,17,-0.2199999999999998,ESTACIONARIO,OBSERVACION,10.0,17.10179398148148,-0.21999999999999975,-0.029649595687331498,7.42,7.33,7.5,7.316666666666666,0.11060440015354468,7.354000000000001,0.11304866208849908,-0.37996582636535603,0.33458479160038257,-1.135633883859178,-1.29107444919046,-0.9974644924535931,-1.3141026810913907,0.19102678319999913,-1.2496236317687845,0.1952483104997957,1.0999999999999996,0.0714285714285714,15.4,15.3,15.3,15.733333333333334,0.6658328118479384,15.7,0.5338539126015736,-0.26744258045754543,0.30174765872723164,-0.8863120316678356,-0.9957203600368315,-0.7890601842287278,-1.0119290012766826,0.13445602812287424,-0.9665448058050992,0.13742739048282576,0.0,0.0,2420.0,2450.0,2420.0,2430.0,17.320508075688853,2424.0,15.165750888103101,0.0,0.0,0.08695652173913043,0.2173913043478261,0.08695652173913043,0.13043478260869568,0.07530655685082163,0.10434782608695652,0.06593804733957909,0.013000000000000012,0.020092735703245657,0.647,0.652,0.669,0.653,0.006557438524302096,0.653,0.0122270192606377,0.07604842787748758,0.5279986173522309,0.1440314905725506,0.1732808859100459,0.2727288300575296,0.17913076497754488,0.038360222359726366,0.17913076497754493,0.07152658403071094,-0.30999999999999966,-3.444444444444446,0.08999999999999986,-0.1699999999999999,0.1799999999999997,-0.09999999999999994,0.16643316977093223,-0.06999999999999992,0.19118054294305134,0.00660566985096482
2026-04-14 15:16:37,Planta,BIM-12,7.22,-1.481057362373139,17.9,-1.129441650265605,2400,0.0,0.66,0.2200799184500382,0.0,1.0, ,18,0.01999999999999957,ESTACIONARIO,INOCULO_CLIENTE,11.0,18.082118055555554,0.019999999999999574,0.002777777777777768,7.2,7.42,7.33,7.28,0.12165525060593102,7.3340000000000005,0.12837445228704836,0.034542347851395094,-0.022791207743288466,-1.515599710224534,-1.135633883859178,-1.29107444919046,-1.3774303188189503,0.21011289921899967,-1.2841659796201808,0.22171774930658578,1.3999999999999986,0.08484848484848473,16.5,15.4,15.3,16.599999999999998,1.2529964086141645,16.080000000000002,1.136661779070628,0.02431296185977594,-0.021072905455162605,-1.153754612125381,-0.8863120316678356,-0.9957203600368315,-1.0565027646862737,0.14788997340122,-0.9908577676648763,0.15605815811123924,-20.0,-0.008264462809917328,2420.0,2420.0,2450.0,2413.3333333333335,11.54700538379258,2422.0,17.88854381999832,-0.08695652173913043,-1.0,0.08695652173913043,0.08695652173913043,0.2173913043478261,0.057971014492753624,0.050204371233880496,0.09565217391304348,0.07777627747825389,0.0,0.0,0.66,0.647,0.652,0.6556666666666667,0.007505553499465246,0.6576000000000001,0.008443932733034122,0.0,0.0,0.2200799184500382,0.1440314905725506,0.1732808859100459,0.19473044249087568,0.043906580306515536,0.2060402086880405,0.04939598534234465,0.23999999999999938,-1.090909090909089,-0.2199999999999998,0.08999999999999986,-0.1699999999999999,-0.03666666666666679,0.16258331197676243,-0.02000000000000012,0.17044060549059292,0.0
2026-04-15 15:12:47,Planta,BIM-12,7.0,-1.861023188738496,17.9,-1.396884230723151,2420,0.08695652173913043,0.685,0.3663268951375144,0.0373,1.0, ,19,-0.2199999999999998,MODERADO,OBSERVACION,12.0,19.079456018518517,-0.21999999999999975,-0.030470914127423754,7.22,7.2,7.42,7.14,0.12165525060592706,7.234,0.15805062480104148,-0.37996582636535714,0.256550378141011,-1.481057362373139,-1.515599710224534,-1.135633883859178,-1.619226753778723,0.21011289921900064,-1.4568777188771613,0.27297198300040526,0.0,0.0,17.9,16.5,15.4,17.433333333333334,0.80829037686547,16.6,1.2767145334803713,-0.267442580457546,0.23679185232336075,-1.129441650265605,-1.153754612125381,-0.8863120316678356,-1.2266934977047124,0.1478899734012203,-1.1124225769637608,0.19213394063508316,20.0,0.008333333333333304,2400.0,2420.0,2420.0,2413.3333333333335,11.54700538379258,2422.0,17.88854381999832,0.08695652173913043,,0.0,0.08695652173913043,0.08695652173913043,0.057971014492753624,0.050204371233880496,0.09565217391304348,0.07777627747825389,0.025000000000000022,0.037878787878787845,0.66,0.66,0.647,0.6683333333333333,0.014433756729740673,0.6608,0.014618481453283896,0.1462469766874762,0.6645175885080887,0.2200799184500382,0.2200799184500382,0.1440314905725506,0.26882891067919695,0.0844357313586833,0.22475982170403747,0.08551634865218752,-0.23999999999999938,-12.000000000000227,0.01999999999999957,-0.2199999999999998,0.08999999999999986,-0.14,0.1385640646055098,-0.1,0.14508618128546888,0.037278239295434015
2026-04-16 15:02:28,Planta,BIM-12,7.0,-1.861023188738496,16.1,-1.396884230723151,2440,0.1739130434782609,0.579,-0.2537602860173845,-0.1693,1.0, ,20,0.0,DECLIVE,DESCARTE,13.0,20.07229166666667,0.0,0.0,7.0,7.22,7.2,7.073333333333333,0.12701705922168025,7.167999999999999,0.17584083712266496,0.0,0.0,-1.861023188738496,-1.481057362373139,-1.515599710224534,-1.734367913283377,0.21937337213489855,-1.5708674667867686,0.3036977681185906,-1.7999999999999972,-0.10055865921787699,17.9,17.9,16.5,17.3,1.0392304845413252,16.759999999999998,1.1126544836560908,0.0,0.0,-1.396884230723151,-1.129441650265605,-1.153754612125381,-1.3077367039039691,0.1544080458199317,-1.1926553511010247,0.21376057831773132,20.0,0.008264462809917328,2420.0,2400.0,2420.0,2420.0,20.000000000000057,2420.0,14.142135623730951,0.08695652173913046,1.0000000000000004,0.08695652173913043,0.0,0.08695652173913043,0.08695652173913045,0.08695652173913045,0.08695652173913043,0.06148754619013497,-0.1060000000000001,-0.15474452554744533,0.685,0.66,0.66,0.6413333333333333,0.05541058863911604,0.6462,0.04000874904317813,-0.6200871811548989,-1.6927154117966854,0.3663268951375144,0.2200799184500382,0.2200799184500382,0.11088217585672272,0.3241452425977653,0.1393515873185514,0.23404634354450973,0.2199999999999998,-1.0,-0.2199999999999998,0.01999999999999957,-0.2199999999999998,-0.06666666666666675,0.13316656236958763,-0.06600000000000003,0.14449913494550737,-0.16932949678308057
2026-04-20 21:19:58,Planta,BIM-12,6.95,-1.947379058366986,15.3,-1.457666635372592,2460,0.2608695652173913,0.62,-0.0139152442499236,0.0161,1.0, ,24,-0.04999999999999982,ESTACIONARIO,OBSERVACION,14.0,24.334444444444443,-0.04999999999999982,-0.0071428571428571175,7.0,7.0,7.22,6.983333333333334,0.028867513459481187,7.074000000000001,0.12601587201618558,-0.08635586962849007,0.0464023608899935,-1.861023188738496,-1.861023188738496,-1.481057362373139,-1.8898084786146594,0.049857584576112966,-1.73321650168833,0.2176442042990065,-0.8000000000000007,-0.049689440993788914,16.1,17.9,17.9,16.433333333333334,1.331665623695878,16.740000000000002,1.1436782764396645,-0.06078240464944096,0.043512843306975135,-1.396884230723151,-1.396884230723151,-1.129441650265605,-1.4171450322729646,0.035092737686347526,-1.306926271841976,0.15319095450280376,20.0,0.008196721311475308,2440.0,2420.0,2400.0,2440.0,20.000000000000057,2428.0,22.80350850198276,0.0869565217391304,0.4999999999999998,0.1739130434782609,0.08695652173913043,0.0,0.17391304347826086,0.08695652173913045,0.12173913043478261,0.09914568913905573,0.041000000000000036,0.0708117443868741,0.579,0.685,0.66,0.628,0.05345091205957107,0.6408,0.041661733041245506,0.23984504176746088,-0.9451638218559925,-0.2537602860173845,0.3663268951375144,0.2200799184500382,0.03288378829006877,0.3126813715960171,0.10776224035405654,0.24371610003371494,-0.04999999999999982,,0.0,-0.2199999999999998,0.01999999999999957,-0.08999999999999987,0.11532562594670788,-0.09399999999999997,0.11781341180018497,0.016052216809978783
2026-03-23 14:27:00,Planta,BIM-13,8.53,0.7814664218933056,17.1,0.4630573515497827,2660,1.130434782608696,0.4,-1.300888639099712,-0.1251,1.0, ,0,-0.02999999999999936,DECLIVE,DESCARTE,0.0,0.0,,,,,,8.53,,8.53,,,,,,,0.7814664218933056,,0.7814664218933056,,,,,,,17.1,,17.1,,,,,,,0.4630573515497827,,0.4630573515497827,,,,,,,2660.0,,2660.0,,,,,,,1.130434782608696,,1.130434782608696,,,,,,,0.4,,0.4,,,,,,,-1.300888639099712,,-1.300888639099712,,,,,,,-0.02999999999999936,,-0.02999999999999936,,
2026-03-24 13:27:00,Planta,BIM-13,8.5,0.7296529001162126,17.7,0.4265879087601182,2610,0.9130434782608695,0.497,-0.7334503695523056,0.2265,1.0, ,0,-0.02999999999999936,RAPIDO,CRECIMIENTO,1.0,0.9583333333333334,-0.02999999999999936,-0.003516998827666984,8.53,,,8.515,0.0212132034355966,8.515,0.0212132034355966,-0.051813521777092975,-0.06630294063251141,0.7814664218933056,,,0.7555596610047591,0.0366376926057393,0.7555596610047591,0.0366376926057393,0.5999999999999979,0.0350877192982455,17.1,,,17.4,0.4242640687119283,17.4,0.4242640687119283,-0.03646944278966452,-0.07875793930839625,0.4630573515497827,,,0.4448226301549505,0.02578779030266664,0.4448226301549505,0.02578779030266664,-50.0,-0.018796992481203034,2660.0,,,2635.0,35.35533905932738,2635.0,35.35533905932738,-0.2173913043478265,-0.19230769230769262,1.130434782608696,,,1.0217391304347827,0.15371886547533667,1.0217391304347827,0.15371886547533667,0.09699999999999998,0.24249999999999994,0.4,,,0.4485,0.06858935777509509,0.4485,0.06858935777509509,0.5674382695474065,-0.43619280889416145,-1.300888639099712,,,-1.017169504326009,0.40123944830173125,-1.017169504326009,0.40123944830173125,0.0,0.0,-0.02999999999999936,,,-0.02999999999999936,0.0,-0.02999999999999936,0.0,0.2265657172055444
2026-03-25 12:21:00,Planta,BIM-13,8.65,0.9887205090016841,17.4,0.6089351227084454,2580,0.782608695652174,0.524,-0.5755036347298313,0.0555,1.0, ,1,0.1500000000000004,MODERADO,INOCULO_CLIENTE,2.0,1.9125,0.15000000000000036,0.01764705882352935,8.5,8.53,,8.56,0.07937253933193762,8.56,0.07937253933193762,0.2590676088854714,0.35505595721501204,0.7296529001162126,0.7814664218933056,,0.8332799436704007,0.13708569317262115,0.8332799436704007,0.13708569317262115,-0.3000000000000007,-0.016949152542372947,17.7,17.1,,17.400000000000002,0.2999999999999998,17.400000000000002,0.2999999999999998,0.1823472139483272,0.4274551861498399,0.4265879087601182,0.4630573515497827,,0.4995267943394488,0.0964890760745526,0.4995267943394488,0.0964890760745526,-30.0,-0.011494252873563204,2610.0,2660.0,,2616.6666666666665,40.414518843273754,2616.6666666666665,40.414518843273754,-0.13043478260869557,-0.1428571428571428,0.9130434782608695,1.130434782608696,,0.9420289855072465,0.1757152993185819,0.9420289855072465,0.1757152993185819,0.027000000000000024,0.05432595573440646,0.497,0.4,,0.4736666666666667,0.0652099174461472,0.4736666666666667,0.0652099174461472,0.15794673482247423,-0.2153475427640511,-0.7334503695523056,-1.300888639099712,,-0.8699475477939497,0.3814701310615569,-0.8699475477939497,0.3814701310615569,0.17999999999999977,-6.00000000000012,-0.02999999999999936,-0.02999999999999936,,0.030000000000000564,0.10392304845413251,0.030000000000000564,0.10392304845413251,0.055442785912049035
2026-03-26 12:49:00,Planta,BIM-13,8.78,1.213245770035757,16.6,0.766969374796994,2540,0.6086956521739131,0.487,-0.791949160227296,-0.0718,1.0, ,2,0.129999999999999,DECLIVE,DESCARTE,3.0,2.9319444444444445,0.129999999999999,0.015028901734103872,8.65,8.5,8.53,8.643333333333333,0.14011899704655673,8.615,0.12767145334803653,0.224525261034073,0.22708668323344194,0.9887205090016841,0.7296529001162126,0.7814664218933056,0.9772063930512179,0.242001956828547,0.9282714002617398,0.22050358761205915,-0.7999999999999972,-0.045977011494252706,17.4,17.7,17.1,17.233333333333334,0.5686240703077309,17.2,0.46904157598234164,0.1580342520885486,0.25952559836857114,0.6089351227084454,0.4265879087601182,0.4630573515497827,0.6008308020885192,0.17033539155115746,0.5663874394538351,0.1552035587916554,-40.0,-0.015503875968992276,2580.0,2610.0,2660.0,2576.6666666666665,35.118845842842276,2597.5,50.579969684978344,-0.17391304347826086,-0.2222222222222222,0.782608695652174,0.9130434782608695,1.130434782608696,0.7681159420289855,0.15269063409931494,0.8586956521739131,0.21991291167381918,-0.03700000000000003,-0.07061068702290085,0.524,0.497,0.4,0.5026666666666667,0.01913983629327417,0.477,0.053659419800565614,-0.21644552549746465,0.3760975820753494,-0.5755036347298313,-0.7334503695523056,-1.300888639099712,-0.7003010548364776,0.11196572768738339,-0.8504479509022862,0.31390111666547227,-0.020000000000001406,-0.1333333333333423,0.1500000000000004,-0.02999999999999936,-0.02999999999999936,0.08333333333333336,0.09865765724632448,0.055000000000000174,0.09848857801796057,-0.07183085026115228
2026-03-27 13:20:00,Planta,BIM-13,8.75,1.161432248258664,16.2,0.7304999320073295,2530,0.5652173913043478,0.544,-0.4585060533798505,0.1084,1.0, ,3,-0.02999999999999936,RAPIDO,INOCULO_CLIENTE,4.0,3.953472222222222,-0.02999999999999936,-0.003416856492027276,8.78,8.65,8.5,8.726666666666667,0.06806859285553572,8.642,0.12597618822618786,-0.051813521777092975,-0.04270653404014413,1.213245770035757,0.9887205090016841,0.7296529001162126,1.1211328424320348,0.11756245060855587,0.9749035698611246,0.2175756657350972,-0.40000000000000213,-0.024096385542168752,16.6,17.4,17.7,16.73333333333333,0.6110100926607747,17.0,0.604152298679728,-0.036469442789664464,-0.04755006391137506,0.766969374796994,0.6089351227084454,0.4265879087601182,0.7021348098375896,0.08274745509727119,0.5992099379645339,0.15314271297916948,-10.0,-0.003937007874015741,2540.0,2580.0,2610.0,2550.0,26.457513110645582,2584.0,53.19774431308151,-0.0434782608695653,-0.07142857142857151,0.6086956521739131,0.782608695652174,0.9130434782608695,0.6521739130434782,0.11503266569846035,0.8,0.23129454049165898,0.05700000000000005,0.11704312114989746,0.487,0.524,0.497,0.5183333333333334,0.02891942830232544,0.4904,0.05529285668149188,0.3334431068474455,-0.42104105110957446,-0.791949160227296,-0.5755036347298313,-0.7334503695523056,-0.6086529494456593,0.16917515826981264,-0.7720595713977991,0.32345652488328375,-0.15999999999999837,-1.2307692307692277,0.129999999999999,0.1500000000000004,-0.02999999999999936,0.08333333333333336,0.09865765724632447,0.03800000000000027,0.09338094023942954,0.10835253448921024
2026-03-30 13:02:00,Planta,BIM-13,8.21,0.2287888562709704,17.1,0.07404996179335385,2600,0.8695652173913043,0.446,-1.031794201994757,-0.0665,1.0, ,6,-0.5399999999999991,DECLIVE,DESCARTE,5.0,6.940972222222222,-0.5399999999999991,-0.06171428571428561,8.75,8.78,8.65,8.58,0.32078029864690843,8.578,0.23295922389980533,-0.9326433919876937,-0.803011448481826,1.161432248258664,1.213245770035757,0.9887205090016841,0.8678222915217972,0.5540252329868115,0.8643680567366576,0.402347927356918,0.9000000000000021,0.05555555555555558,16.2,16.6,17.4,16.633333333333333,0.4509249752822848,17.0,0.604152298679728,-0.6564499702139757,-0.8986311174733814,0.7304999320073295,0.766969374796994,0.6089351227084454,0.5238397561992257,0.3899559583185062,0.5214084600132483,0.28319643627796026,70.0,0.027667984189723382,2530.0,2540.0,2580.0,2556.6666666666665,37.85938897200166,2572.0,35.63705936241087,0.30434782608695654,0.5384615384615385,0.5652173913043478,0.6086956521739131,0.782608695652174,0.6811594202898551,0.16460603900870352,0.7478260869565216,0.15494373635830827,-0.09800000000000003,-0.18014705882352944,0.544,0.487,0.524,0.49233333333333335,0.04921720566360237,0.49960000000000004,0.03743394181755378,-0.5732881486149065,1.250339323524622,-0.4585060533798505,-0.791949160227296,-0.5755036347298313,-0.7607498052006346,0.2879147011723032,-0.7182406839768081,0.2189840326524851,-0.5099999999999998,17.000000000000355,-0.02999999999999936,0.129999999999999,0.1500000000000004,-0.1466666666666665,0.3499047489436701,-0.0639999999999997,0.27942798714516726,-0.06648712797853676
2026-03-31 14:51:00,Planta,BIM-13,8.15,0.1251618127167812,17.1,0.001111076214022485,2550,0.6521739130434783,0.539,-0.4877554487173457,0.176,1.0, ,8,-0.0600000000000005,RAPIDO,INOCULO_CLIENTE,6.0,8.016666666666667,-0.0600000000000005,-0.0073081607795372205,8.21,8.75,8.78,8.37,0.3304542328371682,8.508,0.30400657887618104,-0.1036270435541892,-0.452937460517992,0.2287888562709704,1.161432248258664,1.213245770035757,0.5051276390821385,0.5707332529813811,0.7434698392567712,0.525055049832697,0.0,0.0,17.1,16.2,16.6,16.8,0.5196152422706598,16.880000000000003,0.4764451699828635,-0.07293888557933137,-0.984995586937329,0.07404996179335385,0.7304999320073295,0.766969374796994,0.26855365667156866,0.4017160579685926,0.436313093504029,0.36956501786689266,-50.0,-0.019230769230769273,2600.0,2530.0,2540.0,2560.0,36.05551275463975,2560.0,29.15475947422643,-0.21739130434782605,-0.25,0.8695652173913043,0.5652173913043478,0.6086956521739131,0.6956521739130435,0.15676309893321688,0.6956521739130436,0.12675982380098472,0.09300000000000003,0.20852017937219736,0.446,0.544,0.487,0.5096666666666666,0.055193598662646906,0.508,0.0412249924196476,0.5440387532774114,-0.5272744818934113,-1.031794201994757,-0.4585060533798505,-0.791949160227296,-0.6593519013639845,0.32287587747656143,-0.6691016998098162,0.24116122021350334,0.47999999999999865,-0.8888888888888878,-0.5399999999999991,-0.02999999999999936,0.129999999999999,-0.20999999999999966,0.2861817604250833,-0.06999999999999992,0.27883686987197326,0.1760691615236046
2026-04-01 14:51:00,Planta,BIM-13,8.27,0.3324158998251566,17.4,0.1469888473726831,2530,0.5652173913043478,0.597,-0.1484624628024017,0.1022,1.0, ,9,0.1199999999999992,RAPIDO,INOCULO_CLIENTE,7.0,9.016666666666667,0.11999999999999922,0.014723926380368013,8.15,8.21,8.75,8.209999999999999,0.06000000000002116,8.431999999999999,0.3071156134096731,0.20725408710837542,1.6558891454964333,0.1251618127167812,0.2287888562709704,1.161432248258664,0.22878885627096943,0.10362704355418617,0.6122089174214659,0.5304247174495911,0.29999999999999716,0.01754385964912264,17.1,17.1,16.2,17.2,0.1732050807568866,16.880000000000003,0.4764451699828635,0.14587777115866063,131.29411764700822,0.001111076214022485,0.07404996179335385,0.7304999320073295,0.07404996179335314,0.07293888557933036,0.3439238384368766,0.3733445097685686,-20.0,-0.007843137254901933,2550.0,2600.0,2530.0,2560.0,36.05551275463975,2550.0,29.15475947422643,-0.08695652173913049,-0.13333333333333341,0.6521739130434783,0.8695652173913043,0.5652173913043478,0.6956521739130435,0.15676309893321688,0.6521739130434783,0.12675982380098472,0.05799999999999994,0.10760667903525034,0.539,0.446,0.544,0.5273333333333333,0.07617304860207015,0.5226000000000001,0.05787313711904688,0.33929298591494406,-0.6956211085026018,-0.4877554487173457,-1.031794201994757,-0.4585060533798505,-0.5560040378381682,0.4456031225248373,-0.5836934654243302,0.33855085340321417,0.17999999999999972,-2.9999999999999702,-0.0600000000000005,-0.5399999999999991,-0.02999999999999936,-0.16000000000000014,0.34117444218463877,-0.07600000000000015,0.2731849190566705,0.10220154248360482
2026-04-02 14:12:00,Planta,BIM-13,8.29,0.3669582476765519,16.8,0.1713018092324595,2520,0.5217391304347826,0.621,-0.00806536518242455,0.0405,1.0, ,9,0.01999999999999957,MODERADO,INOCULO_CLIENTE,8.0,9.989583333333334,0.019999999999999574,0.002418379685610539,8.27,8.15,8.21,8.236666666666666,0.0757187779440184,8.334,0.23891421054428727,0.03454234785139526,0.10391304347825647,0.3324158998251566,0.1251618127167812,0.2287888562709704,0.2748453200728299,0.13077521833121752,0.44295141294962487,0.4126328883631228,-0.5999999999999979,-0.0344827586206895,17.4,17.1,17.1,17.099999999999998,0.2999999999999998,16.92,0.45497252664309296,0.024312961859776383,0.16540684748776924,0.1469888473726831,0.001111076214022485,0.07404996179335385,0.10646724427305503,0.09204738801107323,0.22479032532396967,0.2904356044360981,-10.0,-0.0039525691699604515,2530.0,2550.0,2600.0,2533.3333333333335,15.27525231651918,2546.0,32.09361307176236,-0.04347826086956519,-0.07692307692307687,0.5652173913043478,0.6521739130434783,0.8695652173913043,0.5797101449275363,0.06641414050660599,0.6347826086956522,0.13953744813809746,0.02400000000000002,0.04020100502512558,0.597,0.539,0.446,0.5856666666666667,0.04215843134336667,0.5494,0.06749296259611073,0.14039709761997715,-0.9456740442655914,-0.1484624628024017,-0.4877554487173457,-1.031794201994757,-0.2147610922340574,0.24662172503415483,-0.42691670641535595,0.39482566909448397,-0.09999999999999963,-0.8333333333333358,0.1199999999999992,-0.0600000000000005,-0.5399999999999991,0.026666666666666092,0.09018499505645777,-0.09800000000000005,0.2563591231066289,0.04051114539533359
2026-04-06 15:24:00,Planta,BIM-13,8.62,0.9369069872245879,16.3,0.5724656799187786,2510,0.4782608695652174,0.739,0.6822203647824622,0.0434,1.0, ,14,0.3300000000000001,MODERADO,INOCULO_PLANTA,9.0,14.039583333333333,0.33000000000000007,0.039806996381182236,8.29,8.27,8.15,8.393333333333333,0.19655363983740917,8.308,0.18281137820168597,0.569948739548036,1.5531705395824926,0.3669582476765519,0.3324158998251566,0.1251618127167812,0.5454270449087655,0.33947120993608765,0.39804636074280964,0.31573671085178834,-0.5,-0.029761904761904767,16.8,17.4,17.1,16.833333333333332,0.5507570547286109,16.94,0.4159326868617077,0.4011638706863191,2.3418542541015013,0.1713018092324595,0.1469888473726831,0.001111076214022485,0.2969187788413071,0.23894005743836075,0.1931834749062595,0.2222343032875419,-10.0,-0.003968253968253954,2520.0,2530.0,2550.0,2520.0,9.999999999999659,2542.0,35.63705936241087,-0.04347826086956519,-0.08333333333333326,0.5217391304347826,0.5652173913043478,0.6521739130434783,0.5217391304347826,0.0434782608695644,0.6173913043478261,0.1549437363583083,0.118,0.19001610305958128,0.621,0.597,0.539,0.6523333333333333,0.07600877142365471,0.5884,0.10786009456698992,0.6902857299648867,-85.58641975308278,-0.00806536518242455,-0.1484624628024017,-0.4877554487173457,0.1752308455992119,0.4446421208975554,-0.19877142278289336,0.6309685094259012,0.31000000000000055,15.500000000000362,0.01999999999999957,0.1199999999999992,-0.0600000000000005,0.15666666666666632,0.1582192571507446,-0.026000000000000145,0.32230420413019706,0.04295477506536371
2026-04-07 15:20:00,Planta,BIM-13,8.62,0.9369069872245879,16.2,0.5724656799187786,2490,0.391304347826087,0.734,0.652970969444967,-0.0068,1.0, ,15,0.0,ESTACIONARIO,PRODUCTO,10.0,15.036805555555556,0.0,0.0,8.62,8.29,8.27,8.51,0.19052558883257462,8.389999999999999,0.21667948680020435,0.0,0.0,0.9369069872245879,0.3669582476765519,0.3324158998251566,0.7469240740419093,0.32906005820234646,0.5396699869335331,0.3742309102657323,-0.10000000000000142,-0.00613496932515345,16.3,16.8,17.4,16.433333333333334,0.32145502536644005,16.759999999999998,0.5128352561983223,0.0,0.0,0.5724656799187786,0.1713018092324595,0.1469888473726831,0.43874438969000557,0.23161206872989845,0.29286661853134444,0.2634060049184698,-20.0,-0.007968127490039834,2510.0,2520.0,2530.0,2506.6666666666665,15.27525231651918,2520.0,22.360679774997806,-0.08695652173913043,-0.18181818181818177,0.4782608695652174,0.5217391304347826,0.5652173913043478,0.463768115942029,0.0664141405066057,0.5217391304347826,0.09722034684781687,-0.0050000000000000044,-0.006765899864682012,0.739,0.621,0.597,0.698,0.06673080248281202,0.646,0.08784645695758037,-0.029249395337495154,-0.042873823250383136,0.6822203647824622,-0.00806536518242455,-0.1484624628024017,0.44237532301500143,0.3903671246016127,0.13818161150505143,0.5138911497101042,-0.3300000000000001,-1.0,0.3300000000000001,0.01999999999999957,0.1199999999999992,0.11666666666666657,0.18502252115170575,0.08199999999999968,0.15303594349041025,-0.006807802897289777
2026-04-08 14:42:00,Planta,BIM-13,8.55,0.8160087697447042,15.2,0.4873703134095613,2510,0.4782608695652174,0.845,1.302307545937361,0.1446,1.0, ,16,-0.06999999999999851,RAPIDO,INOCULO_PLANTA,11.0,16.010416666666668,-0.06999999999999851,-0.008120649651972012,8.62,8.62,8.29,8.596666666666666,0.040414518843272684,8.469999999999999,0.17592612085759235,-0.12089821747988372,-0.12903972232934469,0.9369069872245879,0.9369069872245879,0.3669582476765519,0.8966075813979599,0.06980061840655677,0.6778393783391177,0.3038450631404847,-1.0,-0.06172839506172845,16.2,16.3,16.8,15.9,0.6082762530298322,16.380000000000003,0.813633824272318,-0.08509536650921734,-0.14864710583399632,0.5724656799187786,0.5724656799187786,0.1713018092324595,0.5441005577490395,0.04912983276088651,0.3901184659704522,0.21386425332745665,20.0,0.008032128514056325,2490.0,2510.0,2520.0,2503.3333333333335,11.547005383792039,2512.0,14.832396974191187,0.08695652173913043,0.2222222222222221,0.391304347826087,0.4782608695652174,0.5217391304347826,0.4492753623188406,0.05020437123387958,0.48695652173913045,0.0644886824964839,0.11099999999999999,0.1512261580381471,0.734,0.739,0.621,0.7726666666666665,0.0626923706150393,0.7071999999999999,0.10036533266023702,0.649336576492394,0.9944340665624656,0.652970969444967,0.6822203647824622,-0.00806536518242455,0.8791662933882632,0.36674278655280657,0.49619421043599277,0.5871250586316975,-0.06999999999999851,,0.0,0.3300000000000001,0.01999999999999957,0.08666666666666721,0.21361959960016105,0.08000000000000008,0.15540270267920017,0.14464460926492712
2026-04-09 16:39:00,Planta,BIM-13,7.87,-0.3584310572027648,15.5,-0.3392703898228546,2480,0.3478260869565217,0.5,-0.7159007323498084,-0.5096,1.0,1,17,-0.6800000000000006,DECLIVE,DESCARTE,12.0,17.091666666666665,-0.6800000000000006,-0.07953216374269012,8.55,8.62,8.62,8.346666666666668,0.41428653530296233,8.39,0.3208582241426893,-1.174439826947469,-1.4392490258590032,0.8160087697447042,0.9369069872245879,0.9369069872245879,0.4648282332555091,0.7155214806292322,0.5396699869335334,0.554159819465899,0.3000000000000007,0.019736842105263275,15.2,16.2,16.3,15.633333333333333,0.5131601439447036,16.0,0.6442049363362545,-0.8266407032324159,-1.6961244468284817,0.4873703134095613,0.5724656799187786,0.5724656799187786,0.24018853450182842,0.5036266365920031,0.2928666185313447,0.39005068829884715,-30.0,-0.01195219123505975,2510.0,2490.0,2510.0,2493.3333333333335,15.27525231651918,2502.0,16.43167672515486,-0.13043478260869573,-0.27272727272727293,0.4782608695652174,0.391304347826087,0.4782608695652174,0.4057971014492754,0.06641414050660559,0.4434782608695652,0.07144207271806503,-0.345,-0.40828402366863903,0.845,0.734,0.739,0.693,0.17611643875572794,0.6878,0.13152832394583316,-2.0182082782871693,-1.54971710375411,1.302307545937361,0.652970969444967,0.6822203647824622,0.4131259276775065,1.030259868519609,0.3827065565265114,0.7694247890339618,-0.6100000000000021,8.71428571428593,-0.06999999999999851,0.0,0.3300000000000001,-0.2499999999999997,0.3740320841853016,-0.07999999999999988,0.3689850945499021,-0.4852980614427592
2026-04-10 15:30:00,Planta,BIM-13,8.15,0.1251618127167812,15.6,0.001111076214022485,2460,0.2608695652173913,0.534,-0.5170048440548409,0.0691,1.0,1,18,0.2800000000000002,MODERADO,INOCULO_CLIENTE,13.0,18.04375,0.28000000000000025,0.03557814485387545,7.87,8.55,8.62,8.19,0.3417601498127001,8.361999999999998,0.3374462920228939,0.483592869919546,-1.3491935483871227,-0.3584310572027648,0.8160087697447042,0.9369069872245879,0.1942465084195735,0.5902598988287793,0.4913106999415793,0.5828093600109289,0.09999999999999964,0.006451612903225712,15.5,15.2,16.2,15.433333333333332,0.20816659994665898,15.76,0.4722287581247013,0.34038146603687713,-1.0032748988634188,-0.3392703898228546,0.4873703134095613,0.5724656799187786,0.04973699993357638,0.415460074379393,0.2588284719276573,0.41021594138378736,-20.0,-0.008064516129032251,2480.0,2510.0,2490.0,2483.3333333333335,25.166114784235706,2490.0,21.21320343559633,-0.08695652173913038,-0.2499999999999999,0.3478260869565217,0.4782608695652174,0.391304347826087,0.36231884057971014,0.10941789036624218,0.391304347826087,0.09223131928520174,0.03400000000000003,0.06800000000000006,0.5,0.845,0.734,0.6263333333333333,0.19013241000243325,0.6704,0.14737469253572683,0.19889588829496752,-0.27782607183838104,-0.7159007323498084,1.302307545937361,0.652970969444967,0.02313398984423709,1.1122516053263791,0.28091866075202815,0.8621241289438553,0.9600000000000009,-1.4117647058823528,-0.6800000000000006,-0.06999999999999851,0.0,-0.15666666666666632,0.4858326186386973,-0.027999999999999758,0.40332369134480583,0.06909872091518923
2026-04-13 15:47:00,Planta,BIM-13,8.5,0.7296529001162126,16.6,0.4265879087601182,2380,-0.08695652173913043,0.651,0.1674310068425468,0.0658,1.0,1,21,0.3499999999999996,MODERADO,CRECIMIENTO,14.0,21.055555555555557,0.34999999999999964,0.042944785276073594,8.15,7.87,8.55,8.173333333333334,0.31564748269760107,8.338,0.3182294769502038,0.6044910873994315,4.829676674364622,0.1251618127167812,-0.3584310572027648,0.8160087697447042,0.16546121854340967,0.5451602572879061,0.44985988251990416,0.549619664469088,1.0000000000000018,0.06410256410256432,15.6,15.5,15.2,15.9,0.6082762530298322,15.819999999999999,0.5674504383644425,0.4254768325460957,382.94117647044266,0.001111076214022485,-0.3392703898228546,0.4873703134095613,0.02947619838376203,0.3837162603980704,0.22965291769592522,0.3868550567873523,-80.0,-0.03252032520325199,2460.0,2480.0,2510.0,2440.0,52.915026221291775,2464.0,50.29910535983713,-0.34782608695652173,-1.3333333333333333,0.2608695652173913,0.3478260869565217,0.4782608695652174,0.17391304347826084,0.23006533139692043,0.2782608695652174,0.21869176243407457,0.11699999999999999,0.2191011235955056,0.534,0.5,0.845,0.5616666666666666,0.07921068951431592,0.6527999999999999,0.14230144061111966,0.6844358508973878,-1.3238480427560302,-0.5170048440548409,-0.7159007323498084,1.302307545937361,-0.3551581898540343,0.4633729545119617,0.17796078916404506,0.8324462187059467,0.0699999999999994,0.24999999999999778,0.2800000000000002,-0.6800000000000006,-0.06999999999999851,-0.01666666666666694,0.5755287424041771,-0.023999999999999865,0.40783575125287885,0.06577908154891836
2026-04-14 15:19:00,Planta,BIM-13,8.56,0.8332799436704018,17.6,0.4995267943394495,2360,-0.1739130434782609,0.651,0.1674310068425468,0.0,1.0,1,22,0.0600000000000005,ESTACIONARIO,CRECIMIENTO,15.0,22.03611111111111,0.0600000000000005,0.007058823529411784,8.5,8.15,7.87,8.403333333333334,0.22143471573656534,8.326,0.30582674833964496,0.10362704355418917,0.14202238288600566,0.7296529001162126,0.1251618127167812,-0.3584310572027648,0.5626982188344652,0.3824437488673721,0.429134473809067,0.5281986961704687,1.0,0.06024096385542177,16.6,15.6,15.5,16.599999999999998,1.0000000000000013,16.1,0.9899494936611656,0.07293888557933131,0.17098207445993685,0.4265879087601182,0.001111076214022485,-0.3392703898228546,0.30907525977119676,0.2691866899066825,0.21506514058005938,0.3717777034040681,-20.0,-0.008403361344537785,2380.0,2460.0,2480.0,2400.0,52.915026221291775,2438.0,64.96152707564683,-0.08695652173913046,1.0000000000000004,-0.08695652173913043,0.2608695652173913,0.3478260869565217,-9.25185853854297e-18,0.2300653313969203,0.16521739130434782,0.28244142206802975,0.0,0.0,0.651,0.534,0.5,0.612,0.06754998149518655,0.6362,0.13512105683423298,0.0,0.0,0.1674310068425468,-0.5170048440548409,-0.7159007323498084,-0.06071427678991589,0.39515922275863774,0.08085279664356104,0.7904418419529275,-0.2899999999999991,-0.828571428571427,0.3499999999999996,0.2800000000000002,-0.6800000000000006,0.2300000000000001,0.15132745950421514,-0.011999999999999766,0.4095973632727634,0.0
2026-04-15 15:14:00,Planta,BIM-13,8.37,0.5051276390821365,17.9,0.2685536566715672,2360,-0.1739130434782609,0.73,0.6295714531749708,0.1149,1.0,1,23,-0.1900000000000013,RAPIDO,PRODUCTO,16.0,23.03263888888889,-0.19000000000000128,-0.02219626168224309,8.56,8.5,8.15,8.476666666666667,0.09712534856222609,8.29,0.2825774230188963,-0.3281523045882653,-0.3938079958373073,0.8332799436704018,0.7296529001162126,0.1251618127167812,0.6893534942895836,0.16774687876122107,0.3669582476765535,0.4880443820434905,0.29999999999999716,0.017045454545454364,17.6,16.6,15.6,17.366666666666664,0.6806859285553968,16.640000000000004,1.1058933040759378,-0.2309731376678823,-0.46238388067513014,0.4995267943394495,0.4265879087601182,0.001111076214022485,0.3982227865903783,0.11807024476054451,0.17130180923246058,0.34351470541462303,0.0,0.0,2360.0,2380.0,2460.0,2366.6666666666665,11.547005383792325,2408.0,57.619441163551706,0.0,0.0,-0.1739130434782609,-0.08695652173913043,0.2608695652173913,-0.14492753623188406,0.05020437123387696,0.034782608695652154,0.25051930940674655,0.07899999999999996,0.12135176651305679,0.651,0.651,0.534,0.6773333333333333,0.04561067126598041,0.6132000000000001,0.09432231973398458,0.46214044633242396,2.7601843592030946,0.1674310068425468,0.1674310068425468,-0.5170048440548409,0.32147782228668803,0.2668169110934388,-0.053694421908917,0.5517741638097877,-0.2500000000000018,-4.1666666666666625,0.0600000000000005,0.3499999999999996,0.2800000000000002,0.07333333333333293,0.27024680078279106,-0.03600000000000032,0.4172888687707836,0.11493396821238265
2026-04-16 15:04:50,Planta,BIM-13,8.47,0.6778393783391196,16.1,0.3901184659704535,2390,-0.04347826086956522,0.676,0.313677983530023,-0.0774,1.0,1,24,0.1000000000000014,DECLIVE,DESCARTE,17.0,24.02627314814815,0.10000000000000142,0.011947431302270273,8.37,8.56,8.5,8.466666666666667,0.0950438495292244,8.41,0.16077935190813905,0.17271173925698302,0.34191702432045923,0.5051276390821365,0.8332799436704018,0.7296529001162126,0.672082320363886,0.1641518855787071,0.5742123347849304,0.27768481504664216,-1.7999999999999972,-0.10055865921787699,17.9,17.6,16.6,17.2,0.9643650760992918,16.76,0.9762171889492596,0.1215648092988863,0.4526648819664232,0.2685536566715672,0.4995267943394495,0.4265879087601182,0.3860663056604901,0.11553987443051823,0.3171795803911222,0.19545111253910724,30.0,0.012711864406779627,2360.0,2360.0,2380.0,2370.0,17.320508075688775,2390.0,41.23105625617656,0.13043478260869568,-0.75,-0.1739130434782609,-0.1739130434782609,-0.08695652173913043,-0.13043478260869565,0.07530655685082077,-0.04347826086956523,0.17926546198337634,-0.05399999999999994,-0.07397260273972595,0.73,0.651,0.651,0.6856666666666666,0.04037738641038237,0.6484,0.07162611255680446,-0.31589346964494774,-0.5017595191965518,0.6295714531749708,0.1674310068425468,0.1674310068425468,0.3702268145158467,0.2362028275624161,0.1522213212670493,0.41900409653237997,0.2900000000000027,-1.526315789473688,-0.1900000000000013,0.0600000000000005,0.3499999999999996,-0.009999999999999806,0.1571623364550184,0.12000000000000008,0.21130546609115464,-0.07734380873377325
2026-04-20 21:20:08,Planta,BIM-13,8.02,-0.09936344831729488,14.8,-0.1569231758745284,2780,1.652173913043478,0.674,0.3019782253950249,-0.0007,1.0,1,28,-0.4500000000000011,ESTACIONARIO,OBSERVACION,18.0,28.286898148148147,-0.45000000000000107,-0.053128689492325964,8.47,8.37,8.56,8.286666666666667,0.23629078131263015,8.384,0.21477895613863376,-0.7772028266564144,-1.146588486140715,0.6778393783391196,0.5051276390821365,0.8332799436704018,0.36120118970132037,0.4081019181089529,0.5293072825781151,0.3709484707050179,-1.3000000000000007,-0.08074534161490687,16.1,17.9,17.6,16.266666666666666,1.556705923844751,16.6,1.2429802894656028,-0.5470416418449819,-1.4022449321494392,0.3901184659704535,0.2685536566715672,0.4995267943394495,0.16724964892249747,0.28724643769354413,0.285572729973412,0.2610956284440622,390.0,0.16317991631799167,2390.0,2360.0,2360.0,2510.0,234.30749027719963,2454.0,182.70194306574848,1.6956521739130432,-38.99999999999999,-0.04347826086956522,-0.1739130434782609,-0.1739130434782609,0.4782608695652173,1.01872821859652,0.23478260869565215,0.7943562741989063,-0.0020000000000000018,-0.00295857988165682,0.676,0.73,0.651,0.6933333333333334,0.03177000681985026,0.6764,0.032284671285302345,-0.011699758134998128,-0.037298627093087955,0.313677983530023,0.6295714531749708,0.1674310068425468,0.4150758873666727,0.18585069786974373,0.3160179351570225,0.18886142275297585,-0.5500000000000025,-5.4999999999999485,0.1000000000000014,-0.1900000000000013,0.0600000000000005,-0.18000000000000035,0.2751363298439533,-0.02600000000000019,0.30468016016800364,-0.0006954296918074399
2026-04-27 16:30:31,Planta,BIM-13,7.15,-1.601955579853025,12.7,-1.214537016774823,2840,1.91304347826087,0.577,-0.2654600441523826,-0.0201,1.0,1,35,-0.8699999999999992,DECLIVE,DESCARTE,19.0,35.085775462962964,-0.8699999999999992,-0.10847880299251866,8.02,8.47,8.37,7.88,0.6710439627923028,8.114,0.5764807021921888,-1.50259213153573,15.122181818182671,-0.09936344831729488,0.6778393783391196,0.5051276390821365,-0.3411598832770668,1.1589716993175554,0.06298558658426763,0.9956498472369855,-2.1000000000000014,-0.141891891891892,14.8,16.1,17.9,14.533333333333331,1.7156145643277159,15.820000000000002,2.141728274081471,-1.0576138409002946,6.739691795085352,-0.1569231758745284,0.3901184659704535,0.2685536566715672,-0.327113908892966,0.8157533136801433,-0.04265225513357627,0.7007976662648059,60.0,0.021582733812949728,2780.0,2390.0,2360.0,2670.0,244.33583445741232,2546.0,242.23955085823619,0.260869565217392,0.15789473684210575,1.652173913043478,-0.04347826086956522,-0.1739130434782609,1.173913043478261,1.0623297150322277,0.6347826086956523,1.0532154385140704,-0.09700000000000009,-0.14391691394658768,0.674,0.676,0.73,0.6423333333333333,0.056589162684504694,0.6616000000000001,0.055473417057181784,-0.5674382695474075,-1.8790701508531882,0.3019782253950249,0.313677983530023,0.6295714531749708,0.11673205492422166,0.3310397582353819,0.22943972495803658,0.3245127812454511,-0.4199999999999981,0.9333333333333267,-0.4500000000000011,0.1000000000000014,-0.1900000000000013,-0.4066666666666663,0.4864497233356534,-0.2699999999999999,0.4014349262333811,-0.022854926954721785
2026-04-28 15:27:06,Planta,BIM-13,7.77,-0.5311427964597463,12.7,-0.4608351991217398,2840,1.91304347826087,0.607,-0.08996367212741119,0.0526,1.0,1,36,0.6199999999999992,MODERADO,CRECIMIENTO,20.0,36.04173611111111,0.6199999999999992,0.08671328671328671,7.15,8.02,8.47,7.646666666666666,0.4479211240088248,7.956,0.5300754663253128,1.0708127833932788,-0.6684409960303161,-1.601955579853025,-0.09936344831729488,0.6778393783391196,-0.7441539415433555,0.7736123637750659,-0.20989896144176204,0.9155025572650017,0.0,0.0,12.7,14.8,16.1,13.399999999999999,1.212435565298242,14.84,2.2423202269078333,0.7537018176530832,-0.6205671850616148,-1.214537016774823,-0.1569231758745284,0.3901184659704535,-0.6107651305903637,0.5445144602107536,-0.23472465382581414,0.6443852297785418,0.0,0.0,2840.0,2780.0,2390.0,2820.0,34.64101615137755,2642.0,245.1938009004306,0.0,0.0,1.91304347826087,1.652173913043478,-0.04347826086956522,1.8260869565217392,0.15061311370164288,1.0521739130434784,1.0660600039149157,0.030000000000000027,0.051993067590987874,0.577,0.674,0.676,0.6193333333333333,0.049662192192183124,0.6527999999999999,0.060808716480452274,0.17549637202497143,-0.6611027756939227,-0.2654600441523826,0.3019782253950249,0.313677983530023,-0.017815163628256414,0.2905178185511666,0.17796078916404498,0.3557236376604808,1.4899999999999984,-1.7126436781609193,-0.8699999999999992,-0.4500000000000011,0.1000000000000014,-0.23333333333333373,0.7682664468355573,-0.1580000000000002,0.5623788758479462,0.05302155967359819
2026-04-29 15:33:16,Planta,BIM-13,7.8,-0.4793292746826517,13.2,-0.4243657563320742,2850,1.956521739130435,0.605,-0.1016634302624093,-0.0031,1.0,1,37,0.03000000000000025,ESTACIONARIO,CRECIMIENTO,21.0,37.046018518518515,0.03000000000000025,0.0038610038610038533,7.77,7.15,8.02,7.573333333333333,0.3669241520169103,7.8420000000000005,0.4774620403759834,0.051813521777094584,-0.0975510204081651,-0.5311427964597463,-1.601955579853025,-0.09936344831729488,-0.8708092169984742,0.6337210847023436,-0.40679034419471966,0.8246329942252333,0.5,0.03937007874015741,12.7,12.7,14.8,12.866666666666665,0.28867513459481314,13.9,1.5016657417681198,0.03646944278966563,-0.0791377109629845,-0.4608351991217398,-1.214537016774823,-0.1569231758745284,-0.6999126574095457,0.4460506456709136,-0.3733085364265424,0.580425818857631,10.0,0.0035211267605634866,2840.0,2840.0,2780.0,2843.3333333333335,5.773502691896192,2740.0,197.61072845369503,0.043478260869564966,0.022727272727272485,1.91304347826087,1.91304347826087,1.652173913043478,1.9275362318840585,0.025102185616940137,1.4782608695652175,0.8591770802334568,-0.0020000000000000018,-0.0032948929159802853,0.607,0.577,0.674,0.5963333333333333,0.01677299416721197,0.6277999999999999,0.04469563737100112,-0.011699758134998114,0.13004980630879892,-0.08996367212741119,-0.2654600441523826,0.3019782253950249,-0.15236238218073447,0.0981199874780582,0.03171381247656896,0.26146407346514594,-0.589999999999999,-0.9516129032258059,0.6199999999999992,-0.8699999999999992,-0.4500000000000011,-0.07333333333333325,0.7503554713156505,-0.11399999999999991,0.5678291996718728,-0.0032862599248121905
2026-05-13 15:21:00,Planta,BIM-13,7.22,-1.481057362373139,13.7,-1.129441650265605,2860,2.0,0.414,-1.218990332154726,-0.0047,1.0,1,51,-0.5800000000000001,ESTACIONARIO,OBSERVACION,22.0,51.0375,-0.5800000000000001,-0.07435897435897432,7.8,7.77,7.15,7.596666666666667,0.3265475973473529,7.5920000000000005,0.38466868861397474,-1.0017280876904873,2.0898537614955788,-0.4793292746826517,-0.5311427964597463,-1.601955579853025,-0.8305098111718457,0.5639860348805064,-0.8385696923371715,0.6643679824822255,0.5,0.037878787878787845,13.2,12.7,12.7,13.199999999999998,0.5000000000000002,13.419999999999998,0.8757853618324491,-0.7050758939335309,1.661481595564454,-0.4243657563320742,-0.4608351991217398,-1.214537016774823,-0.6715475352398063,0.39696696398540754,-0.677220559673754,0.4676217577461061,10.0,0.0035087719298245723,2850.0,2840.0,2840.0,2850.0,9.999999999999943,2834.0,31.304951684997057,0.043478260869564966,0.022222222222222143,1.956521739130435,1.91304347826087,1.91304347826087,1.9565217391304353,0.043478260869565154,1.8869565217391304,0.13610848558694325,-0.191,-0.315702479338843,0.605,0.607,0.577,0.5419999999999999,0.11085576214162249,0.5754,0.09701700881804198,-1.1173269018923166,10.990450538687512,-0.1016634302624093,-0.08996367212741119,-0.2654600441523826,-0.4702058115148489,0.6484928024639304,-0.27481985066038084,0.5675377690760328,-0.6100000000000003,-20.333333333333176,0.03000000000000025,0.6199999999999992,-0.8699999999999992,0.023333333333333133,0.600027777134803,-0.25000000000000017,0.5849358939234277,-0.02711381812623879
2026-03-24 13:33:13,Planta,BIM-14,8.3,0.3842294216022527,17.8,0.1834582901623498,2640,1.043478260869565,0.577,-0.2654600441523826,0.456,1.0,1,0,0.1100000000000012,RAPIDO,INOCULO_CLIENTE,0.0,0.0,,,,,,8.3,,8.3,,,,,,,0.3842294216022527,,0.3842294216022527,,,,,,,17.8,,17.8,,,,,,,0.1834582901623498,,0.1834582901623498,,,,,,,2640.0,,2640.0,,,,,,,1.043478260869565,,1.043478260869565,,,,,,,0.577,,0.577,,,,,,,-0.2654600441523826,,-0.2654600441523826,,,,,,,0.1100000000000012,,0.1100000000000012,,
2026-03-25 12:23:20,Planta,BIM-14,8.415,-13.95084493672713,17.4,-9.90642088164507,2600,0.8695652173913043,0.531,-0.5345544812573381,-0.0873,1.0,1,0,0.1100000000000012,DECLIVE,DESCARTE,1.0,0.9514699074074074,0.11499999999999844,0.013855421686746805,8.3,,,8.3575,0.08131727983645186,8.3575,0.08131727983645186,-14.335074358329383,-37.30863268760504,0.3842294216022527,,,-6.783307757562438,10.136428287588103,-6.783307757562438,10.136428287588103,-0.40000000000000213,-0.022471910112359716,17.8,,,17.6,0.2828427124746218,17.6,0.2828427124746218,-10.08987917180742,-54.99821873886686,0.1834582901623498,,,-4.861481295741361,7.134621983737933,-4.861481295741361,7.134621983737933,-40.0,-0.015151515151515138,2640.0,,,2620.0,28.284271247461902,2620.0,28.284271247461902,-0.17391304347826064,-0.16666666666666652,1.043478260869565,,,0.9565217391304346,0.12297509238026894,0.9565217391304346,0.12297509238026894,-0.04599999999999993,-0.07972270363951461,0.577,,,0.554,0.032526911934581175,0.554,0.032526911934581175,-0.26909443710495545,1.013690922730679,-0.2654600441523826,,,-0.4000072627048603,0.19027850125649093,-0.4000072627048603,0.19027850125649093,0.0,0.0,0.1100000000000012,,,0.1100000000000012,0.0,0.1100000000000012,0.0,-0.08731778548050988
2026-03-26 12:52:21,Planta,BIM-14,8.53,0.7814664218933056,16.6,0.4630573515497827,2550,0.6521739130434783,0.562,-0.3532082301648676,0.0556,1.0,1,1,0.1100000000000012,MODERADO,INOCULO_CLIENTE,2.0,1.9716203703703703,0.11500000000000021,0.013666072489601833,8.415,8.3,,8.415,0.11499999999999955,8.415,0.11499999999999955,14.732311358620436,-1.056015705531642,-13.95084493672713,0.3842294216022527,,-4.261716364410524,8.393381837898332,-4.261716364410524,8.393381837898332,-0.7999999999999972,-0.045977011494252706,17.4,17.8,,17.266666666666666,0.6110100926607798,17.266666666666666,0.6110100926607798,10.369478233194853,-1.0467431534640075,-9.90642088164507,0.1834582901623498,,-3.0866350799776465,5.907762071567425,-3.0866350799776465,5.907762071567425,-50.0,-0.019230769230769273,2600.0,2640.0,,2596.6666666666665,45.09249752822888,2596.6666666666665,45.09249752822888,-0.21739130434782605,-0.25,0.8695652173913043,1.043478260869565,,0.8550724637681159,0.19605433707925612,0.8550724637681159,0.19605433707925612,0.031000000000000028,0.058380414312617646,0.531,0.577,,0.5566666666666666,0.0234591844132172,0.5566666666666666,0.0234591844132172,0.1813462510924705,-0.3392474620471271,-0.5345544812573381,-0.2654600441523826,,-0.3844075851915294,0.13723339183947897,-0.3844075851915294,0.13723339183947897,0.0,0.0,0.1100000000000012,0.1100000000000012,,0.1100000000000012,0.0,0.1100000000000012,0.0,0.05561907847098842
2026-03-27 13:21:46,Planta,BIM-14,8.64,0.9714493350759864,16.3,0.5967786417785572,2510,0.4782608695652174,0.642,0.1147820952350554,0.1304,1.0,1,2,0.1100000000000012,RAPIDO,INOCULO_CLIENTE,3.0,2.992048611111111,0.11000000000000121,0.012895662368112681,8.53,8.415,8.3,8.528333333333334,0.11250925887825297,8.47125,0.14653640048352068,0.1899829131826808,0.2431107823192169,0.7814664218933056,-13.95084493672713,0.3842294216022527,-4.065976393252613,8.561074288204393,-2.953424939538896,7.335694349826624,-0.3000000000000007,-0.01807228915662651,16.6,17.4,17.8,16.76666666666667,0.5686240703077364,17.025,0.6946221994724916,0.1337212902287745,0.2887791107974631,0.4630573515497827,-9.90642088164507,0.1834582901623498,-2.9488616294389103,6.025794006339312,-2.1657816495385953,5.163298618542145,-40.0,-0.015686274509803977,2550.0,2600.0,2640.0,2553.3333333333335,45.09249752822888,2575.0,56.862407030773205,-0.17391304347826086,-0.2666666666666666,0.6521739130434783,0.8695652173913043,1.043478260869565,0.6666666666666666,0.1960543370792563,0.7608695652173912,0.24722785665553582,0.07999999999999996,0.14234875444839856,0.562,0.531,0.577,0.5783333333333334,0.05727419430540533,0.5780000000000001,0.04676893555912225,0.46799032539992297,-1.3249700472196766,-0.3532082301648676,-0.5345544812573381,-0.2654600441523826,-0.2576602053957167,0.3350471103750638,-0.2596101650848832,0.273592617136521,0.0,0.0,0.1100000000000012,0.1100000000000012,0.1100000000000012,0.1100000000000012,0.0,0.1100000000000012,0.0,0.13042215854361408
2026-03-30 13:03:49,Planta,BIM-14,8.61,0.9196358132988902,17.1,0.5603091989888904,2340,-0.2608695652173913,0.594,-0.1660121000048988,-0.026,1.0,1,5,-0.03000000000000114,DECLIVE,DESCARTE,4.0,5.979583333333333,-0.030000000000001137,-0.003472222222222321,8.64,8.53,8.415,8.593333333333334,0.05686240703077708,8.498999999999999,0.1412621676175192,-0.051813521777096194,-0.053336308859631254,0.9714493350759864,0.7814664218933056,-13.95084493672713,0.8908505234227274,0.09820805216620906,-2.178812788971339,6.584787666629287,0.8000000000000007,0.04907975460122693,16.3,16.6,17.4,16.666666666666668,0.40414518843274705,17.04,0.6024948132556839,-0.036469442789666795,-0.06111050268316953,0.5967786417785572,0.4630573515497827,-9.90642088164507,0.5400483974390767,0.06912467666958724,-1.6205634798330983,4.634765768737885,-170.0,-0.0677290836653387,2510.0,2550.0,2600.0,2466.6666666666665,111.50485789118481,2528.0,116.06032913963321,-0.7391304347826086,-1.5454545454545454,0.4782608695652174,0.6521739130434783,0.8695652173913043,0.2898550724637681,0.4848037299616734,0.5565217391304348,0.5046101266940575,-0.04800000000000004,-0.07476635514018704,0.642,0.562,0.531,0.5993333333333334,0.04026578365477714,0.5812,0.041130280815963274,-0.2807941952399542,-2.4463240078074246,0.1147820952350554,-0.3532082301648676,-0.5345544812573381,-0.13481274497823703,0.2355499649385267,-0.24089055206888635,0.2406071687856611,-0.14000000000000234,-1.27272727272728,0.1100000000000012,0.1100000000000012,0.1100000000000012,0.06333333333333376,0.08082903768654895,0.08200000000000073,0.06260990336999515,-0.026011073193323086
2026-03-31 14:52:45,Planta,BIM-14,8.45,0.6432970304877211,17.2,0.365805504110675,2290,-0.4782608695652174,0.702,0.4657748392849975,0.1553,1.0,1,7,-0.1600000000000001,RAPIDO,PRODUCTO,5.0,7.055231481481481,-0.16000000000000014,-0.018583042973286945,8.61,8.64,8.53,8.566666666666665,0.10214368964029868,8.529,0.0976217188949277,-0.2763387828111691,-0.3004871915762989,0.9196358132988902,0.9714493350759864,0.7814664218933056,0.8447940596208658,0.1764141429189971,-2.1269992671942455,6.6109645611113965,0.09999999999999787,0.005847953216374213,17.1,16.3,16.6,16.86666666666667,0.4932882862316312,16.92,0.45497252664309484,-0.19450369487821545,-0.347136358334306,0.5603091989888904,0.5967786417785572,0.4630573515497827,0.5076311149593742,0.12417078152200124,-1.584094037043433,4.653190626245804,-50.0,-0.021367521367521403,2340.0,2510.0,2550.0,2380.0,115.32562594670786,2458.0,135.535973084639,-0.2173913043478261,0.8333333333333335,-0.2608695652173913,0.4782608695652174,0.6521739130434783,-0.08695652173913043,0.5014157649856869,0.25217391304347825,0.5892868394984306,0.10799999999999998,0.18181818181818188,0.594,0.642,0.562,0.6459999999999999,0.054110997033874404,0.6062000000000001,0.06748481310635743,0.6317869392898963,-3.8056680161943204,-0.1660121000048988,0.1147820952350554,-0.3532082301648676,0.13818161150505134,0.31654278886996623,-0.0946435753814103,0.39477799556496546,-0.12999999999999895,4.333333333333133,-0.03000000000000114,0.1100000000000012,0.1100000000000012,-0.026666666666666675,0.13503086067019462,0.02800000000000047,0.12132600710482558,0.15530551040390767
2026-04-01 14:54:33,Planta,BIM-14,8.51,0.7469240740419103,17.1,0.4387443896900063,2270,-0.5652173913043478,0.689,0.3897264114075099,-0.0187,1.0,1,8,0.0600000000000005,ESTACIONARIO,INOCULO_CLIENTE,6.0,8.056481481481482,0.0600000000000005,0.007100591715976323,8.45,8.61,8.64,8.523333333333332,0.08082903768654791,8.548,0.07694153624668751,0.10362704355418917,0.16108739609076617,0.6432970304877211,0.9196358132988902,0.9714493350759864,0.7699523059428405,0.13960123681310058,0.8125545349595628,0.13288706546265522,-0.09999999999999787,-0.005813953488371992,17.2,17.1,16.3,17.133333333333336,0.05773502691902283,16.86,0.3911521443121621,0.07293888557933131,0.19939253171341997,0.365805504110675,0.5603091989888904,0.5967786417785572,0.4549530309298572,0.0982596655216864,0.48493901722358235,0.09353383180990756,-20.0,-0.008733624454148492,2290.0,2340.0,2510.0,2300.0,36.055512754639565,2392.0,129.30583900195688,-0.08695652173913038,0.18181818181818166,-0.4782608695652174,-0.2608695652173913,0.4782608695652174,-0.43478260869565216,0.15676309893321716,-0.034782608695652174,0.5621993000085083,-0.013000000000000012,-0.01851851851851849,0.702,0.594,0.642,0.6616666666666666,0.058960438713880785,0.6378,0.06005164444043131,-0.07604842787748761,-0.1632729410507192,0.4657748392849975,-0.1660121000048988,0.1147820952350554,0.2298297168958695,0.34491143624289305,0.09021260315155927,0.3512948577809748,0.22000000000000058,-1.3750000000000029,-0.1600000000000001,-0.03000000000000114,0.1100000000000012,-0.04333333333333358,0.1106044001535806,0.01800000000000033,0.11476062042355886,-0.018668797015882657
2026-04-02 14:14:59,Planta,BIM-14,8.52,0.764195247967608,16.5,0.4509008706198945,2260,-0.6086956521739131,0.719,0.5652227834324813,0.0438,1.0,1,9,0.009999999999999787,MODERADO,PRODUCTO,7.0,9.029004629629629,0.009999999999999787,0.001175088131609936,8.51,8.45,8.61,8.493333333333334,0.03785938897200114,8.546000000000001,0.07765307463327083,0.017271173925697658,0.023123065015479227,0.7469240740419103,0.6432970304877211,0.9196358132988902,0.7181387841657464,0.06538760916557654,0.8091003001744232,0.13411597578560466,-0.6000000000000014,-0.03508771929824572,17.1,17.2,17.1,16.933333333333334,0.3785938897200273,16.84,0.4098780306383875,0.012156480929888192,0.027707433338298282,0.4387443896900063,0.365805504110675,0.5603091989888904,0.4184835881401919,0.04602369400534915,0.48250772103760464,0.09439881209264603,-10.0,-0.004405286343612369,2270.0,2290.0,2340.0,2273.3333333333335,15.275252316518742,2334.0,103.101891350256,-0.0434782608695653,0.0769230769230771,-0.5652173913043478,-0.4782608695652174,-0.2608695652173913,-0.5507246376811595,0.06641414050660698,-0.28695652173913044,0.44826909282720007,0.030000000000000027,0.04354136429608135,0.689,0.702,0.594,0.7033333333333333,0.015044378795193922,0.6692,0.05084977876058049,0.17549637202497143,0.4503065917220248,0.3897264114075099,0.4657748392849975,-0.1660121000048988,0.4735746780416628,0.08800779659754067,0.2738988058710291,0.29746505635847803,-0.05000000000000071,-0.8333333333333383,0.0600000000000005,-0.1600000000000001,-0.03000000000000114,-0.029999999999999933,0.11532562594670816,-0.001999999999999949,0.10281050529979952,0.04382423882510585
2026-04-06 15:27:44,Planta,BIM-14,8.3,0.3842294216022527,16.1,0.1834582901623498,2350,-0.2173913043478261,0.589,-0.195261495342394,-0.0497,1.0,1,13,-0.2199999999999989,DECLIVE,DESCARTE,8.0,13.079525462962962,-0.21999999999999886,-0.025821596244131273,8.52,8.51,8.45,8.443333333333333,0.12423096769055963,8.478,0.11476062042355877,-0.37996582636535525,-0.49721040189124666,0.764195247967608,0.7469240740419103,0.6432970304877211,0.631782914537257,0.2145614649941354,0.6916563174796765,0.19820506351560435,-0.3999999999999986,-0.024242424242424176,16.5,17.1,17.2,16.566666666666666,0.5033222956847231,16.800000000000004,0.47958315233127524,-0.26744258045754465,-0.5931294390491352,0.4509008706198945,0.4387443896900063,0.365805504110675,0.3577011834907502,0.1510211389631327,0.3998436507143632,0.13950852936810984,90.0,0.03982300884955747,2260.0,2270.0,2290.0,2293.3333333333335,49.3288286231622,2302.0,40.86563348340501,0.391304347826087,-0.6428571428571428,-0.6086956521739131,-0.5652173913043478,-0.4782608695652174,-0.463768115942029,0.2144731679267935,-0.42608695652173917,0.17767666731915238,-0.13,-0.18080667593880395,0.719,0.689,0.702,0.6656666666666666,0.06806859285554014,0.6586,0.062195659012506545,-0.7604842787748753,-1.3454593499515557,0.5652227834324813,0.3897264114075099,0.4657748392849975,0.2532292331658657,0.39819303649974075,0.21189008775553914,0.3638370837465707,-0.22999999999999868,-23.00000000000036,0.009999999999999787,0.0600000000000005,-0.1600000000000001,-0.04999999999999954,0.1493318452306803,-0.06799999999999998,0.11777096416349797,-0.04923692094809866
2026-04-07 15:22:31,Planta,BIM-14,8.23,0.2633312041223658,16.1,0.09836292365313024,2320,-0.3478260869565217,0.608,-0.08411379305991215,0.0319,1.0,1,14,-0.07000000000000028,MODERADO,OBSERVACION,9.0,14.075902777777777,-0.07000000000000028,-0.008433734939759074,8.3,8.52,8.51,8.35,0.1513274595042119,8.402000000000001,0.1302689525558573,-0.12089821747988688,-0.3146511190520921,0.3842294216022527,0.764195247967608,0.7469240740419103,0.47058529123074216,0.2613602872831251,0.5603953956443716,0.22498977367104897,0.0,0.0,16.1,16.5,17.1,16.233333333333334,0.23094010767585893,16.6,0.5291502622129225,-0.08509536650921956,-0.4638403990024935,0.1834582901623498,0.4509008706198945,0.4387443896900063,0.24424069481179153,0.18396093756310056,0.30745439564721116,0.15836120375017704,-30.0,-0.012765957446808529,2350.0,2260.0,2270.0,2310.0,45.825756949558084,2298.0,37.013511046643394,-0.13043478260869557,0.5999999999999996,-0.2173913043478261,-0.6086956521739131,-0.5652173913043478,-0.3913043478260869,0.19924242151981927,-0.4434782608695652,0.16092830889844975,0.019000000000000017,0.032258064516129004,0.589,0.719,0.689,0.6386666666666666,0.07021633238309516,0.6613999999999999,0.05878179990439206,0.11114770228248186,-0.56922488526262,-0.195261495342394,0.5652227834324813,0.3897264114075099,0.09528249834339168,0.41075705300442483,0.22826974914453652,0.3438664208106208,0.1499999999999986,-0.681818181818179,-0.2199999999999989,0.009999999999999787,0.0600000000000005,-0.09333333333333312,0.11676186592091257,-0.0759999999999998,0.11588787684654485,0.03186413203363731
2026-04-08 14:43:44,Planta,BIM-14,8.32,0.4187717694536481,15.4,0.2077712520221262,2310,-0.391304347826087,0.631,0.05043342549256591,0.0382,1.0,1,15,0.08999999999999986,MODERADO,INOCULO_PLANTA,10.0,15.048969907407407,0.08999999999999986,0.010935601458080146,8.23,8.3,8.52,8.283333333333333,0.04725815626251106,8.376,0.13126309458488422,0.15544056533128225,0.5902854006585998,0.2633312041223658,0.3842294216022527,0.764195247967608,0.35544413172608885,0.0816203836217673,0.515490343437557,0.22670677366006595,-0.7000000000000011,-0.0434782608695653,16.1,16.1,16.5,15.866666666666669,0.4041451884327384,16.240000000000002,0.622896460095905,0.10940832836899597,1.1122923588039795,0.09836292365313024,0.1834582901623498,0.4509008706198945,0.1631974886125354,0.057449287538566526,0.2758475452295014,0.15956973061192367,-10.0,-0.004310344827586188,2320.0,2350.0,2260.0,2326.6666666666665,20.816659994660583,2302.0,37.013511046643394,-0.0434782608695653,0.12500000000000022,-0.3478260869565217,-0.2173913043478261,-0.6086956521739131,-0.31884057971014496,0.0905072173680929,-0.42608695652173917,0.16092830889844975,0.02300000000000002,0.03782894736842102,0.608,0.589,0.719,0.6093333333333334,0.021031722072462435,0.6472,0.05497453956150966,0.13454721855247806,-1.5995856762355662,-0.08411379305991215,-0.195261495342394,0.5652227834324813,-0.07631395430324679,0.12303303070515992,0.1452014663860502,0.32159440822627366,0.16000000000000014,-2.2857142857142785,-0.07000000000000028,-0.2199999999999989,0.009999999999999787,-0.06666666666666644,0.1550268793897792,-0.025999999999999808,0.1242175510948429,0.038158704003472974
2026-04-09 16:42:01,Planta,BIM-14,8.34,0.4533141173050435,15.5,0.2320842138819026,2290,-0.4782608695652174,0.622,-0.002215486114925505,-0.0139,1.0,1,16,0.01999999999999957,ESTACIONARIO,INOCULO_CLIENTE,11.0,16.13111111111111,0.019999999999999574,0.0024038461538460343,8.32,8.23,8.3,8.296666666666667,0.058594652770811446,8.342,0.10779610382569663,0.03454234785139543,0.08248490077652848,0.4187717694536481,0.2633312041223658,0.3842294216022527,0.37847236362701914,0.10119984391205793,0.4567683520901836,0.1861765257685926,0.09999999999999964,0.006493506493506551,15.4,16.1,16.1,15.666666666666666,0.3785938897200181,15.920000000000002,0.4604345773288674,0.024312961859776383,0.11701793016671624,0.2077712520221262,0.09836292365313024,0.1834582901623498,0.17940612985238635,0.07123047790007936,0.23451551006788068,0.13104212804732912,-20.0,-0.008658008658008698,2310.0,2320.0,2350.0,2306.6666666666665,15.275252316518303,2306.0,33.61547262794311,-0.08695652173913043,0.2222222222222221,-0.391304347826087,-0.3478260869565217,-0.2173913043478261,-0.40579710144927533,0.0664141405066067,-0.40869565217391307,0.1461542288171442,-0.009000000000000008,-0.014263074484944571,0.631,0.608,0.589,0.6203333333333333,0.011590225767141036,0.6337999999999999,0.050196613431585164,-0.05264891160749141,-1.0439289239881608,0.05043342549256591,-0.08411379305991215,-0.195261495342394,-0.011965284560757286,0.06780141910279489,0.0668130868815631,0.2936441181727714,-0.07000000000000028,-0.7777777777777822,0.08999999999999986,-0.07000000000000028,-0.2199999999999989,0.01333333333333305,0.08020806277010648,-0.03399999999999999,0.11844830095868779,-0.013275319110727801
2026-04-10 15:33:07,Planta,BIM-14,8.46,0.6605682044134218,15.9,0.3779619850405653,2270,-0.5652173913043478,0.648,0.1498813696400497,0.043,1.0,1,17,0.120000000000001,MODERADO,INOCULO_PLANTA,12.0,17.08326388888889,0.120000000000001,0.014388489208633226,8.34,8.32,8.23,8.373333333333333,0.07571877794399694,8.33,0.08366600265341019,0.20725408710837828,0.4571975131515993,0.4533141173050435,0.4187717694536481,0.2633312041223658,0.5108846970573712,0.13077521833120484,0.43604294337934635,0.1445010083494597,0.40000000000000036,0.02580645161290329,15.5,15.4,16.1,15.6,0.26457513110645736,15.8,0.3316624790355615,0.14587777115866268,0.6285553365249281,0.2320842138819026,0.2077712520221262,0.09836292365313024,0.27260581698153136,0.0920473880109834,0.21992773295201484,0.10170841657360963,-20.0,-0.008733624454148492,2290.0,2310.0,2320.0,2290.0,19.999999999999073,2308.0,30.331501776206082,-0.08695652173913038,0.18181818181818166,-0.4782608695652174,-0.391304347826087,-0.3478260869565217,-0.47826086956521746,0.08695652173913065,-0.4,0.13187609467915712,0.026000000000000023,0.04180064308681675,0.622,0.631,0.608,0.6336666666666667,0.013203534880224245,0.6195999999999999,0.022434348664492176,0.1520968557549752,-68.65168539324807,-0.002215486114925505,0.05043342549256591,-0.08411379305991215,0.06603310300589667,0.07723908231282495,-0.016255195876923235,0.13123822664538762,0.10000000000000142,5.0000000000001785,0.01999999999999957,0.08999999999999986,-0.07000000000000028,0.07666666666666681,0.05131601439446945,-0.01199999999999975,0.13736811857195957,0.04300843789866317
2026-04-13 15:49:57,Planta,BIM-14,8.55,0.8160087697447042,17.2,0.4873703134095613,2250,-0.6521739130434783,0.674,0.3019782253950249,0.0131,1.0,1,20,0.08999999999999986,ESTACIONARIO,INOCULO_CLIENTE,13.0,20.094953703703705,0.08999999999999986,0.010638297872340496,8.46,8.34,8.32,8.450000000000001,0.10535653752852389,8.38,0.12549900398011238,0.15544056533128237,0.2353134230390519,0.6605682044134218,0.4533141173050435,0.4187717694536481,0.6432970304877231,0.1819631083864421,0.5223988130078367,0.21675151252421637,1.299999999999999,0.08176100628930816,15.9,15.5,15.4,16.2,0.8888194417315586,16.02,0.7190271204899101,0.109408328368996,0.2894691336676454,0.3779619850405653,0.2320842138819026,0.2077712520221262,0.3658055041106764,0.12807647393039587,0.28071013760145713,0.1525626248604184,-20.0,-0.008810572687224627,2270.0,2290.0,2310.0,2270.0,19.999999999999073,2288.0,28.63564212655258,-0.08695652173913049,0.15384615384615397,-0.5652173913043478,-0.4782608695652174,-0.391304347826087,-0.5652173913043478,0.08695652173913077,-0.48695652173913045,0.12450279185457665,0.026000000000000023,0.04012345679012341,0.648,0.622,0.631,0.648,0.025999999999999343,0.6365999999999999,0.025451915448547198,0.1520968557549752,1.014781597741241,0.1498813696400497,-0.002215486114925505,0.05043342549256591,0.14988136964004964,0.152096855754975,0.08319274827056054,0.14889062741021228,-0.030000000000001137,-0.25000000000000744,0.120000000000001,0.01999999999999957,0.08999999999999986,0.07666666666666681,0.05131601439446945,0.05,0.07648529270389214,0.01306223979857342
2026-04-14 15:22:24,Planta,BIM-14,8.44,0.6260258565620234,18.2,0.3536490231807867,2270,-0.5652173913043478,0.674,0.3019782253950249,0.0,1.0,1,21,-0.1100000000000012,ESTACIONARIO,OBSERVACION,14.0,21.07582175925926,-0.11000000000000121,-0.01286549707602358,8.55,8.46,8.34,8.483333333333334,0.05859465277081748,8.422,0.09391485505499111,-0.1899829131826808,-0.23281969535954705,0.8160087697447042,0.6605682044134218,0.4533141173050435,0.7008676102400497,0.10119984391205637,0.5949377434957681,0.16220197958611912,1.0,0.058139534883721034,17.2,15.9,15.5,17.099999999999998,1.153256259467081,16.44,1.2177848742696753,-0.13372129022877455,-0.27437307228108077,0.4873703134095613,0.3779619850405653,0.2320842138819026,0.40632710721030446,0.07123047790007411,0.33176735750698844,0.11416741445091874,20.0,0.008888888888888946,2250.0,2270.0,2290.0,2263.3333333333335,11.547005383790877,2278.0,22.8035085019826,0.08695652173913049,-0.13333333333333341,-0.6521739130434783,-0.5652173913043478,-0.4782608695652174,-0.5942028985507246,0.05020437123388114,-0.5304347826086957,0.09914568913905497,0.0,0.0,0.674,0.648,0.622,0.6653333333333334,0.015011106998929111,0.6498000000000002,0.023983327542273794,0.0,0.0,0.3019782253950249,0.1498813696400497,-0.002215486114925505,0.2512792734766998,0.08781316061303003,0.16041115196154795,0.14029956575852207,-0.20000000000000107,-2.2222222222222374,0.08999999999999986,0.120000000000001,0.01999999999999957,0.03333333333333322,0.12503332889007468,0.041999999999999815,0.09257429448826564,0.0
2026-04-15 15:16:49,Planta,BIM-14,8.25,0.2978735519737612,18.6,0.1226758855129067,2330,-0.3043478260869565,0.581,-0.2420605278823864,-0.1491,1.0,1,22,-0.1899999999999995,DECLIVE,DESCARTE,15.0,22.071944444444444,-0.1899999999999995,-0.02251184834123221,8.44,8.55,8.46,8.413333333333334,0.1517673658377597,8.408000000000001,0.11562871615649864,-0.32815230458826217,-0.5241833083227458,0.6260258565620234,0.8160087697447042,0.6605682044134218,0.5799693927601629,0.2621200571628972,0.5707580999997908,0.1997043667543822,0.40000000000000213,0.021978021978022122,18.2,17.2,15.9,18.0,0.7211102550928064,17.080000000000002,1.366382084191683,-0.23097313766788002,-0.6531140269820728,0.3536490231807867,0.4873703134095613,0.3779619850405653,0.3212317407010849,0.18449570885857128,0.3147482842051445,0.14056382829039146,60.0,0.026431718061673992,2270.0,2250.0,2270.0,2283.3333333333335,41.633319989322146,2282.0,30.331501776206082,0.2608695652173913,-0.46153846153846156,-0.5652173913043478,-0.6521739130434783,-0.5652173913043478,-0.5072463768115942,0.18101443473618567,-0.5130434782608696,0.13187609467915704,-0.09300000000000008,-0.1379821958456975,0.674,0.674,0.648,0.643,0.05369357503463524,0.6397999999999999,0.03930903204099532,-0.5440387532774114,-1.801582721952026,0.3019782253950249,0.3019782253950249,0.1498813696400497,0.12063197430255442,0.31410092065430184,0.10191236128655748,0.229953083700268,-0.07999999999999831,0.727272727272704,-0.1100000000000012,0.08999999999999986,0.120000000000001,-0.07000000000000028,0.14422205101855945,-0.014000000000000058,0.13240090634130897,-0.14905729612290963
2026-04-16 15:06:32,Planta,BIM-14,8.12,0.07334829093968508,16.6,-0.03535836657564426,2390,-0.04347826086956522,0.527,-0.5579539975273342,-0.0983,1.0,1,23,-0.1300000000000008,DECLIVE,DESCARTE,16.0,23.06480324074074,-0.13000000000000078,-0.01575757575757586,8.25,8.44,8.55,8.27,0.16093476939430695,8.364,0.1747283606058288,-0.2245252610340761,-0.7537603105288578,0.2978735519737612,0.6260258565620234,0.8160087697447042,0.33241589982515657,0.27795323929011845,0.494764934726719,0.30177639057751854,-2.0,-0.10752688172043012,18.6,18.2,17.2,17.8,1.0583005244258399,17.3,1.1135528725660069,-0.15803425208855096,-1.2882258923814673,0.1226758855129067,0.3536490231807867,0.4873703134095613,0.14698884737268306,0.19564004550975211,0.26125976811363516,0.21240819836153926,60.0,0.025751072961373467,2330.0,2270.0,2250.0,2330.0,59.999999999999616,2302.0,57.61944116355167,0.26086956521739124,-0.8571428571428571,-0.3043478260869565,-0.5652173913043478,-0.6521739130434783,-0.30434782608695654,0.26086956521739146,-0.42608695652173906,0.2505193094067465,-0.05399999999999994,-0.09294320137693624,0.581,0.674,0.674,0.594,0.0743572457800852,0.6208,0.0647742232682107,-0.3158934696449478,1.305018510900859,-0.2420605278823864,0.3019782253950249,0.3019782253950249,-0.1660121000048986,0.43498089560580194,-0.009235340995924268,0.37892137281021476,0.05999999999999869,-0.3157894736842045,-0.1899999999999995,-0.1100000000000012,0.08999999999999986,-0.14333333333333384,0.04163331998932176,-0.044000000000000136,0.1395707705789436,-0.09825184474816007
2026-04-20 21:20:18,Planta,BIM-14,7.9,-0.3066175354256702,15.4,-0.3028009470331889,2530,0.5652173913043478,0.437,-1.084443113602248,-0.044,1.0,1,27,-0.2199999999999989,DECLIVE,DESCARTE,17.0,27.324363425925927,-0.21999999999999886,-0.027093596059113212,8.12,8.25,8.44,8.089999999999998,0.176918060129537,8.251999999999999,0.25762375666852066,-0.3799658263653553,-5.18029556650208,0.07334829093968508,0.2978735519737612,0.6260258565620234,0.021534769162592022,0.3055582587094357,0.3013277867589007,0.44494647088135947,-1.200000000000001,-0.07228915662650603,16.6,18.6,18.2,16.866666666666667,1.6165807537309516,17.2,1.2806248474865725,-0.26744258045754465,7.563770794824157,-0.03535836657564426,0.1226758855129067,0.3536490231807867,-0.07182780936530882,0.2150701024117267,0.1251071816988843,0.3131798285027056,140.0,0.05857740585774063,2390.0,2330.0,2270.0,2416.6666666666665,102.63202878893752,2354.0,112.60550608207394,0.608695652173913,-13.999999999999996,-0.04347826086956522,-0.3043478260869565,-0.5652173913043478,0.07246376811594198,0.44622621212581615,-0.2,0.48958915687858245,-0.09000000000000002,-0.17077798861480076,0.527,0.581,0.674,0.515,0.07274613391789271,0.5786,0.10114494549902152,-0.5264891160749139,0.9436066743999287,-0.5579539975273342,-0.2420605278823864,0.3019782253950249,-0.6281525463373229,0.4255560860477633,-0.25610023764438383,0.5916856994580564,-0.08999999999999808,0.6923076923076732,-0.1300000000000008,-0.1899999999999995,-0.1100000000000012,-0.17999999999999972,0.0458257569495574,-0.1120000000000001,0.12132600710482444,-0.043964011612534735
2026-03-23 14:26:40,Planta,BIM-15,8.27,0.3324158998251566,17.9,0.1469888473726831,2480,0.3478260869565217,0.619,-0.01976512331742264,-0.1293,1.0,1,0,0.0,DECLIVE,DESCARTE,0.0,0.0,,,,,,8.27,,8.27,,,,,,,0.3324158998251566,,0.3324158998251566,,,,,,,17.9,,17.9,,,,,,,0.1469888473726831,,0.1469888473726831,,,,,,,2480.0,,2480.0,,,,,,,0.3478260869565217,,0.3478260869565217,,,,,,,0.619,,0.619,,,,,,,-0.01976512331742264,,-0.01976512331742264,,,,,,,0.0,,0.0,,
2026-03-24 13:35:51,Planta,BIM-15,8.27,0.3324158998251566,18.3,0.1469888473726831,2440,0.1739130434782609,0.765,0.8343172205374374,0.2195,1.0,1,0,0.0,RAPIDO,PRODUCTO,1.0,0.9647106481481481,0.0,0.0,8.27,,,8.27,0.0,8.27,0.0,0.0,0.0,0.3324158998251566,,,0.3324158998251566,0.0,0.3324158998251566,0.0,0.40000000000000213,0.022346368715083997,17.9,,,18.1,0.2828427124746193,18.1,0.2828427124746193,0.0,0.0,0.1469888473726831,,,0.1469888473726831,0.0,0.1469888473726831,0.0,-40.0,-0.016129032258064502,2480.0,,,2460.0,28.284271247461902,2460.0,28.284271247461902,-0.17391304347826078,-0.4999999999999999,0.3478260869565217,,,0.2608695652173913,0.12297509238026907,0.2608695652173913,0.12297509238026907,0.14600000000000002,0.2358642972536349,0.619,,,0.692,0.10323759005323599,0.692,0.10323759005323599,0.85408234385486,-43.211586901762466,-0.01976512331742264,,,0.4072760486100074,0.6039274170314721,0.4072760486100074,0.6039274170314721,0.0,,0.0,,,0.0,0.0,0.0,0.0,0.21951718014977137
2026-03-25 12:24:45,Planta,BIM-15,8.26,0.3151447258994589,17.8,0.1348323664427948,2440,0.1739130434782609,0.625,0.01533415108757163,-0.2126,1.0,1,1,-0.009999999999999787,DECLIVE,DESCARTE,2.0,1.915335648148148,-0.009999999999999787,-0.0012091898428052694,8.27,8.27,,8.266666666666666,0.005773502691895878,8.266666666666666,0.005773502691895878,-0.017271173925697714,-0.05195652173912846,0.3324158998251566,0.3324158998251566,,0.32665884184992405,0.00997151691522242,0.32665884184992405,0.00997151691522242,-0.5,-0.02732240437158473,18.3,17.9,,18.0,0.26457513110645914,18.0,0.26457513110645914,-0.012156480929888303,-0.0827034237438854,0.1469888473726831,0.1469888473726831,,0.14293668706272034,0.0070185475372695596,0.14293668706272034,0.0070185475372695596,0.0,0.0,2440.0,2480.0,,2453.3333333333335,23.094010767585065,2453.3333333333335,23.094010767585065,0.0,0.0,0.1739130434782609,0.3478260869565217,,0.2318840579710145,0.10040874246776096,0.2318840579710145,0.10040874246776096,-0.14,-0.18300653594771243,0.765,0.619,,0.6696666666666666,0.08261557560976826,0.6696666666666666,0.08261557560976826,-0.8189830694498658,-0.9816207184628241,0.8343172205374374,-0.01976512331742264,,0.27662874943586213,0.48329112640896754,0.27662874943586213,0.48329112640896754,-0.009999999999999787,,0.0,0.0,,-0.0033333333333332624,0.005773502691896135,-0.0033333333333332624,0.005773502691896135,-0.2126224158739086
2026-03-26 12:54:27,Planta,BIM-15,8.36,0.4878564651564388,17.2,0.256397175741679,2440,0.1739130434782609,0.565,-0.3356585929623711,-0.0989,1.0,1,2,0.09999999999999964,DECLIVE,DESCARTE,3.0,2.935960648148148,0.09999999999999964,0.012106537530266248,8.26,8.27,8.27,8.296666666666667,0.05507570547286158,8.29,0.04690415759823446,0.1727117392569799,0.5480394404952866,0.3151447258994589,0.3324158998251566,0.3324158998251566,0.37847236362701814,0.09512220883022998,0.3669582476765527,0.08100898637174543,-0.6000000000000014,-0.03370786516853941,17.8,18.3,17.9,17.766666666666666,0.5507570547286104,17.8,0.4546060565661958,0.12156480929888416,0.9015996122152194,0.1348323664427948,0.1469888473726831,0.1469888473726831,0.1794061298523856,0.06695267632809865,0.17130180923246,0.057018949737541645,0.0,0.0,2440.0,2440.0,2480.0,2440.0,0.0,2450.0,20.00000000000004,0.0,0.0,0.1739130434782609,0.1739130434782609,0.3478260869565217,0.1739130434782609,0.0,0.21739130434782608,0.08695652173913039,-0.06000000000000005,-0.09600000000000009,0.625,0.765,0.619,0.6516666666666667,0.10263202878893771,0.6435,0.085375640553966,-0.35099274404994274,-22.889610389610894,0.01533415108757163,0.8343172205374374,-0.01976512331742264,0.1713309262208793,0.6003849568673656,0.12355691383630382,0.4994371725509679,0.10999999999999943,-11.000000000000178,-0.009999999999999787,0.0,0.0,0.029999999999999954,0.06082762530298193,0.022499999999999964,0.05188127472091105,-0.09888638686095348
2026-03-27 13:23:13,Planta,BIM-15,8.56,0.8332799436704018,17.1,0.4995267943394495,2390,-0.04347826086956522,0.61,-0.07241403492491405,0.0751,1.0,1,3,0.2000000000000011,RAPIDO,INOCULO_CLIENTE,4.0,3.9559375,0.20000000000000107,0.02392344497607679,8.36,8.26,8.27,8.393333333333333,0.15275252316519594,8.344,0.12739701723352928,0.345423478513963,0.7080432528514253,0.4878564651564388,0.3151447258994589,0.3324158998251566,0.5454270449087665,0.2638215395175305,0.4602225868753226,0.22002960422554324,-0.09999999999999787,-0.005813953488371992,17.2,17.8,18.3,17.36666666666667,0.3785938897200168,17.66,0.5029910535983718,0.24312961859777055,0.9482538873311321,0.256397175741679,0.1348323664427948,0.1469888473726831,0.29691877884130774,0.185693313485004,0.23694680625385792,0.1548699410524067,-50.0,-0.020491803278688492,2440.0,2440.0,2440.0,2423.3333333333335,28.867513459481355,2438.0,31.93743884534264,-0.2173913043478261,-1.25,0.1739130434782609,0.1739130434782609,0.1739130434782609,0.10144927536231886,0.12551092808470127,0.16521739130434782,0.13885842976235924,0.04500000000000004,0.07964601769911517,0.565,0.625,0.765,0.6,0.031224989991991962,0.6368,0.07544004241780357,0.26324455803745705,-0.7842628300207646,-0.3356585929623711,0.01533415108757163,0.8343172205374374,-0.1309128255999045,0.18266241533702118,0.08436272408406024,0.44131512499114883,0.10000000000000145,1.0000000000000182,0.09999999999999964,-0.009999999999999787,0.0,0.09666666666666697,0.10503967504392529,0.05800000000000018,0.09121403400793139,0.075132318818591
2026-03-30 13:14:36,Planta,BIM-15,8.7,1.075076378630172,16.8,0.6697175273578864,2340,-0.2608695652173913,0.788,0.9688644390899155,0.0855,1.0,1,6,0.1399999999999988,RAPIDO,PRODUCTO,5.0,6.949953703703704,0.1399999999999988,0.01635514018691575,8.56,8.36,8.26,8.540000000000001,0.17088007490635215,8.430000000000001,0.1931320791582801,0.2417964349597702,0.2901743127222214,0.8332799436704018,0.4878564651564388,0.3151447258994589,0.7987375958190043,0.29512994941438897,0.6087546826363257,0.33356177297743317,-0.3000000000000007,-0.01754385964912286,17.1,17.2,17.8,17.033333333333335,0.20816659994660766,17.440000000000005,0.6024948132556832,0.17019073301843685,0.34070391207640616,0.4995267943394495,0.256397175741679,0.1348323664427948,0.4752138324796716,0.20773003718969632,0.3414925422508986,0.2347806437237335,-50.0,-0.02092050209205021,2390.0,2440.0,2440.0,2390.0,50.00000000000006,2410.0,44.7213595499958,-0.21739130434782608,4.999999999999999,-0.04347826086956522,0.1739130434782609,0.1739130434782609,-0.04347826086956521,0.2173913043478261,0.04347826086956523,0.1944406936956339,0.17800000000000005,0.29180327868852474,0.61,0.565,0.625,0.6543333333333333,0.11792511748280492,0.6706000000000001,0.09949522601612609,1.0412784740148295,-14.379511859745543,-0.07241403492491405,-0.3356585929623711,0.01533415108757163,0.1869306037342101,0.6898476762950257,0.28208863656552785,0.5820350399878218,-0.0600000000000023,-0.3000000000000098,0.2000000000000011,0.09999999999999964,-0.009999999999999787,0.1466666666666665,0.0503322295684725,0.08599999999999994,0.0904433524367602,0.08551694956553436
2026-03-31 14:54:02,Planta,BIM-15,8.52,0.764195247967608,17.1,0.4509008706198945,2340,-0.2608695652173913,0.826,1.191159843654878,0.0441,1.0,1,8,-0.1799999999999997,MODERADO,OBSERVACION,6.0,8.01900462962963,-0.17999999999999972,-0.020689655172413723,8.7,8.56,8.36,8.593333333333332,0.09451631252505495,8.48,0.1726267650163213,-0.31088113066256406,-0.2891712038717462,1.075076378630172,0.8332799436704018,0.4878564651564388,0.8908505234227272,0.16324076724357986,0.6951105522648159,0.29814668828274815,0.3000000000000007,0.017857142857142794,16.8,17.1,17.2,17.000000000000004,0.1732050807568816,17.2,0.36742346141747806,-0.2188166567379919,-0.3267297745681662,0.6697175273578864,0.4995267943394495,0.256397175741679,0.5400483974390767,0.11489857507741717,0.40227494690034077,0.20985339769092382,0.0,0.0,2340.0,2390.0,2440.0,2356.6666666666665,28.86751345948135,2390.0,50.00000000000001,0.0,0.0,-0.2608695652173913,-0.04347826086956522,0.1739130434782609,-0.1884057971014493,0.12551092808470127,-0.0434782608695652,0.2173913043478261,0.03799999999999992,0.048223350253806974,0.788,0.61,0.565,0.7413333333333334,0.11531406390086736,0.6828000000000001,0.1162871446033482,0.22229540456496255,0.22943912026926228,0.9688644390899155,-0.07241403492491405,-0.3356585929623711,0.6958700826066265,0.6745733286019309,0.353457161189016,0.6802657330343602,-0.3199999999999985,-2.2857142857142945,0.1399999999999988,0.2000000000000011,0.09999999999999964,0.0533333333333334,0.2042873792805941,0.05000000000000001,0.14966629547095758,0.04405466804334648
2026-04-01 14:56:32,Planta,BIM-15,8.51,0.7469240740419103,17.3,0.4387443896900063,2330,-0.3043478260869565,0.806,1.074162262304898,-0.0245,1.0,1,9,-0.009999999999999787,DECLIVE,DESCARTE,7.0,9.020740740740742,-0.009999999999999787,-0.0011737089201877549,8.52,8.7,8.56,8.576666666666666,0.10692676621563837,8.53,0.12165525060596584,-0.017271173925697658,-0.02260047281323807,0.764195247967608,1.075076378630172,0.8332799436704018,0.8620652335465634,0.18467507766226995,0.7814664218933062,0.21011289921899937,0.1999999999999993,0.011695906432748426,17.1,16.8,17.1,17.066666666666666,0.2516611478423555,17.1,0.18708286933870105,-0.012156480929888192,-0.026960429047687473,0.4509008706198945,0.6697175273578864,0.4995267943394495,0.5197875958892624,0.1299853194395022,0.4630573515497831,0.14788997340122073,-10.0,-0.004273504273504258,2340.0,2340.0,2390.0,2336.6666666666665,5.773502691896192,2368.0,46.583258795408476,-0.04347826086956519,0.16666666666666652,-0.2608695652173913,-0.2608695652173913,-0.04347826086956522,-0.27536231884057966,0.025102185616940224,-0.1391304347826087,0.2025359078061238,-0.019999999999999907,-0.024213075060532607,0.826,0.788,0.61,0.8066666666666666,0.019008769905843523,0.7190000000000001,0.12183595528414438,-0.11699758134997995,-0.09822156276775762,1.191159843654878,0.9688644390899155,-0.07241403492491405,1.0780621816832305,0.11119900517110368,0.5652227834324813,0.7127256044854646,0.1699999999999999,-0.9444444444444455,-0.1799999999999997,0.1399999999999988,0.2000000000000011,-0.016666666666666895,0.16010413278030358,0.05000000000000001,0.14966629547095758,-0.02446855089127453
2026-04-02 14:19:04,Planta,BIM-15,8.42,0.591483508710628,16.7,0.3293360613210104,2340,-0.2608695652173913,0.856,1.36665621567985,0.0618,1.0,1,9,-0.08999999999999986,MODERADO,OBSERVACION,8.0,9.994722222222222,-0.08999999999999986,-0.010575793184488869,8.51,8.52,8.7,8.483333333333333,0.05507570547286063,8.542,0.10207840124140038,-0.15544056533128225,-0.20810758513931682,0.7469240740419103,0.764195247967608,1.075076378630172,0.7008676102400487,0.09512220883022934,0.802191830604144,0.17630138218973856,-0.6000000000000014,-0.034682080924855585,17.3,17.1,16.8,17.033333333333335,0.3055050463303881,17.0,0.2449489742783235,-0.10940832836899589,-0.24936690004468898,0.4387443896900063,0.4509008706198945,0.6697175273578864,0.4063271072103037,0.06695267632809855,0.47764512866564945,0.12409141380445639,10.0,0.0042918454935623185,2330.0,2340.0,2340.0,2336.6666666666665,5.773502691896192,2348.0,23.874672772626663,0.04347826086956519,-0.1428571428571428,-0.3043478260869565,-0.2608695652173913,-0.2608695652173913,-0.27536231884057966,0.025102185616940224,-0.2260869565217391,0.10380292509837681,0.04999999999999993,0.0620347394540941,0.806,0.826,0.788,0.8293333333333334,0.025166114784235156,0.7772,0.09681528804894422,0.292493953374952,0.2722995990822925,1.074162262304898,1.191159843654878,0.9688644390899155,1.210659440546542,0.14721872808657907,0.9056857451609256,0.5663577269714075,-0.08000000000000007,8.000000000000178,-0.009999999999999787,-0.1799999999999997,0.1399999999999988,-0.09333333333333312,0.08504900548115366,0.012000000000000111,0.15770225109363528,0.061794433240728946
2026-04-06 15:30:24,Planta,BIM-15,8.15,0.1251618127167812,16.2,0.001111076214022485,2510,0.4782608695652174,0.706,0.4891743555549937,-0.0481,1.0,1,14,-0.2699999999999996,DECLIVE,DESCARTE,9.0,14.04425925925926,-0.2699999999999996,-0.03206650831353919,8.42,8.51,8.52,8.36,0.18734993995194923,8.459999999999999,0.20087309426600705,-0.4663216959938469,-0.7883934025656594,0.591483508710628,0.7469240740419103,0.764195247967608,0.4878564651564399,0.32357533978792424,0.6605682044134199,0.34693141480613343,-0.5,-0.029940119760479056,16.7,17.3,17.1,16.733333333333334,0.5507570547286078,16.82,0.4207136793592582,-0.3282249851069879,-0.9966263147449878,0.3293360613210104,0.4387443896900063,0.4509008706198945,0.2563971757416797,0.2277515972241647,0.377961985040564,0.24419099397723917,170.0,0.07264957264957261,2340.0,2330.0,2340.0,2393.3333333333335,101.1599393699567,2372.0,77.26577508832744,0.7391304347826086,-2.8333333333333335,-0.2608695652173913,-0.3043478260869565,-0.2608695652173913,-0.028985507246376774,0.43982582334763826,-0.1217391304347826,0.33593815255794535,-0.15000000000000002,-0.17523364485981308,0.856,0.806,0.826,0.7893333333333333,0.07637626158259715,0.7964,0.05648716668412436,-0.8774818601248564,-0.642064807562704,1.36665621567985,1.074162262304898,1.191159843654878,0.9766642778465807,0.44679189388586726,1.018003423256907,0.3304430939677858,-0.17999999999999972,2.0,-0.08999999999999986,-0.009999999999999787,-0.1799999999999997,-0.12333333333333307,0.13316656236958765,-0.08200000000000003,0.15770225109363473,-0.047574608377816394
2026-04-07 15:24:25,Planta,BIM-15,8.02,-0.09936344831729488,16.1,-0.1569231758745284,2530,0.5652173913043478,0.677,0.319527862597522,-0.0421,1.0,1,15,-0.1300000000000008,DECLIVE,DESCARTE,10.0,15.040104166666667,-0.13000000000000078,-0.015950920245398903,8.15,8.42,8.51,8.196666666666667,0.20404247923736674,8.324,0.22634045153264115,-0.22452526103407608,-1.7938799076211576,0.1251618127167812,0.591483508710628,0.7469240740419103,0.20576062437003814,0.35240531471392855,0.42568023902392643,0.39091653048412806,-0.09999999999999787,-0.006172839506172756,16.2,16.7,17.3,16.333333333333332,0.3214550253664217,16.68,0.531036721894075,-0.15803425208855088,-142.23529411759392,0.001111076214022485,0.3293360613210104,0.4387443896900063,0.057841320553501496,0.2480438507736272,0.21263384439408103,0.2751503382718898,20.0,0.007968127490039834,2510.0,2340.0,2330.0,2460.0,104.4030650891054,2410.0,100.74720839804942,0.08695652173913038,0.18181818181818166,0.4782608695652174,-0.2608695652173913,-0.3043478260869565,0.2608695652173913,0.4539263699526327,0.04347826086956522,0.4380313408610844,-0.028999999999999915,-0.04107648725212454,0.706,0.856,0.806,0.7463333333333333,0.09607462377409186,0.7742,0.07823809813639415,-0.1696464929574717,-0.34680168948145074,0.4891743555549937,1.36665621567985,1.074162262304898,0.7251194779441219,0.5620249305339066,0.8881361079584285,0.4576834125690262,0.13999999999999876,-0.5185185185185148,-0.2699999999999996,-0.08999999999999986,-0.009999999999999787,-0.1633333333333334,0.09451631252505174,-0.13599999999999995,0.09736529155710456,-0.04211897281290948
2026-04-08 14:44:57,Planta,BIM-15,8.07,-0.01300757868880336,15.3,-0.09614077122508524,2560,0.6956521739130435,0.633,0.062133183627564,-0.0691,1.0,1,16,0.05000000000000071,DECLIVE,DESCARTE,11.0,16.01269675925926,0.05000000000000071,0.006234413965087393,8.02,8.15,8.42,8.08,0.06557438524299607,8.234,0.21824298385056862,0.08635586962849151,-0.869090909090971,-0.09936344831729488,0.1251618127167812,0.591483508710628,0.004263595236894321,0.11325466126029313,0.2702396736926443,0.37693125321465,-0.8000000000000007,-0.049689440993788914,16.1,16.2,16.7,15.866666666666667,0.49328828623161636,16.32,0.7429670248402732,0.06078240464944315,-0.3873386089129571,-0.1569231758745284,0.001111076214022485,0.3293360613210104,-0.08398429029519705,0.07971537636959262,0.10322551602508509,0.2653066671261405,30.0,0.011857707509881354,2530.0,2510.0,2340.0,2533.3333333333335,25.16611478423534,2454.0,110.13627921806692,0.13043478260869568,0.23076923076923084,0.5652173913043478,0.4782608695652174,-0.2608695652173913,0.5797101449275363,0.10941789036624353,0.23478260869565215,0.4788533879046388,-0.04400000000000004,-0.06499261447562787,0.677,0.706,0.856,0.672,0.036755951898977686,0.7356,0.092586716109818,-0.25739467896995805,-0.8055468993455914,0.319527862597522,0.4891743555549937,1.36665621567985,0.2902784672600266,0.21501787361983352,0.6623307759529655,0.5416210924992996,0.18000000000000152,-1.3846153846153877,-0.1300000000000008,-0.2699999999999996,-0.08999999999999986,-0.11666666666666654,0.16041612554021298,-0.08999999999999986,0.12247448713915905,-0.06909455334115275
2026-04-09 16:42:52,Planta,BIM-15,7.96,-0.2029904918714825,15.4,-0.2298620614538587,2560,0.6956521739130435,0.566,-0.3298087138948721,-0.1085,1.0,1,17,-0.1100000000000003,DECLIVE,DESCARTE,12.0,17.094583333333333,-0.11000000000000032,-0.013630731102850069,8.07,8.02,8.15,8.016666666666667,0.05507570547282576,8.124,0.17952715672008812,-0.18998291318267913,14.605555555563333,-0.01300757868880336,-0.09936344831729488,0.1251618127167812,-0.10512050629252691,0.09512220883023041,0.0802567605099657,0.3100644748098739,0.09999999999999964,0.006535947712418277,15.3,16.1,16.2,15.600000000000001,0.43588989435405745,15.940000000000001,0.5856620185738609,-0.13372129022877347,1.3908905506458287,-0.09614077122508524,-0.1569231758745284,0.001111076214022485,-0.16097533618449078,0.06695267632809768,-0.030495774203687893,0.21824184570648808,0.0,0.0,2560.0,2530.0,2510.0,2550.0,17.32050807568798,2500.0,91.92388155425118,0.0,0.0,0.6956521739130435,0.5652173913043478,0.4782608695652174,0.6521739130434782,0.07530655685082199,0.43478260869565216,0.39966905023587473,-0.06700000000000006,-0.10584518167456569,0.633,0.677,0.706,0.6253333333333333,0.05589573627150197,0.6876,0.10790875775394702,-0.3919418975224361,-6.308092948717983,0.062133183627564,0.319527862597522,0.4891743555549937,0.01728411077673797,0.3269832975771078,0.3815365807130115,0.6312531831846391,-0.16000000000000103,-3.199999999999975,0.05000000000000071,-0.1300000000000008,-0.2699999999999996,-0.06333333333333346,0.09865765724632555,-0.10999999999999996,0.11401754250991394,-0.10340857038247492
2026-04-10 15:35:36,Planta,BIM-15,8.04,-0.06482110046589949,15.9,-0.132610214014752,2560,0.6956521739130435,0.612,-0.06071427678991596,0.082,1.0,1,18,0.07999999999999918,RAPIDO,INOCULO_PLANTA,13.0,18.04787037037037,0.07999999999999918,0.010050251256281229,7.96,8.07,8.02,8.023333333333333,0.05686240703073983,8.047999999999998,0.06978538528946376,0.138169391405583,-0.6806692773229049,-0.2029904918714825,-0.01300757868880336,-0.09936344831729488,-0.0936063903420618,0.09820805216623199,-0.0510041613253398,0.1205275526806318,0.5,0.032467532467532534,15.4,15.3,16.1,15.533333333333333,0.3214550253664177,15.780000000000001,0.4086563348340643,0.0972518474391067,-0.42308785897070933,-0.2298620614538587,-0.09614077122508524,-0.1569231758745284,-0.1528710155645653,0.06912467666971381,-0.12288502927084037,0.08483447054563863,0.0,0.0,2560.0,2560.0,2530.0,2560.0,0.0,2544.0,23.021728866442675,0.0,0.0,0.6956521739130435,0.6956521739130435,0.5652173913043478,0.6956521739130435,0.0,0.6260869565217391,0.10009447333235973,0.04600000000000004,0.08127208480565384,0.566,0.633,0.677,0.6036666666666667,0.03426854728950872,0.6388,0.05483338399187129,0.2690944371049561,-0.8159106347648871,-0.3298087138948721,0.062133183627564,0.319527862597522,-0.1094632690190747,0.20046685746250065,0.09606248221905833,0.32076866521418484,0.1899999999999995,-1.7272727272727177,-0.1100000000000003,0.05000000000000071,-0.1300000000000008,0.006666666666666529,0.10214368964029696,-0.07600000000000015,0.14310835055998644,0.08196713190605101
2026-03-25 12:27:18,Planta,BIM-17,9.28,2.07680446632066,18.2,1.374793421291417,2090,-1.347826086956522,0.549,-0.4292566580423552,-0.3502,1.0,1,0,0.0,DECLIVE,DESCARTE,0.0,0.0,,,,,,9.28,,9.28,,,,,,,2.07680446632066,,2.07680446632066,,,,,,,18.2,,18.2,,,,,,,1.374793421291417,,1.374793421291417,,,,,,,2090.0,,2090.0,,,,,,,-1.347826086956522,,-1.347826086956522,,,,,,,0.549,,0.549,,,,,,,-0.4292566580423552,,-0.4292566580423552,,,,,,,0.0,,0.0,,
2026-03-26 12:58:45,Planta,BIM-17,9.28,2.07680446632066,17.4,1.374793421291417,2090,-1.347826086956522,0.597,-0.1484624628024017,0.082,1.0,1,1,0.0,RAPIDO,INOCULO_CLIENTE,1.0,1.0218402777777778,0.0,0.0,9.28,,,9.28,0.0,9.28,0.0,0.0,0.0,2.07680446632066,,,2.07680446632066,0.0,2.07680446632066,0.0,-0.8000000000000007,-0.04395604395604402,18.2,,,17.799999999999997,0.5656854249492372,17.799999999999997,0.5656854249492372,0.0,0.0,1.374793421291417,,,1.374793421291417,0.0,1.374793421291417,0.0,0.0,0.0,2090.0,,,2090.0,0.0,2090.0,0.0,0.0,0.0,-1.347826086956522,,,-1.347826086956522,0.0,-1.347826086956522,0.0,0.04799999999999993,0.08743169398907091,0.549,,,0.573,0.03394112549695427,0.573,0.03394112549695427,0.2807941952399535,-0.6541405706332626,-0.4292566580423552,,,-0.2888595604223784,0.1985514795719905,-0.2888595604223784,0.1985514795719905,0.0,,0.0,,,0.0,0.0,0.0,0.0,0.08202717558301181
2026-03-27 13:26:11,Planta,BIM-17,9.33,2.163160335949152,17.1,1.43557582594086,2080,-1.391304347826087,0.84,1.273058150599865,0.3351,1.0,1,2,0.05000000000000071,RAPIDO,PRODUCTO,2.0,2.040891203703704,0.05000000000000071,0.0053879310344828735,9.28,9.28,,9.296666666666667,0.02886751345948144,9.296666666666667,0.02886751345948144,0.08635586962849207,0.04158112669195235,2.07680446632066,2.07680446632066,,2.105589756196824,0.04985758457611412,2.105589756196824,0.04985758457611412,-0.29999999999999716,-0.01724137931034464,17.4,18.2,,17.566666666666666,0.568624070307731,17.566666666666666,0.568624070307731,0.060782404649442956,0.04421202757309306,1.374793421291417,1.374793421291417,,1.3950542228412315,0.035092737686348685,1.3950542228412315,0.035092737686348685,-10.0,-0.004784688995215336,2090.0,2090.0,,2086.6666666666665,5.773502691896192,2086.6666666666665,5.773502691896192,-0.043478260869564966,0.03225806451612878,-1.347826086956522,-1.347826086956522,,-1.3623188405797102,0.025102185616940137,-1.3623188405797102,0.025102185616940137,0.243,0.4070351758793971,0.597,0.549,,0.662,0.15600961508830155,0.662,0.15600961508830155,1.4215206134022667,-9.574949698189101,-0.1484624628024017,-0.4292566580423552,,0.23177967658503607,0.9126373816336374,0.23177967658503607,0.9126373816336374,0.05000000000000071,,0.0,0.0,,0.016666666666666902,0.0288675134594817,0.016666666666666902,0.0288675134594817,0.3351007979650072
2026-03-30 13:17:54,Planta,BIM-17,9.35,2.197702683800547,17.0,1.459888787800637,2090,-1.347826086956522,0.814,1.12096129484489,-0.0105,1.0,1,5,0.01999999999999957,ESTACIONARIO,PRODUCTO,3.0,5.035138888888889,0.019999999999999574,0.002143622722400762,9.33,9.28,9.28,9.319999999999999,0.03605551275463961,9.309999999999999,0.03559026084010414,0.03454234785139487,0.01596846395403162,2.163160335949152,2.07680446632066,2.07680446632066,2.1458891620234533,0.062272103176561545,2.128617988097755,0.0614685585030408,-0.10000000000000142,-0.005847953216374324,17.1,17.4,18.2,17.166666666666668,0.20816659994660994,17.425,0.5439056290693562,0.02431296185977705,0.01693603460050097,1.43557582594086,1.374793421291417,1.374793421291417,1.4234193450109711,0.043830815321913456,1.4112628640810827,0.043265232719248946,10.0,0.004807692307692291,2080.0,2090.0,2090.0,2086.6666666666665,5.773502691896192,2087.5,4.999999999999962,0.043478260869564966,-0.031249999999999778,-1.391304347826087,-1.347826086956522,-1.347826086956522,-1.3623188405797102,0.025102185616940137,-1.358695652173913,0.02173913043478249,-0.026000000000000023,-0.030952380952380953,0.84,0.597,0.549,0.7503333333333333,0.13342538489108194,0.7,0.14833071158731762,-0.1520968557549751,-0.11947361217027441,1.273058150599865,-0.1484624628024017,-0.4292566580423552,0.7485189942141178,0.7805223661473423,0.4540750811499995,0.8677167247818864,-0.03000000000000114,-0.6000000000000143,0.05000000000000071,0.0,0.0,0.023333333333333428,0.025166114784236242,0.01750000000000007,0.023629078131263352,-0.01050064294626797
2026-03-31 14:56:23,Planta,BIM-17,9.13,1.817736857435192,17.4,1.192446207343092,2090,-1.347826086956522,0.86,1.390055731949846,0.0515,1.0,1,6,-0.2199999999999989,MODERADO,OBSERVACION,4.0,6.103530092592592,-0.21999999999999886,-0.0235294117647058,9.35,9.33,9.28,9.270000000000001,0.12165525060596337,9.274,0.0861974477580397,-0.3799658263653549,-0.17289227936340767,2.197702683800547,2.163160335949152,2.07680446632066,2.059533292394964,0.2101128992189984,2.066441761965242,0.14887311121803698,0.3999999999999986,0.0235294117647058,17.0,17.1,17.4,17.166666666666668,0.20816659994660994,17.419999999999998,0.47116875957558896,-0.2674425804575451,-0.18319380400232732,1.459888787800637,1.43557582594086,1.374793421291417,1.3626369403615295,0.1478899734012202,1.3674995327334847,0.10478576298756624,0.0,0.0,2090.0,2080.0,2090.0,2086.6666666666665,5.773502691896192,2088.0,4.472135954999548,0.0,0.0,-1.347826086956522,-1.391304347826087,-1.347826086956522,-1.3623188405797102,0.025102185616940137,-1.356521739130435,0.019444069369563277,0.04600000000000004,0.05651105651105648,0.814,0.84,0.597,0.838,0.023065125189342187,0.732,0.14704251085995507,0.2690944371049562,0.24005684972574493,1.12096129484489,1.273058150599865,-0.1484624628024017,1.261358392464867,0.1349281930343739,0.6412712113099689,0.8601809063121512,-0.23999999999999846,-12.000000000000181,0.01999999999999957,0.05000000000000071,0.0,-0.04999999999999954,0.14798648586948693,-0.02999999999999972,0.10816653826391927,0.05145308483863037
2026-04-01 14:59:45,Planta,BIM-17,9.07,1.714109813881002,17.6,1.11950732176376,2090,-1.347826086956522,0.888,1.553852345839819,0.032,1.0,1,7,-0.0600000000000005,MODERADO,OBSERVACION,5.0,7.105868055555556,-0.0600000000000005,-0.0065717415115006395,9.13,9.35,9.33,9.183333333333335,0.1474222959166379,9.232,0.12497999839974416,-0.10362704355418995,-0.057008825634094595,1.817736857435192,2.197702683800547,2.163160335949152,1.909849785038914,0.25461561133020033,1.9939028314773108,0.21585512895954378,0.20000000000000284,0.011494252873563315,17.4,17.0,17.1,17.333333333333332,0.3055050463303864,17.3,0.24494897427831827,-0.07293888557933181,-0.06116744313510636,1.192446207343092,1.459888787800637,1.43557582594086,1.2572807723024964,0.17921363289510048,1.3164423128279532,0.15193169671639734,0.0,0.0,2090.0,2090.0,2080.0,2090.0,0.0,2088.0,4.472135954999548,0.0,0.0,-1.347826086956522,-1.347826086956522,-1.391304347826087,-1.347826086956522,0.0,-1.3565217391304347,0.019444069369563277,0.028000000000000025,0.032558139534883734,0.86,0.814,0.84,0.854,0.0373630833845392,0.7998000000000001,0.11656414543074561,0.1637966138899729,0.1178345659998925,1.390055731949846,1.12096129484489,1.273058150599865,1.3549564575448516,0.21856951938843455,1.0378930120864038,0.6818861543762321,0.1599999999999984,-0.7272727272727236,-0.2199999999999989,0.01999999999999957,0.05000000000000071,-0.0866666666666666,0.1222020185321549,-0.04199999999999982,0.10733126291998955,0.031964621643089976
2026-04-02 14:23:34,Planta,BIM-17,9.05,1.679567466029607,16.9,1.095194359903984,2120,-1.217391304347826,0.862,1.401755490084844,-0.0305,1.0,1,8,-0.01999999999999957,DECLIVE,DESCARTE,6.0,8.08074074074074,-0.019999999999999574,-0.0022050716648290836,9.07,9.13,9.35,9.083333333333334,0.04163331998931099,9.186,0.14380542409798114,-0.034542347851395094,-0.020151770657672152,1.714109813881002,1.817736857435192,2.197702683800547,1.7371380457819336,0.07190563106398157,1.9144554314190998,0.2483688491054986,-0.7000000000000028,-0.039772727272727404,17.6,17.4,17.0,17.299999999999997,0.36055512754639707,17.2,0.2915475947422668,-0.02431296185977616,-0.021717555023643476,1.11950732176376,1.192446207343092,1.459888787800637,1.135715963003612,0.05061146604981499,1.2605225005504663,0.17481678956616162,30.0,0.014354066985645897,2090.0,2090.0,2090.0,2100.0,17.320508075688775,2094.0,15.165750888103092,0.130434782608696,-0.09677419354838734,-1.347826086956522,-1.347826086956522,-1.347826086956522,-1.3043478260869568,0.07530655685082092,-1.3304347826086957,0.06593804733957877,-0.026000000000000023,-0.029279279279279313,0.888,0.86,0.814,0.87,0.015620499351814178,0.8528,0.02758985320729375,-0.1520968557549751,-0.09788372502843601,1.553852345839819,1.390055731949846,1.12096129484489,1.4485545226248364,0.09137803218205437,1.3479366026638526,0.16139730475271627,0.040000000000000924,-0.6666666666666765,-0.0600000000000005,-0.2199999999999989,0.01999999999999957,-0.09999999999999964,0.10583005244258308,-0.045999999999999736,0.1057355191030901,-0.03048241352954938
2026-04-06 15:35:46,Planta,BIM-17,9.07,1.714109813881002,16.2,1.11950732176376,2130,-1.173913043478261,0.859,1.384205852882347,-0.0009,1.0,1,12,0.01999999999999957,ESTACIONARIO,PRODUCTO,7.0,12.13087962962963,0.019999999999999574,0.0022099447513812542,9.05,9.07,9.13,9.063333333333333,0.011547005383745852,9.134,0.12441864811996806,0.034542347851395094,0.020566216332500886,1.679567466029607,1.714109813881002,1.817736857435192,1.702595697930537,0.019943033830436007,1.8246453270054697,0.21488561112801605,-0.6999999999999993,-0.041420118343195256,16.9,17.6,17.4,16.900000000000002,0.6999999999999991,17.02,0.5403702434442532,0.02431296185977616,0.02219967774661269,1.095194359903984,1.11950732176376,1.192446207343092,1.1114030011438347,0.014037095074539747,1.1973087997150464,0.15124929231928683,10.0,0.004716981132075526,2120.0,2090.0,2090.0,2113.3333333333335,20.816659994661283,2104.0,19.49358868961792,0.043478260869564966,-0.035714285714285476,-1.217391304347826,-1.347826086956522,-1.347826086956522,-1.2463768115942029,0.09050721736809272,-1.2869565217391306,0.08475473343312151,-0.0030000000000000027,-0.0034802784222738303,0.862,0.888,0.86,0.8696666666666667,0.015947831618541776,0.8566,0.026679580206592793,-0.017549637202496804,-0.0125197563531102,1.401755490084844,1.553852345839819,1.390055731949846,1.44660456293567,0.09329288635730121,1.3701661431203491,0.15607231778020603,0.03999999999999914,-2.0,-0.01999999999999957,-0.0600000000000005,-0.2199999999999989,-0.020000000000000167,0.04000000000000003,-0.051999999999999956,0.09959919678390929,-0.00086079731463091
2026-04-07 15:28:50,Planta,BIM-17,9.0,1.593211596401116,16.0,1.034411955254541,2130,-1.173913043478261,0.826,1.191159843654878,-0.0394,1.0,1,13,-0.07000000000000028,DECLIVE,DESCARTE,8.0,13.126064814814814,-0.07000000000000028,-0.007717750826901959,9.07,9.05,9.07,9.04,0.0360555127546241,9.064000000000002,0.04669047011972339,-0.12089821747988605,-0.07053119730185453,1.714109813881002,1.679567466029607,1.714109813881002,1.6622962921039084,0.06227210317655802,1.7037471095255838,0.08063992301102171,-0.1999999999999993,-0.012345679012345623,16.2,16.9,17.6,16.366666666666664,0.4725815626252549,16.82,0.708519583356735,-0.08509536650921912,-0.07601144258275427,1.11950732176376,1.095194359903984,1.11950732176376,1.083037878974095,0.043830815321913394,1.1122134332058276,0.05675918096178276,0.0,0.0,2130.0,2120.0,2090.0,2126.6666666666665,5.773502691895897,2112.0,20.49390153191919,0.0,0.0,-1.173913043478261,-1.217391304347826,-1.347826086956522,-1.1884057971014492,0.025102185616939613,-1.2521739130434786,0.08910391970399656,-0.03300000000000003,-0.038416763678696175,0.859,0.862,0.888,0.8490000000000001,0.019974984355438916,0.859,0.022022715545545638,-0.19304600922746906,-0.13946336726252617,1.384205852882347,1.401755490084844,1.553852345839819,1.3257070622073563,0.11685124285449822,1.3842058528823469,0.12883022267936978,-0.08999999999999986,-4.500000000000089,0.01999999999999957,-0.01999999999999957,-0.0600000000000005,-0.023333333333333428,0.04509249752822889,-0.06999999999999992,0.09110433579144248,-0.03936367727980979
2026-04-08 14:48:55,Planta,BIM-17,9.09,1.748652161732398,15.4,1.143820283623537,2140,-1.130434782608696,0.849,1.325707062207357,0.0282,1.0,1,14,0.08999999999999986,MODERADO,PRODUCTO,9.0,14.098344907407407,0.08999999999999986,0.010000000000000009,9.0,9.07,9.05,9.053333333333335,0.047258156262514193,9.056000000000001,0.03435112807464674,0.15544056533128203,0.0975642944618309,1.593211596401116,1.714109813881002,1.679567466029607,1.6853245240048385,0.08162038362178807,1.689930170385025,0.05932843075209651,-0.5999999999999996,-0.03749999999999998,16.0,16.2,16.9,15.866666666666667,0.41633319989321455,16.42,0.8497058314499215,0.10940832836899594,0.10576862323876912,1.034411955254541,1.11950732176376,1.095194359903984,1.0992465202139459,0.057449287538708864,1.1024882484619165,0.041758883335943464,10.0,0.0046948356807512415,2130.0,2130.0,2120.0,2133.3333333333335,5.773502691896192,2122.0,19.235384061671336,0.043478260869564966,-0.03703703703703687,-1.173913043478261,-1.173913043478261,-1.217391304347826,-1.1594202898550725,0.025102185616940137,-1.2086956521739132,0.08363210461596232,0.02300000000000002,0.02784503631961255,0.826,0.859,0.862,0.8446666666666666,0.01692138686199694,0.8568,0.02244326179502474,0.13454721855247898,0.112954797182923,1.191159843654878,1.384205852882347,1.401755490084844,1.300357586248194,0.09898806679704364,1.371336118933849,0.13129036738111285,0.16000000000000014,-2.2857142857142785,-0.07000000000000028,0.01999999999999957,-0.01999999999999957,0.01333333333333305,0.08020806277010648,-0.008000000000000184,0.0653452370108182,0.028247428904087844
2026-04-09 16:48:00,Planta,BIM-17,9.03,1.645025118178209,15.3,1.070881398044206,2150,-1.08695652173913,0.86,1.390055731949846,0.0125,1.0,1,15,-0.0600000000000005,ESTACIONARIO,OBSERVACION,10.0,15.181041666666667,-0.0600000000000005,-0.0066006600660066805,9.09,9.0,9.07,9.040000000000001,0.04582575694954574,9.048,0.034928498393158126,-0.10362704355418906,-0.059261095958343835,1.748652161732398,1.593211596401116,1.714109813881002,1.6622962921039075,0.07914646185525649,1.6761132312444662,0.06032561707115,-0.09999999999999964,-0.00649350649350644,15.4,16.0,16.2,15.566666666666668,0.37859388972000185,15.959999999999999,0.6503845016603655,-0.07293888557933093,-0.06376778469801747,1.143820283623537,1.034411955254541,1.11950732176376,1.0830378789740946,0.055707994045501225,1.0927630637180055,0.04246076246258929,10.0,0.004672897196261738,2140.0,2130.0,2130.0,2140.0,9.999999999999943,2134.0,11.401754250991367,0.04347826086956608,-0.03846153846153921,-1.130434782608696,-1.173913043478261,-1.173913043478261,-1.1304347826086956,0.04347826086956552,-1.1565217391304348,0.049572844569527805,0.01100000000000001,0.012956419316843437,0.849,0.826,0.859,0.8450000000000001,0.01734935157289833,0.8512000000000001,0.01495660389259592,0.0643486697424891,0.0485391317410242,1.325707062207357,1.191159843654878,1.384205852882347,1.3023075459373603,0.10149160860097402,1.3385767961558543,0.087494324032167,-0.15000000000000036,-1.6666666666666732,0.08999999999999986,-0.07000000000000028,0.01999999999999957,-0.013333333333333641,0.08962886439832515,-0.008000000000000184,0.0653452370108182,0.011889943168402521
2026-04-10 15:39:48,Planta,BIM-17,8.99,1.575940422475418,15.4,1.022255474324653,2150,-1.08695652173913,0.898,1.61235113651481,0.0454,1.0,1,16,-0.03999999999999915,MODERADO,OBSERVACION,11.0,16.133680555555557,-0.03999999999999915,-0.00442967884828338,9.03,9.09,9.0,9.036666666666667,0.05033222956845975,9.036,0.043358966777368536,-0.06908469570279085,-0.04199613424705573,1.645025118178209,1.748652161732398,1.593211596401116,1.656539234128675,0.08692966909452127,1.6553878225336287,0.07488602564503148,0.09999999999999964,0.006535947712418277,15.3,15.4,16.0,15.366666666666667,0.05773502691884625,15.660000000000002,0.4098780306383883,-0.04862592371955299,-0.04540738480317286,1.070881398044206,1.143820283623537,1.034411955254541,1.078985718664132,0.06118627889078935,1.0781752866021397,0.05270924527685912,0.0,0.0,2150.0,2140.0,2130.0,2146.6666666666665,5.773502691896192,2140.0,9.999999999999986,0.0,0.0,-1.08695652173913,-1.130434782608696,-1.173913043478261,-1.1014492753623186,0.02510218561694064,-1.1304347826086958,0.043478260869565466,0.038000000000000034,0.04418604651162794,0.86,0.849,0.826,0.8689999999999999,0.025709920264365447,0.8583999999999999,0.026024987992312676,0.22229540456496388,0.1599183395712831,1.390055731949846,1.325707062207357,1.191159843654878,1.4427046435573379,0.15039992438157745,1.3806959254418476,0.15224303248814092,0.02000000000000135,-0.333333333333353,-0.0600000000000005,0.08999999999999986,-0.07000000000000028,-0.0033333333333332624,0.08144527815247067,-0.012000000000000099,0.06685805860178706,0.04538727062158514
2026-04-13 15:57:32,Planta,BIM-17,8.96,1.524126900698325,16.7,0.9857860315349881,2130,-1.173913043478261,0.863,1.407605369152343,-0.0132,1.0,1,19,-0.02999999999999936,ESTACIONARIO,OBSERVACION,12.0,19.145995370370372,-0.02999999999999936,-0.0033370411568408587,8.99,9.03,9.09,8.993333333333334,0.035118845842822634,9.014,0.049295030175475846,-0.0518135217770932,-0.032877842993396134,1.575940422475418,1.645025118178209,1.748652161732398,1.5816974804506507,0.060654369462146446,1.617391239897093,0.08513830398329936,1.299999999999999,0.08441558441558428,15.4,15.3,15.4,15.800000000000002,0.7810249675906574,15.76,0.5941380311005205,-0.03646944278966491,-0.03567546832043944,1.022255474324653,1.070881398044206,1.143820283623537,1.0263076346346158,0.04269215797682057,1.051431028556385,0.05992540942662902,-20.0,-0.009302325581395321,2150.0,2150.0,2140.0,2143.3333333333335,11.54700538379258,2140.0,9.999999999999986,-0.08695652173913104,0.08000000000000052,-1.08695652173913,-1.08695652173913,-1.130434782608696,-1.1159420289855069,0.050204371233880885,-1.1304347826086956,0.043478260869565466,-0.03500000000000003,-0.03897550111358583,0.898,0.86,0.849,0.8736666666666667,0.021126602503321785,0.8591999999999999,0.026109385285755377,-0.20474576736246708,-0.12698584242948274,1.61235113651481,1.390055731949846,1.325707062207357,1.4700040792056663,0.12358806975155115,1.3853758286958469,0.1527367464484049,0.009999999999999787,-0.25,-0.03999999999999915,-0.0600000000000005,0.08999999999999986,-0.043333333333333,0.01527525231652018,-0.021999999999999888,0.06457553716385174,-0.013197617003127129
2026-04-20 21:20:45,Planta,BIM-17,7.9,-0.3066175354256702,15.1,-0.3028009470331889,2640,1.043478260869565,0.302,-1.874176787714618,-0.1453,1.0,1,26,-1.06,DECLIVE,DESCARTE,13.0,26.37045138888889,-1.0600000000000005,-0.11830357142857151,8.96,8.99,9.03,8.616666666666667,0.6208327740489625,8.794,0.5021254823248888,-1.830744436123995,-1.2011758570006108,1.524126900698325,1.575940422475418,1.645025118178209,0.9311499292493576,1.0722510819373279,1.237425413531736,0.8672296537758144,-1.5999999999999996,-0.09580838323353291,16.7,15.4,15.3,15.733333333333333,0.8504900548115307,15.580000000000002,0.6379655163094665,-1.288586978568177,-1.3071670092156724,0.9857860315349881,1.022255474324653,1.070881398044206,0.5684135196088174,0.7547141778375998,0.783988448098839,0.6104078850293521,510.0,0.23943661971830976,2130.0,2150.0,2150.0,2306.6666666666665,288.8482877451992,2242.0,222.64321233758733,2.217391304347826,-1.8888888888888886,-1.173913043478261,-1.08695652173913,-1.08695652173913,-0.40579710144927533,1.2558621206313,-0.6869565217391302,0.9680139666851622,-0.5609999999999999,-0.6500579374275782,0.863,0.898,0.86,0.6876666666666668,0.3344552785251466,0.7544000000000001,0.25356517899743247,-3.281782156866961,-2.331464648250982,1.407605369152343,1.61235113651481,1.390055731949846,0.381926572650845,1.9565229328588154,0.7723085024219477,1.4833256328637279,-1.0300000000000007,34.33333333333409,-0.02999999999999936,-0.03999999999999915,-0.0600000000000005,-0.3766666666666662,0.5918051481132399,-0.21999999999999983,0.4732335575590557,-0.14533795638275254
2026-04-27 16:20:17,Planta,BIM-17,7.88,-0.3411598832770671,12.7,-0.3271139088929664,2670,1.173913043478261,0.249,-2.184220378292068,-0.025,1.0,1,33,-0.02000000000000046,DECLIVE,DESCARTE,14.0,33.16179398148148,-0.020000000000000462,-0.0025316455696202667,7.9,8.96,8.99,8.246666666666666,0.617845719685205,8.552000000000001,0.6048718872620907,-0.03454234785139687,0.11265613952392672,-0.3066175354256702,1.524126900698325,1.575940422475418,0.2921164939985292,1.0670920883931327,0.8194630045298428,1.0446847567668753,-2.4000000000000004,-0.1589403973509934,15.1,16.7,15.4,14.833333333333334,2.0132891827388617,15.040000000000001,1.4518953130305252,-0.024312961859777493,0.08029354629829699,-0.3028009470331889,0.9857860315349881,1.022255474324653,0.11862372520294429,0.7510829708966456,0.4898016095955383,0.7353113562527207,30.0,0.011363636363636465,2640.0,2130.0,2150.0,2480.0,303.47981810987045,2348.0,280.5708466680029,0.130434782608696,0.12500000000000044,1.043478260869565,-1.173913043478261,-1.08695652173913,0.3478260869565217,1.3194774700429146,-0.226086956521739,1.2198732463826212,-0.05299999999999999,-0.17549668874172186,0.302,0.863,0.898,0.4713333333333333,0.3402268850830772,0.6344,0.32850464228074444,-0.3100435905774501,0.16542921276680578,-1.874176787714618,1.407605369152343,1.61235113651481,-0.8835972656181145,1.9902861332478934,0.0703230143220626,1.9217124304543887,1.0399999999999996,-0.9811320754716977,-1.06,-0.02999999999999936,-0.03999999999999915,-0.36999999999999994,0.5975784467331465,-0.2419999999999999,0.4575150270756143,-0.028414723345077816
2026-04-28 15:35:12,Planta,BIM-17,7.55,-0.9111086228251031,12.6,-0.7282777795792856,2680,1.217391304347826,0.261,-2.114021829482079,0.0485,1.0,1,34,-0.3300000000000001,MODERADO,DESCARTE,15.0,34.13048611111111,-0.33000000000000007,-0.04187817258883253,7.88,7.9,8.96,7.776666666666666,0.19655363983739157,8.256,0.6709918032286268,-0.569948739548036,1.6706206312222296,-0.3411598832770671,-0.3066175354256702,1.524126900698325,-0.5196286805092801,0.33947120993608615,0.3082362563291805,1.158881613627934,-0.09999999999999964,-0.007874015748031482,12.7,15.1,16.7,13.466666666666667,1.4153915830374657,14.5,1.7930421077041132,-0.40116387068631926,1.2263736263736265,-0.3271139088929664,-0.3028009470331889,0.9857860315349881,-0.45273087850181365,0.23894005743836294,0.12996977407084004,0.8156899060060226,10.0,0.0037453183520599342,2670.0,2640.0,2130.0,2663.3333333333335,20.81665999466268,2454.0,287.1062521088665,0.043478260869564966,0.03703703703703676,1.173913043478261,1.043478260869565,-1.173913043478261,1.144927536231884,0.09050721736809196,0.2347826086956522,1.2482880526472453,0.01200000000000001,0.04819277108433728,0.249,0.302,0.863,0.27066666666666667,0.027790885796128064,0.5146,0.33482577559082843,0.07019854880998899,-0.032138949671772665,-2.184220378292068,-1.874176787714618,1.407605369152343,-2.057472998496255,0.16257332108600647,-0.6304924979643225,1.9586902958879207,-0.30999999999999966,15.499999999999627,-0.02000000000000046,-1.06,-0.02999999999999936,-0.4700000000000002,0.5339475629684995,-0.2959999999999998,0.4464638843176458,0.04858872021184018
2026-03-18 21:26:15,Planta,BIM-20,8.72,1.109618726481571,20.2,0.6940304892176649,2250,-0.6521739130434783,0.539,-0.4877554487173457,0.3754,,1,0,-0.1000000000000014,SIN_DATO,SIN_CLASIFICAR,0.0,0.0,,,,,,8.72,,8.72,,,,,,,1.109618726481571,,1.109618726481571,,,,,,,20.2,,20.2,,,,,,,0.6940304892176649,,0.6940304892176649,,,,,,,2250.0,,2250.0,,,,,,,-0.6521739130434783,,-0.6521739130434783,,,,,,,0.539,,0.539,,,,,,,-0.4877554487173457,,-0.4877554487173457,,,,,,,-0.1000000000000014,,-0.1000000000000014,,
2026-03-19 14:08:51,Planta,BIM-20,8.62,0.9369069872245879,18.9,0.5724656799187786,2360,-0.1739130434782609,0.7,0.4540750811499994,0.3754,,1,0,-0.1000000000000014,RAPIDO,INOCULO_CLIENTE,1.0,0.69625,-0.10000000000000142,-0.01146788990825709,8.72,,,8.67,0.07071067811865576,8.67,0.07071067811865576,-0.17271173925698302,-0.15564962552914474,1.109618726481571,,,1.0232628568530795,0.12212564201913562,1.0232628568530795,0.12212564201913562,-1.3000000000000007,-0.06435643564356441,20.2,,,19.549999999999997,0.9192388155425111,19.549999999999997,0.9192388155425111,-0.12156480929888624,-0.17515773613334806,0.6940304892176649,,,0.6332480845682218,0.08595930100889197,0.6332480845682218,0.08595930100889197,110.0,0.04888888888888898,2250.0,,,2305.0,77.78174593052023,2305.0,77.78174593052023,0.4782608695652174,-0.7333333333333333,-0.6521739130434783,,,-0.41304347826086957,0.3381815040457401,-0.41304347826086957,0.3381815040457401,0.16099999999999992,0.29870129870129847,0.539,,,0.6194999999999999,0.11384419177103414,0.6194999999999999,0.11384419177103414,0.9418305298673451,-1.9309482494641201,-0.4877554487173457,,,-0.016840183783673163,0.6659747543977189,-0.016840183783673163,0.6659747543977189,0.0,0.0,-0.1000000000000014,,,-0.1000000000000014,0.0,-0.1000000000000014,0.0,0.3753892483079459
2026-03-20 13:44:31,Planta,BIM-20,8.74,1.144161074332966,18.4,0.7183434510774414,2360,-0.1739130434782609,0.672,0.2902784672600268,-0.0415,,1,1,0.120000000000001,DECLIVE,DESCARTE,2.0,1.6793518518518518,0.120000000000001,0.013921113689095321,8.62,8.72,,8.693333333333333,0.06429100507328703,8.693333333333333,0.06429100507328703,0.20725408710837812,0.22121095256459733,0.9369069872245879,1.109618726481571,,1.0635622626797083,0.11103811304786752,1.0635622626797083,0.11103811304786752,-0.5,-0.02645502645502651,18.9,20.2,,19.166666666666668,0.929157324317756,19.166666666666668,0.929157324317756,0.14587777115866274,0.2548236100011443,0.5724656799187786,0.6940304892176649,,0.6616132067379615,0.07815523771367758,0.6616132067379615,0.07815523771367758,0.0,0.0,2360.0,2250.0,,2323.3333333333335,63.5085296108588,2323.3333333333335,63.5085296108588,0.0,0.0,-0.1739130434782609,-0.6521739130434783,,-0.3333333333333333,0.27612404178634276,-0.3333333333333333,0.27612404178634276,-0.027999999999999914,-0.039999999999999925,0.7,0.539,,0.637,0.08601744009211156,0.637,0.08601744009211156,-0.16379661388997258,-0.36072583739926467,0.4540750811499994,-0.4877554487173457,,0.08553269989756017,0.503191622234696,0.08553269989756017,0.503191622234696,0.2200000000000024,-2.199999999999993,-0.1000000000000014,-0.1000000000000014,,-0.026666666666667265,0.12701705922171905,-0.026666666666667265,0.12701705922171905,-0.04152366760713488
2026-03-23 14:23:46,Planta,BIM-20,8.98,1.55866924854972,17.2,1.010098993394764,2330,-0.3043478260869565,0.567,-0.323958834827373,-0.0561,,1,4,0.2400000000000002,DECLIVE,DESCARTE,3.0,4.706608796296297,0.2400000000000002,0.027459954233409745,8.74,8.62,8.72,8.780000000000001,0.1833030277982344,8.765,0.1526433752247377,0.414508174216754,0.3622813111854972,1.144161074332966,0.9369069872245879,1.109618726481571,1.2132457700357577,0.3165858474210368,1.1873390091472111,0.2636330282112037,-1.1999999999999993,-0.06521739130434778,18.4,18.9,20.2,18.166666666666664,0.8736894948054076,18.674999999999997,1.2419742348374208,0.2917555423173226,0.40615048676189547,0.7183434510774414,0.5724656799187786,0.6940304892176649,0.7669693747969947,0.22283197618200437,0.7487346534021622,0.18556062799933312,-30.0,-0.012711864406779627,2360.0,2360.0,2250.0,2350.0,17.320508075688775,2325.0,51.961524227066285,-0.1304347826086956,0.7499999999999996,-0.1739130434782609,-0.1739130434782609,-0.6521739130434783,-0.21739130434782608,0.07530655685082072,-0.32608695652173914,0.22591967055246223,-0.1050000000000001,-0.1562500000000001,0.672,0.7,0.539,0.6463333333333333,0.07011656960614475,0.6194999999999999,0.07847080136373445,-0.6142373020873998,-2.116027784924108,0.2902784672600268,0.4540750811499994,-0.4877554487173457,0.14013157119421774,0.4101734528238254,-0.01684018378367312,0.45904469830758526,0.11999999999999922,0.9999999999999851,0.120000000000001,-0.1000000000000014,-0.1000000000000014,0.0866666666666666,0.17243356208503513,0.039999999999999605,0.1689181261242667,-0.056123097547828765
2026-03-24 13:51:35,Planta,BIM-20,8.88,1.38595750929274,17.7,0.8885341840958804,2330,-0.3043478260869565,0.824,1.17946008551988,0.3824,,1,5,-0.09999999999999964,RAPIDO,PRODUCTO,4.0,5.684259259259259,-0.09999999999999964,-0.011135857461024412,8.98,8.74,8.62,8.866666666666667,0.12055427546683527,8.788,0.1418449858119774,-0.1727117392569799,-0.11080717696694242,1.55866924854972,1.144161074332966,0.9369069872245879,1.3629292773918085,0.20821138590742108,1.227062709176317,0.2449829420446838,0.5,0.029069767441860517,17.2,18.4,18.9,17.766666666666666,0.6027713773341657,18.479999999999997,1.160603291396331,-0.12156480929888358,-0.12034940148819051,1.010098993394764,0.7183434510774414,0.5724656799187786,0.8723255428560285,0.14655157507290872,0.7766945595409058,0.1724335865023602,0.0,0.0,2330.0,2360.0,2360.0,2340.0,17.320508075688775,2326.0,45.05552130427522,0.0,0.0,-0.3043478260869565,-0.1739130434782609,-0.1739130434782609,-0.2608695652173913,0.07530655685082073,-0.32173913043478264,0.1958935708881532,0.257,0.45326278659612007,0.567,0.672,0.7,0.6876666666666665,0.12921429229513792,0.6604,0.11393989643667402,1.503418920347253,-4.640771476871052,-0.323958834827373,0.2902784672600268,0.4540750811499994,0.3819265726508447,0.7558879837190295,0.2224198700770375,0.6665346151179076,-0.33999999999999986,-1.4166666666666647,0.2400000000000002,0.120000000000001,-0.1000000000000014,0.08666666666666718,0.17243356208503416,0.011999999999999756,0.15912259424732936,0.3823567218991653
2026-03-25 12:33:27,Planta,BIM-20,8.93,1.472313378921229,16.9,0.9493165887453214,2360,-0.1739130434782609,0.812,1.109261536709893,-0.0155,,1,6,0.04999999999999893,ESTACIONARIO,PRODUCTO,5.0,6.63,0.049999999999998934,0.005630630630630407,8.88,8.98,8.74,8.93,0.050000000000002744,8.830000000000002,0.14764823060233428,0.08635586962848896,0.062307732415661565,1.38595750929274,1.55866924854972,1.144161074332966,1.4723133789212295,0.08635586962848987,1.2996016396642485,0.25500582705544933,-0.8000000000000007,-0.04519774011299438,17.7,17.2,18.4,17.266666666666666,0.4041451884327313,17.82,0.82885463140408,0.06078240464944107,0.06840750275836571,0.8885341840958804,1.010098993394764,0.7183434510774414,0.9493165887453219,0.06078240464944154,0.8277517794464371,0.17948828996490498,30.0,0.012875536480686733,2330.0,2330.0,2360.0,2340.0,17.320508075688775,2348.0,16.431676725154915,0.1304347826086956,-0.4285714285714284,-0.3043478260869565,-0.3043478260869565,-0.1739130434782609,-0.2608695652173913,0.07530655685082072,-0.2260869565217391,0.07144207271806507,-0.0119999999999999,-0.014563106796116387,0.824,0.567,0.672,0.7343333333333333,0.14503907519469827,0.715,0.10638138934982945,-0.070198548809987,-0.05951752812308608,1.17946008551988,-0.323958834827373,0.2902784672600268,0.6549209291341334,0.8484610499508849,0.5418232671624852,0.6223182627290327,0.14999999999999858,-1.4999999999999911,-0.09999999999999964,0.2400000000000002,0.120000000000001,0.06333333333333317,0.17039170558842742,0.04199999999999982,0.14635573101180607,-0.015511851309591857
2026-03-26 13:08:34,Planta,BIM-20,8.07,-0.01300757868880336,16.9,-0.09614077122508524,2380,-0.08695652173913043,0.536,-0.5053050859198428,-0.4055,,1,7,-0.8599999999999994,DECLIVE,DESCARTE,6.0,7.654386574074074,-0.8599999999999994,-0.09630459126539748,8.93,8.88,8.98,8.626666666666667,0.4827352621606726,8.719999999999999,0.37423254802328465,-1.4853209576100324,-1.0088347894375136,1.472313378921229,1.38595750929274,1.55866924854972,0.9484211031750553,0.8337404672844425,1.1096187264815702,0.6463435425567299,0.0,0.0,16.9,17.7,17.2,17.166666666666668,0.46188021535169443,17.419999999999998,0.6379655163094571,-1.0454573599704067,-1.101273666092943,0.9493165887453214,0.8885341840958804,1.010098993394764,0.5805700005387054,0.5868362008640922,0.6940304892176643,0.4549350833388624,20.0,0.008474576271186418,2360.0,2330.0,2330.0,2356.6666666666665,25.166114784235884,2352.0,21.679483388678747,0.08695652173913046,-0.5,-0.1739130434782609,-0.3043478260869565,-0.3043478260869565,-0.18840579710144925,0.10941789036624273,-0.20869565217391303,0.0942586234290382,-0.276,-0.33990147783251234,0.812,0.824,0.567,0.7240000000000001,0.1629232948353304,0.6822,0.13388875979707932,-1.6145666226297357,-1.4555328650613766,1.109261536709893,1.17946008551988,-0.323958834827373,0.5944721787699767,0.953081572065174,0.3499472337485169,0.7832330533103414,-0.9099999999999984,-18.200000000000358,0.04999999999999893,-0.09999999999999964,0.2400000000000002,-0.3033333333333334,0.48788659884581037,-0.10999999999999979,0.43692104549906935,-0.4054779607652692
2026-03-27 13:33:19,Planta,BIM-20,8.29,0.3669582476765519,16.4,0.1713018092324595,2360,-0.1739130434782609,0.62,-0.0139152442499236,0.1431,,1,8,0.2199999999999989,RAPIDO,INOCULO_CLIENTE,7.0,8.671574074074075,0.21999999999999886,0.027261462205699916,8.07,8.93,8.88,8.43,0.4467661580737734,8.63,0.41958312644814505,0.37996582636535525,-29.211111111126435,-0.01300757868880336,1.472313378921229,1.38595750929274,0.6087546826363258,0.7716176020208054,0.9541781611502875,0.7246693153174075,-0.5,-0.029585798816568087,16.9,16.9,17.7,16.73333333333333,0.28867513459481237,17.02,0.47644516998285436,0.26744258045754477,-2.7817811012916347,-0.09614077122508524,0.9493165887453214,0.8885341840958804,0.34149254225089853,0.543110428074336,0.5846221608486679,0.5100654275169852,-20.0,-0.008403361344537785,2380.0,2360.0,2330.0,2366.6666666666665,11.547005383792728,2352.0,21.679483388678747,-0.08695652173913046,1.0000000000000004,-0.08695652173913043,-0.1739130434782609,-0.3043478260869565,-0.14492753623188406,0.05020437123388054,-0.20869565217391303,0.0942586234290382,0.08399999999999996,0.15671641791044766,0.536,0.812,0.824,0.656,0.14147791347061925,0.6718,0.1368656275329931,0.4913898416699192,-0.9724616976205718,-0.5053050859198428,1.109261536709893,1.17946008551988,0.19668040218004212,0.8276286845252161,0.2891084914465267,0.8006473695653767,1.0799999999999983,-1.255813953488371,-0.8599999999999994,0.04999999999999893,-0.09999999999999964,-0.1966666666666672,0.5807179464536395,-0.09000000000000022,0.45210618221829213,0.1431253500149531
2026-03-30 13:24:25,Planta,BIM-20,8.54,0.7987375958190034,16.3,0.4752138324796709,2320,-0.3478260869565217,0.722,0.5827724206349785,0.0509,,1,11,0.25,MODERADO,INOCULO_PLANTA,8.0,11.665393518518519,0.25,0.030156815440289586,8.29,8.07,8.93,8.299999999999999,0.23515952032609663,8.541999999999998,0.3711738137315182,0.4317793481424515,1.176644348168555,0.3669582476765519,-0.01300757868880336,1.472313378921229,0.38422942160225065,0.4061480975835739,0.8021918306041442,0.6410607493621713,-0.09999999999999787,-0.0060975609756096505,16.4,16.9,16.9,16.533333333333335,0.32145502536643006,16.84,0.5549774770204544,0.30391202324721145,1.7741320106829552,0.1713018092324595,-0.09614077122508524,0.9493165887453214,0.18345829016234838,0.2858712224325909,0.4776451286656494,0.4512167388301177,-40.0,-0.016949152542372836,2360.0,2380.0,2360.0,2353.3333333333335,30.55050463303909,2350.0,24.494897427831734,-0.17391304347826078,0.9999999999999993,-0.1739130434782609,-0.08695652173913043,-0.1739130434782609,-0.2028985507246377,0.1328282810132127,-0.21739130434782608,0.10649955403405116,0.10199999999999998,0.1645161290322581,0.62,0.536,0.812,0.626,0.0931450481775603,0.7028,0.1241579639008308,0.5966876648849021,-42.88014311270017,-0.0139152442499236,-0.5053050859198428,1.109261536709893,0.021184030155070605,0.5448872675750989,0.470454742538997,0.7263090740867716,0.03000000000000111,0.13636363636364202,0.2199999999999989,-0.8599999999999994,0.04999999999999893,-0.1300000000000002,0.6323764701504944,-0.08800000000000026,0.45394933638017304,0.050873362164949136
2026-03-31 14:59:20,Planta,BIM-20,8.34,0.4533141173050435,16.6,0.2320842138819026,2310,-0.391304347826087,0.75,0.7465690345249517,0.0357,,1,12,-0.1999999999999993,MODERADO,OBSERVACION,9.0,12.73130787037037,-0.1999999999999993,-0.023419203747072515,8.54,8.29,8.07,8.389999999999999,0.13228756555323015,8.434000000000001,0.32377461296401716,-0.3454234785139599,-0.43246177508368344,0.7987375958190034,0.3669582476765519,-0.01300757868880336,0.539669986933533,0.22847615528770093,0.615663152206605,0.5591967653227135,0.3000000000000007,0.01840490797546024,16.3,16.4,16.9,16.433333333333334,0.15275252316519153,16.619999999999997,0.2774887385102096,-0.24312961859776833,-0.5116215101086501,0.4752138324796709,0.1713018092324595,-0.09614077122508524,0.2928666185313443,0.16081512679092044,0.34635513462285383,0.3935959908079105,-10.0,-0.004310344827586188,2320.0,2360.0,2380.0,2330.0,26.457513110646143,2346.0,29.664793948382613,-0.0434782608695653,0.12500000000000022,-0.3478260869565217,-0.1739130434782609,-0.08695652173913043,-0.3043478260869565,0.11503266569846039,-0.23478260869565215,0.128977364992968,0.028000000000000025,0.03878116343490312,0.722,0.62,0.536,0.6973333333333334,0.06842026990105593,0.688,0.10966312051004205,0.16379661388997324,0.2810644568792451,0.5827724206349785,-0.0139152442499236,-0.5053050859198428,0.43847540363666876,0.40025030468682177,0.38387653234001134,0.6415159931483198,-0.4499999999999993,-1.7999999999999972,0.25,0.2199999999999989,-0.8599999999999994,0.08999999999999986,0.2515949125081817,-0.10800000000000018,0.4568041155681497,0.03569523908879514
2026-04-01 15:03:25,Planta,BIM-20,8.35,0.4705852912307411,16.9,0.2442406948117908,2310,-0.391304347826087,0.824,1.17946008551988,0.0938,,1,13,0.009999999999999787,RAPIDO,INOCULO_PLANTA,10.0,13.734143518518518,0.009999999999999787,0.0011990407673860837,8.34,8.54,8.29,8.409999999999998,0.1126942766958471,8.318,0.16813684902482998,0.017271173925697603,0.03809979276263209,0.4533141173050435,0.7987375958190034,0.3669582476765519,0.5742123347849294,0.19463624532447002,0.4153175346685073,0.29039207628267416,0.29999999999999716,0.018072289156626287,16.6,16.3,16.4,16.6,0.2999999999999961,16.619999999999997,0.2774887385102096,0.01215648092988822,0.05237961137707581,0.2320842138819026,0.4752138324796709,0.1713018092324595,0.31717958039112143,0.13699658255606287,0.20533995583614773,0.20439523987819316,0.0,0.0,2310.0,2320.0,2360.0,2313.3333333333335,5.773502691897374,2336.0,32.09361307176239,0.0,0.0,-0.391304347826087,-0.3478260869565217,-0.1739130434782609,-0.3768115942028985,0.025102185616939925,-0.2782608695652174,0.13953744813809746,0.07399999999999995,0.09866666666666668,0.75,0.722,0.62,0.7653333333333333,0.05270041113059091,0.6904,0.11313178156468677,0.4328910509949283,0.5798406188523217,0.7465690345249517,0.5827724206349785,-0.0139152442499236,0.8362671802266033,0.3082910319214385,0.39791624210200877,0.6618072408441348,0.20999999999999908,-1.0499999999999992,-0.1999999999999993,0.25,0.2199999999999989,0.020000000000000157,0.22516660498395358,-0.11600000000000002,0.45368491268720795,0.09383125096607525
2026-04-02 14:28:16,Planta,BIM-20,8.28,0.3496870737508542,16.3,0.1591453283025712,2320,-0.3478260869565217,0.822,1.167760327384882,-0.0025,,1,14,-0.07000000000000028,ESTACIONARIO,OBSERVACION,11.0,14.709733796296296,-0.07000000000000028,-0.008383233532934131,8.35,8.34,8.54,8.323333333333332,0.037859388972002236,8.36,0.10511898020813731,-0.12089821747988688,-0.2569103194103173,0.4705852912307411,0.4533141173050435,0.7987375958190034,0.42452882742887965,0.06538760916561104,0.4878564651564389,0.18155281900668446,-0.5999999999999979,-0.035502958579881505,16.9,16.6,16.3,16.599999999999998,0.2999999999999961,16.5,0.2549509756796134,-0.08509536650921962,-0.3484078137543507,0.2442406948117908,0.2320842138819026,0.4752138324796709,0.2118234123320882,0.04602369400553807,0.25639717574167903,0.12778768782696145,10.0,0.0043290043290042934,2310.0,2310.0,2320.0,2313.3333333333335,5.773502691897374,2324.0,20.736441353327667,0.0434782608695653,-0.11111111111111127,-0.391304347826087,-0.391304347826087,-0.3478260869565217,-0.3768115942028985,0.025102185616940303,-0.33043478260869563,0.0901584406666422,-0.0020000000000000018,-0.0024271844660194164,0.824,0.75,0.722,0.7986666666666666,0.04215843134336593,0.7476,0.08413560482934687,-0.011699758134998017,-0.009919588020514514,1.17946008551988,0.7465690345249517,0.5827724206349785,1.031263149143238,0.24662172503415428,0.7325293247629536,0.49218311352256683,-0.08000000000000007,-8.000000000000178,0.009999999999999787,-0.1999999999999993,0.25,-0.0866666666666666,0.10598742063723018,0.041999999999999815,0.19175505208468374,-0.0024909379568923123
2026-04-06 15:40:46,Planta,BIM-20,8.01,-0.1166346222429926,15.7,-0.1690796568044166,2390,-0.04347826086956522,0.649,0.1557312487075487,-0.0589,,1,18,-0.2699999999999996,DECLIVE,DESCARTE,12.0,18.76008101851852,-0.2699999999999996,-0.032608695652173836,8.28,8.35,8.34,8.213333333333333,0.17953644012660167,8.304,0.1911282292075102,-0.4663216959938468,-1.3335399876007217,0.3496870737508542,0.4705852912307411,0.4533141173050435,0.23454591424620094,0.3100805083427238,0.39113789117252995,0.330100888875365,-0.6000000000000014,-0.036809815950920366,16.3,16.9,16.6,16.3,0.5999999999999992,16.36,0.44497190922572355,-0.32822498510698783,-2.0624229979466193,0.1591453283025712,0.2442406948117908,0.2320842138819026,0.07810212210331513,0.2182531310619112,0.1883208825343038,0.23234466735244924,70.0,0.030172413793103425,2320.0,2310.0,2310.0,2340.0,43.58898943540688,2330.0,33.911649915626306,0.30434782608695643,-0.875,-0.3478260869565217,-0.391304347826087,-0.391304347826087,-0.2608695652173913,0.18951734537133363,-0.3043478260869565,0.1474419561548971,-0.17299999999999993,-0.21046228710462278,0.822,0.824,0.75,0.765,0.10046392387319926,0.7534,0.07346291581471576,-1.0120290786773334,-0.8666410863123788,1.167760327384882,1.17946008551988,0.7465690345249517,0.8343172205374368,0.5877018053046459,0.7664586233544483,0.4297491734619493,-0.1999999999999993,2.8571428571428354,-0.07000000000000028,0.009999999999999787,-0.1999999999999993,-0.11000000000000003,0.14422205101855898,-0.05599999999999987,0.20292855885754435,-0.05834257296648251
2026-04-07 15:32:10,Planta,BIM-20,7.96,-0.2029904918714825,15.6,-0.2298620614538587,2400,0.0,0.641,0.1089322161675564,-0.0125,,1,19,-0.04999999999999982,ESTACIONARIO,OBSERVACION,13.0,19.754108796296297,-0.04999999999999982,-0.006242197253433224,8.01,8.28,8.35,8.083333333333332,0.1721433511156672,8.188,0.1880691362238849,-0.08635586962848989,0.7403965303593902,-0.1166346222429926,0.3496870737508542,0.4705852912307411,0.010020653212126382,0.29731177572712686,0.1907922736344328,0.32481747617785933,-0.09999999999999964,-0.006369426751592355,15.7,16.3,16.9,15.866666666666667,0.378593889720019,16.22,0.5630275304103556,-0.060782404649442096,0.3594897564746793,-0.1690796568044166,0.1591453283025712,0.2442406948117908,-0.0799321299852347,0.20926573650447514,0.047305703747597856,0.228625886800631,10.0,0.004184100418409997,2390.0,2320.0,2310.0,2370.0,43.58898943540688,2346.0,45.05552130427522,0.04347826086956522,-1.0,-0.04347826086956522,-0.3478260869565217,-0.391304347826087,-0.13043478260869565,0.18951734537133358,-0.23478260869565215,0.1958935708881532,-0.008000000000000007,-0.012326656394452962,0.649,0.822,0.824,0.7040000000000001,0.10226925246622275,0.7372,0.08933476367014134,-0.046799032539992305,-0.300511508951407,0.1557312487075487,1.167760327384882,1.17946008551988,0.47747459741999565,0.5982627592509304,0.6716905824609638,0.5225975639939332,0.21999999999999975,-0.8148148148148152,-0.2699999999999996,-0.07000000000000028,0.009999999999999787,-0.1299999999999999,0.12165525060596388,-0.11599999999999984,0.11523888232710289,-0.01247777985756929
2026-04-08 14:56:53,Planta,BIM-20,7.99,-0.1511769700943879,15.1,-0.193392618664193,2410,0.04347826086956522,0.642,0.1147820952350554,0.0016,,1,20,0.03000000000000025,ESTACIONARIO,INOCULO_CLIENTE,14.0,20.729606481481483,0.03000000000000025,0.0037688442211054607,7.96,8.01,8.28,7.986666666666667,0.025166114784193686,8.117999999999999,0.18240065789354482,0.051813521777094584,-0.25525097899609406,-0.2029904918714825,-0.1166346222429926,0.3496870737508542,-0.156934028069621,0.043464834547265616,0.06989405615454646,0.3150273486641248,-0.5,-0.03205128205128205,15.6,15.7,16.3,15.466666666666667,0.3214550253664329,15.920000000000002,0.6942621983083767,0.03646944278966571,-0.15865794711401904,-0.2298620614538587,-0.1690796568044166,0.1591453283025712,-0.1974447789741561,0.030593139445396763,-0.03778966276162126,0.22173501192820522,10.0,0.004166666666666652,2400.0,2390.0,2320.0,2400.0,10.000000000000625,2366.0,47.222875812470356,0.04347826086956522,,0.0,-0.04347826086956522,-0.3478260869565217,0.0,0.043478260869565105,-0.14782608695652172,0.20531685135856687,0.0010000000000000009,0.0015600624024960652,0.641,0.649,0.822,0.644,0.0043588989435459375,0.7156,0.09809332291241843,0.005849879067499009,0.05370201096892124,0.1089322161675564,0.1557312487075487,1.167760327384882,0.12648185337005344,0.0254990316871596,0.5453331946029845,0.5738340763667804,0.08000000000000007,-1.6000000000000072,-0.04999999999999982,-0.2699999999999996,-0.07000000000000028,-0.09666666666666639,0.1553490693030803,-0.06999999999999992,0.11916375287812946,0.0015980015052472138
2026-04-09 16:50:52,Planta,BIM-20,7.92,-0.2720751875742748,14.9,-0.2784879851734126,2420,0.08695652173913043,0.609,-0.0782639139924131,-0.0512,,1,21,-0.07000000000000028,DECLIVE,DESCARTE,15.0,21.808761574074072,-0.07000000000000028,-0.008760951188986232,7.99,7.96,8.01,7.956666666666667,0.035118845842809075,8.032,0.1427235089254666,-0.12089821747988688,0.7997131931166739,-0.1511769700943879,-0.2029904918714825,-0.1166346222429926,-0.20874754984671506,0.06065436946215431,-0.07863803960645671,0.24650025459377747,-0.1999999999999993,-0.013245033112582738,15.1,15.6,15.7,15.200000000000001,0.36055512754640084,15.52,0.5495452665613407,-0.08509536650921962,0.4400135180804352,-0.193392618664193,-0.2298620614538587,-0.1690796568044166,-0.2339142217638214,0.04269215797682247,-0.14233539875866194,0.17350156144992948,10.0,0.004149377593360981,2410.0,2400.0,2390.0,2410.0,10.000000000000625,2388.0,39.62322551231787,0.04347826086956521,0.9999999999999998,0.04347826086956522,0.0,-0.04347826086956522,0.043478260869565216,0.04347826086956509,-0.05217391304347825,0.17227489353181696,-0.03300000000000003,-0.051401869158878566,0.642,0.641,0.649,0.6306666666666666,0.01877054430040282,0.6726,0.08493703550277687,-0.1930460092274685,-1.6818477553676041,0.1147820952350554,0.1089322161675564,0.1557312487075487,0.048483465803399496,0.10980541418848119,0.29378839470052587,0.4968713860431178,-0.10000000000000053,-3.3333333333333233,0.03000000000000025,-0.04999999999999982,-0.2699999999999996,-0.029999999999999954,0.052915026221291496,-0.08599999999999994,0.11081516141756018,-0.04889939948602581
2026-04-10 15:46:26,Planta,BIM-20,7.9,-0.3066175354256702,15.0,-0.3028009470331889,2430,0.1304347826086956,0.655,0.190830523112543,0.0762,,1,22,-0.01999999999999957,RAPIDO,CRECIMIENTO,16.0,22.764016203703704,-0.019999999999999574,-0.002525252525252486,7.92,7.99,7.96,7.9366666666666665,0.047258156262499754,7.956,0.046151923036830286,-0.03454234785139543,0.12695883134130193,-0.2720751875742748,-0.1511769700943879,-0.2029904918714825,-0.24328989769811096,0.08162038362179286,-0.2098989614417616,0.07970978897749578,0.09999999999999964,0.006711409395973034,14.9,15.1,15.6,15.0,0.10000000000001122,15.26,0.36469165057616937,-0.024312961859776272,0.08730344989438854,-0.2784879851734126,-0.193392618664193,-0.2298620614538587,-0.25822718362359814,0.05744928753870989,-0.23472465382581395,0.05610449722752424,10.0,0.004132231404958775,2420.0,2410.0,2400.0,2420.0,10.000000000000625,2410.0,15.811388300841825,0.04347826086956516,0.49999999999999933,0.08695652173913043,0.04347826086956522,0.0,0.08695652173913042,0.043478260869565036,0.0434782608695652,0.06874516652539972,0.04600000000000004,0.07553366174055842,0.609,0.642,0.641,0.6353333333333334,0.02371356854911096,0.6392,0.017810109488713803,0.2690944371049561,-3.438295165394387,-0.0782639139924131,0.1147820952350554,0.1089322161675564,0.07578290145172838,0.13872150827114105,0.09840243384605808,0.10418698668789783,0.05000000000000071,-0.7142857142857215,-0.07000000000000028,0.03000000000000025,-0.04999999999999982,-0.01999999999999987,0.04999999999999971,-0.0759999999999998,0.11480418110852901,0.07622780949367118
2026-04-13 16:04:12,Planta,BIM-20,7.79,-0.4966004486083494,15.9,-0.4365222372619624,2430,0.1304347826086956,0.622,-0.002215486114925505,-0.0172,,1,25,-0.1100000000000003,ESTACIONARIO,OBSERVACION,17.0,25.776354166666668,-0.11000000000000032,-0.013924050632911467,7.9,7.92,7.99,7.87,0.06999999999997883,7.912000000000001,0.07661592523749441,-0.18998291318267918,0.6196087673815855,-0.3066175354256702,-0.2720751875742748,-0.1511769700943879,-0.35843105720276486,0.12089821747988833,-0.285892126714833,0.13232469702553248,0.9000000000000004,0.06000000000000005,15.0,14.9,15.1,15.266666666666666,0.5507570547286108,15.3,0.4301162633520982,-0.1337212902287735,0.4416145046406239,-0.3028009470331889,-0.2784879851734126,-0.193392618664193,-0.3392703898228546,0.08509536650922005,-0.2882131699173231,0.09313800340755779,0.0,0.0,2430.0,2420.0,2410.0,2426.6666666666665,5.773502691897374,2418.0,13.03840481040521,0.0,0.0,0.1304347826086956,0.08695652173913043,0.04347826086956522,0.1159420289855072,0.025102185616939936,0.07826086956521736,0.05668871656697978,-0.03300000000000003,-0.05038167938931304,0.655,0.609,0.642,0.6286666666666667,0.023713568549110987,0.6338,0.018185158784018666,-0.1930460092274685,-1.0116097051917576,0.190830523112543,-0.0782639139924131,0.1147820952350554,0.0367837076684014,0.13872150827114096,0.06681308688156325,0.10638097970978228,-0.09000000000000073,4.500000000000133,-0.01999999999999957,-0.07000000000000028,0.03000000000000025,-0.06666666666666672,0.045092497528228664,-0.04399999999999995,0.052725705305855984,-0.017161136476607268
2026-04-14 15:34:06,Planta,BIM-20,7.87,-0.3584310572027648,17.7,-0.3392703898228546,2400,0.0,0.622,-0.002215486114925505,0.0,,1,26,0.08000000000000007,ESTACIONARIO,CRECIMIENTO,18.0,26.75545138888889,0.08000000000000007,0.010269576379974277,7.79,7.9,7.92,7.853333333333333,0.05686240703074614,7.894,0.07300684899375709,0.1381693914055846,-0.2782305005820761,-0.4966004486083494,-0.3066175354256702,-0.2720751875742748,-0.3872163470789281,0.09820805216623472,-0.3169802397810894,0.1260913986738656,1.799999999999999,0.1132075471698113,15.9,15.0,14.9,16.2,1.3747727084867494,15.719999999999999,1.1755849607748372,0.09725184743910775,-0.22278784249139116,-0.4365222372619624,-0.3028009470331889,-0.2784879851734126,-0.35953119137266865,0.06912467666971625,-0.3100948355911223,0.08875063675440899,-30.0,-0.012345679012345734,2430.0,2430.0,2420.0,2420.0,17.320508075689165,2418.0,13.03840481040521,-0.1304347826086956,-1.0,0.1304347826086956,0.1304347826086956,0.08695652173913043,0.08695652173913039,0.07530655685082072,0.07826086956521736,0.05668871656697978,0.0,0.0,0.622,0.655,0.609,0.633,0.019052558883258998,0.63,0.018289341158171046,0.0,0.0,-0.002215486114925505,0.190830523112543,-0.0782639139924131,0.06213318362756393,0.11145516539346118,0.04458354642506686,0.10699043399953889,0.1900000000000004,-1.7272727272727257,-0.1100000000000003,-0.01999999999999957,-0.07000000000000028,-0.016666666666666604,0.09504384952922158,-0.017999999999999967,0.0759605160593316,0.0
2026-05-05 09:54:00,Planta,T1,8.28,,21.6,,2230,,0.414,,,,1,0,0.3500000000000014,SIN_DATO,SIN_CLASIFICAR,0.0,0.0,,,,,,8.28,,8.28,,,,,,,,,,,,,,,,21.6,,21.6,,,,,,,,,,,,,,,,2230.0,,2230.0,,,,,,,,,,,,,,,,0.414,,0.414,,,,,,,,,,,,,,,,0.3500000000000014,,0.3500000000000014,,
2026-05-06 17:48:00,Planta,T1,8.63,,21.6,,2210,,0.479,,,,1,1,0.3500000000000014,SIN_DATO,SIN_CLASIFICAR,1.0,1.3291666666666666,0.3500000000000014,0.04227053140096637,8.28,,,8.455,0.24748737341529264,8.455,0.24748737341529264,,,,,,,,,,0.0,0.0,21.6,,,21.6,0.0,21.6,0.0,,,,,,,,,,-20.0,-0.008968609865470878,2230.0,,,2220.0,14.142135623730951,2220.0,14.142135623730951,,,,,,,,,,0.065,0.15700483091787443,0.414,,,0.4465,0.04596194077712557,0.4465,0.04596194077712557,,,,,,,,,,0.0,0.0,0.3500000000000014,,,0.3500000000000014,0.0,0.3500000000000014,0.0,0.10971883906126711
2026-05-07 16:41:00,Planta,T1,8.55,,21.6,,2160,,0.48,,,,1,2,-0.08000000000000007,SIN_DATO,OBSERVACION,2.0,2.282638888888889,-0.08000000000000007,-0.009269988412514474,8.63,8.28,,8.486666666666666,0.1833939293797198,8.486666666666666,0.1833939293797198,,,,,,,,,,0.0,0.0,21.6,21.6,,21.6,0.0,21.6,0.0,,,,,,,,,,-50.0,-0.022624434389140302,2210.0,2230.0,,2200.0,36.05551275463989,2200.0,36.05551275463989,,,,,,,,,,0.0010000000000000009,0.0020876826722338038,0.479,0.414,,0.45766666666666667,0.03781974792794542,0.45766666666666667,0.03781974792794542,,,,,,,,,,-0.4300000000000015,-1.2285714285714278,0.3500000000000014,0.3500000000000014,,0.20666666666666758,0.24826061575153993,0.20666666666666758,0.24826061575153993,0.0021872755623239325
2026-05-08 00:00:00,Planta,T1,8.56,,21.3,,2130,,0.502,,,,1,2,0.009999999999999787,SIN_DATO,SIN_CLASIFICAR,3.0,2.5875,0.009999999999999787,0.0011695906432749315,8.55,8.63,8.28,8.58,0.043588989435409106,8.505,0.15416441439796322,,,,,,,,,,-0.3000000000000007,-0.01388888888888895,21.6,21.6,21.6,21.5,0.17320508075688762,21.525000000000002,0.15000000000000066,,,,,,,,,,-30.0,-0.01388888888888884,2160.0,2210.0,2230.0,2166.6666666666665,40.414518843273754,2182.5,45.73474244670748,,,,,,,,,,0.02200000000000002,0.04583333333333339,0.48,0.479,0.414,0.48700000000000004,0.012999999999999847,0.46875,0.038012059489939055,,,,,,,,,,0.08999999999999986,-1.1249999999999973,-0.08000000000000007,0.3500000000000014,0.3500000000000014,0.09333333333333371,0.22678918257565486,0.15750000000000064,0.22529610146057505,0.14699813835376188
2026-05-11 00:00:00,Planta,T1,8.25,,18.8,,2060,,0.665,,,,1,5,-0.3100000000000005,SIN_DATO,OBSERVACION,4.0,5.5875,-0.3100000000000005,-0.03621495327102808,8.56,8.55,8.63,8.453333333333333,0.1761628034896511,8.454,0.17558473737771194,,,,,,,,,,-2.5,-0.11737089201877937,21.3,21.6,21.6,20.566666666666666,1.537313674346693,20.98,1.2255610959882828,,,,,,,,,,-70.0,-0.032863849765258246,2130.0,2160.0,2210.0,2116.6666666666665,51.31601439446869,2158.0,67.60177512462228,,,,,,,,,,0.16300000000000003,0.32470119521912366,0.502,0.48,0.479,0.549,0.10105938848023963,0.508,0.09373633233703996,,,,,,,,,,-0.3200000000000003,-32.00000000000071,0.009999999999999787,-0.08000000000000007,0.3500000000000014,-0.12666666666666693,0.16502525059315434,0.06400000000000042,0.28597202660400284,0.09372897365470834
2026-05-12 00:00:00,Planta,T1,8.28,,20.2,,2080,,0.785,,,,1,6,0.02999999999999936,SIN_DATO,PRODUCTO,5.0,6.5875,0.02999999999999936,0.0036363636363636598,8.25,8.56,8.55,8.363333333333333,0.17097758137642882,8.453999999999999,0.17558473737771194,,,,,,,,,,1.3999999999999986,0.07446808510638281,18.8,21.3,21.6,20.099999999999998,1.2529964086141645,20.700000000000003,1.2083045973594573,,,,,,,,,,20.0,0.009708737864077666,2060.0,2130.0,2160.0,2090.0,36.05551275463961,2128.0,60.58052492344384,,,,,,,,,,0.12,0.18045112781954886,0.665,0.502,0.48,0.6506666666666666,0.14204342059149838,0.5822,0.13739614259505253,,,,,,,,,,0.33999999999999986,-1.0967741935483848,-0.3100000000000005,0.009999999999999787,-0.08000000000000007,-0.09000000000000045,0.19078784028338913,0.0,0.23769728648009492,0.1658966771265543
2026-05-13 00:00:00,Planta,T1,7.95,,20.3,,2110,,0.815,,,,1,7,-0.3299999999999992,SIN_DATO,OBSERVACION,6.0,7.5875,-0.3299999999999992,-0.03985507246376807,8.28,8.25,8.56,8.16,0.18248287590894652,8.318000000000001,0.2519325306505681,,,,,,,,,,0.10000000000000142,0.004950495049504955,20.2,18.8,21.3,19.76666666666667,0.8386497083606027,20.44,1.1013627921806686,,,,,,,,,,30.0,0.014423076923076872,2080.0,2060.0,2130.0,2083.3333333333335,25.16611478423536,2108.0,39.6232255123179,,,,,,,,,,0.029999999999999916,0.03821656050955413,0.785,0.665,0.502,0.755,0.0793725393319374,0.6494000000000001,0.15530389563690933,,,,,,,,,,-0.35999999999999854,-12.000000000000208,0.02999999999999936,-0.3100000000000005,0.009999999999999787,-0.20333333333333345,0.20231987873991306,-0.13600000000000012,0.17314733610425512,0.03750439545845427
2026-05-14 00:00:00,Planta,T1,8.27,,20.6,,2090,,0.833,,,,1,8,0.3199999999999994,SIN_DATO,PRODUCTO,7.0,8.5875,0.3199999999999994,0.040251572327044016,7.95,8.28,8.25,8.166666666666666,0.18770544300401443,8.262,0.2160324049766587,,,,,,,,,,0.3000000000000007,0.014778325123152802,20.3,20.2,18.8,20.366666666666667,0.20816659994659553,20.24,0.9126883367283692,,,,,,,,,,-20.0,-0.009478672985781977,2110.0,2080.0,2060.0,2093.3333333333335,15.275252316518616,2094.0,27.018512172212592,,,,,,,,,,0.018000000000000016,0.022085889570552242,0.815,0.785,0.665,0.8109999999999999,0.024248711305963257,0.72,0.13835461683659148,,,,,,,,,,0.6499999999999986,-1.9696969696969702,-0.3299999999999992,0.02999999999999936,-0.3100000000000005,0.006666666666666525,0.3256275991578921,-0.05600000000000023,0.2705180215808178,0.021845528925980073
2026-05-15 00:00:00,Planta,T1,7.9,,19.4,,2070,,0.679,,,,1,9,-0.3699999999999992,SIN_DATO,OBSERVACION,8.0,9.5875,-0.3699999999999992,-0.044740024183796745,8.27,7.95,8.28,8.04,0.20074859899884678,8.129999999999999,0.18828170383762335,,,,,,,,,,-1.2000000000000028,-0.058252427184466105,20.6,20.3,20.2,20.1,0.624499799839836,19.86,0.7402702209328669,,,,,,,,,,-20.0,-0.009569377990430672,2090.0,2110.0,2080.0,2090.0,19.99999999999931,2082.0,19.235384061671343,,,,,,,,,,-0.15399999999999991,-0.18487394957983183,0.833,0.815,0.785,0.7756666666666666,0.08419817891934056,0.7554000000000001,0.07819718665016057,,,,,,,,,,-0.6899999999999986,-2.15625,0.3199999999999994,-0.3299999999999992,0.02999999999999936,-0.12666666666666634,0.38734136537856717,-0.13200000000000003,0.29919893047937135,-0.20441251460814644
2026-05-05 09:55:00,Planta,T2,7.39,,20.5,,1379,,0.624,,,,1,0,-0.09999999999999964,SIN_DATO,SIN_CLASIFICAR,0.0,0.0,,,,,,7.39,,7.39,,,,,,,,,,,,,,,,20.5,,20.5,,,,,,,,,,,,,,,,1379.0,,1379.0,,,,,,,,,,,,,,,,0.624,,0.624,,,,,,,,,,,,,,,,-0.09999999999999964,,-0.09999999999999964,,
2026-05-06 17:49:00,Planta,T2,7.29,,20.5,,1349,,0.624,,,,1,1,-0.09999999999999964,SIN_DATO,OBSERVACION,1.0,1.3291666666666666,-0.09999999999999964,-0.013531799729363914,7.39,,,7.34,0.0707106781186545,7.34,0.0707106781186545,,,,,,,,,,0.0,0.0,20.5,,,20.5,0.0,20.5,0.0,,,,,,,,,,-30.0,-0.021754894851341522,1379.0,,,1364.0,21.213203435596427,1364.0,21.213203435596427,,,,,,,,,,0.0,0.0,0.624,,,0.624,0.0,0.624,0.0,,,,,,,,,,0.0,0.0,-0.09999999999999964,,,-0.09999999999999964,0.0,-0.09999999999999964,0.0,0.0
2026-05-07 16:44:00,Planta,T2,7.24,,21.3,,1238,,0.465,,,,1,2,-0.04999999999999982,SIN_DATO,OBSERVACION,2.0,2.2840277777777778,-0.04999999999999982,-0.006858710562414272,7.29,7.39,,7.3066666666666675,0.07637626158259707,7.3066666666666675,0.07637626158259707,,,,,,,,,,0.8000000000000007,0.039024390243902474,20.5,20.5,,20.766666666666666,0.46188021535170154,20.766666666666666,0.46188021535170154,,,,,,,,,,-111.0,-0.08228317272053376,1349.0,1379.0,,1322.0,74.27651041883968,1322.0,74.27651041883968,,,,,,,,,,-0.15899999999999997,-0.2548076923076923,0.624,0.624,,0.5710000000000001,0.09179869280115047,0.5710000000000001,0.09179869280115047,,,,,,,,,,0.04999999999999982,-0.5,-0.09999999999999964,-0.09999999999999964,,-0.08333333333333304,0.028867513459481187,-0.08333333333333304,0.028867513459481187,-0.30801648465904197
2026-05-08 00:00:00,Planta,T2,7.21,,19.9,,1232,,0.451,,,,1,2,-0.03000000000000025,SIN_DATO,OBSERVACION,3.0,2.5868055555555554,-0.03000000000000025,-0.004143646408839796,7.24,7.29,7.39,7.246666666666666,0.04041451884327425,7.2825,0.07889866919029728,,,,,,,,,,-1.4000000000000021,-0.06572769953051649,21.3,20.5,20.5,20.566666666666666,0.7023769168568506,20.55,0.5744562646538032,,,,,,,,,,-6.0,-0.004846526655896577,1238.0,1349.0,1379.0,1273.0,65.88626564011653,1299.5,75.5182097245426,,,,,,,,,,-0.014000000000000012,-0.03010752688172047,0.465,0.624,0.624,0.5133333333333333,0.09609543867079916,0.541,0.09601041610158759,,,,,,,,,,0.019999999999999574,-0.3999999999999929,-0.04999999999999982,-0.09999999999999964,-0.09999999999999964,-0.05999999999999991,0.03605551275463962,-0.06999999999999984,0.03559026084010411,-0.1009653558760008
2026-05-11 00:00:00,Planta,T2,7.31,,19.3,,1214,,0.624,,,,1,5,0.09999999999999964,SIN_DATO,SIN_CLASIFICAR,4.0,5.586805555555555,0.09999999999999964,0.01386962552011095,7.21,7.24,7.29,7.253333333333333,0.05131601439446878,7.287999999999999,0.06942621983083895,,,,,,,,,,-0.5999999999999979,-0.03015075376884413,19.9,21.3,20.5,20.166666666666668,1.026320287889378,20.3,0.7483314773547871,,,,,,,,,,-18.0,-0.01461038961038963,1232.0,1238.0,1349.0,1228.0,12.489995996796797,1282.4,75.7581678764739,,,,,,,,,,0.173,0.38359201773835916,0.451,0.465,0.624,0.5133333333333333,0.09609543867079916,0.5576000000000001,0.09105657581965179,,,,,,,,,,0.1299999999999999,-4.333333333333294,-0.03000000000000025,-0.04999999999999982,-0.09999999999999964,0.006666666666666525,0.08144527815247057,-0.03599999999999994,0.08203657720797444,0.10822767628891643
2026-05-12 00:00:00,Planta,T2,7.38,,20.8,,1231,,0.608,,,,1,6,0.07000000000000028,SIN_DATO,SIN_CLASIFICAR,5.0,6.586805555555555,0.07000000000000028,0.009575923392612928,7.31,7.21,7.24,7.3,0.08544003745317477,7.286,0.06580273550544824,,,,,,,,,,1.5,0.07772020725388606,19.3,19.9,21.3,20.0,0.7549834435270772,20.36,0.7797435475847164,,,,,,,,,,17.0,0.014003294892916074,1214.0,1232.0,1238.0,1225.6666666666667,10.115993936995665,1252.8,54.51330112917401,,,,,,,,,,-0.016000000000000014,-0.02564102564102566,0.624,0.451,0.465,0.5609999999999999,0.09559811713626996,0.5544,0.08838155916253115,,,,,,,,,,-0.02999999999999936,-0.2999999999999947,0.09999999999999964,-0.03000000000000025,-0.04999999999999982,0.04666666666666656,0.06806859285554052,-0.0019999999999999575,0.08408329203831148,-0.025975486403260677
2026-05-13 00:00:00,Planta,T2,7.37,,20.7,,1234,,0.553,,,,1,7,-0.009999999999999787,SIN_DATO,OBSERVACION,6.0,7.586805555555555,-0.009999999999999787,-0.0013550135501354532,7.38,7.31,7.21,7.353333333333333,0.03785938897199947,7.302,0.0759605160593318,,,,,,,,,,-0.10000000000000142,-0.004807692307692402,20.8,19.3,19.9,20.266666666666666,0.8386497083606101,20.4,0.7937253933193766,,,,,,,,,,3.0,0.002437043054427379,1231.0,1214.0,1232.0,1226.3333333333333,10.785793124908981,1229.8,9.230384607371636,,,,,,,,,,-0.05499999999999994,-0.09046052631578938,0.608,0.624,0.451,0.595,0.037242448899072134,0.5401999999999999,0.07967872990955611,,,,,,,,,,-0.08000000000000007,-1.1428571428571392,0.07000000000000028,0.09999999999999964,-0.03000000000000025,0.05333333333333338,0.05686240703077306,0.016000000000000014,0.06542170893518444,-0.0948168804438321
2026-05-05 09:56:00,Planta,T3,8.29,,20.6,,1399,,0.331,,,,1,0,0.4400000000000013,SIN_DATO,SIN_CLASIFICAR,0.0,0.0,,,,,,8.29,,8.29,,,,,,,,,,,,,,,,20.6,,20.6,,,,,,,,,,,,,,,,1399.0,,1399.0,,,,,,,,,,,,,,,,0.331,,0.331,,,,,,,,,,,,,,,,0.4400000000000013,,0.4400000000000013,,
2026-05-06 17:52:00,Planta,T3,8.73,,20.6,,1385,,0.345,,,,1,1,0.4400000000000013,SIN_DATO,SIN_CLASIFICAR,1.0,1.3305555555555555,0.4400000000000013,0.053075995174909796,8.29,,,8.51,0.3111269837220818,8.51,0.3111269837220818,,,,,,,,,,0.0,0.0,20.6,,,20.6,0.0,20.6,0.0,,,,,,,,,,-14.0,-0.010007147962830643,1399.0,,,1392.0,9.899494936611665,1392.0,9.899494936611665,,,,,,,,,,0.013999999999999957,0.04229607250755274,0.331,,,0.33799999999999997,0.009899494936611655,0.33799999999999997,0.009899494936611655,,,,,,,,,,0.0,0.0,0.4400000000000013,,,0.4400000000000013,0.0,0.4400000000000013,0.0,0.031134394562728235
2026-05-07 16:46:00,Planta,T3,8.75,,20.9,,1373,,0.452,,,,1,2,0.01999999999999957,SIN_DATO,SIN_CLASIFICAR,2.0,2.2847222222222223,0.019999999999999574,0.002290950744558984,8.73,8.29,,8.59,0.2600000000000006,8.59,0.2600000000000006,,,,,,,,,,0.29999999999999716,0.014563106796116276,20.6,20.6,,20.7,0.1732050807568866,20.7,0.1732050807568866,,,,,,,,,,-12.0,-0.008664259927797846,1385.0,1399.0,,1385.6666666666667,13.012814197295452,1385.6666666666667,13.012814197295452,,,,,,,,,,0.10700000000000004,0.310144927536232,0.345,0.331,,0.37600000000000006,0.06618912297349167,0.37600000000000006,0.06618912297349167,,,,,,,,,,-0.4200000000000017,-0.9545454545454557,0.4400000000000013,0.4400000000000013,,0.3000000000000007,0.2424871130596438,0.3000000000000007,0.2424871130596438,0.2831138125423981
2026-05-08 00:00:00,Planta,T3,8.87,,19.7,,1349,,0.555,,,,1,2,0.1199999999999992,SIN_DATO,SIN_CLASIFICAR,3.0,2.5861111111111112,0.11999999999999922,0.013714285714285568,8.75,8.73,8.29,8.783333333333333,0.075718777944003,8.66,0.25429641497014216,,,,,,,,,,-1.1999999999999993,-0.0574162679425837,20.9,20.6,20.6,20.400000000000002,0.6244997998398396,20.45,0.5196152422706629,,,,,,,,,,-24.0,-0.017479970866715266,1373.0,1385.0,1399.0,1369.0,18.330302779823402,1376.5,21.18962010041712,,,,,,,,,,0.10300000000000004,0.22787610619469034,0.452,0.345,0.331,0.4506666666666667,0.10500634901439697,0.42075,0.10455102422581365,,,,,,,,,,0.09999999999999963,5.000000000000089,0.01999999999999957,0.4400000000000013,0.4400000000000013,0.19333333333333336,0.21939310229205883,0.25500000000000034,0.2174856317093165,0.681133052618555
2026-05-11 00:00:00,Planta,T3,8.82,,18.9,,1328,,0.707,,,,1,5,-0.04999999999999893,SIN_DATO,OBSERVACION,4.0,5.586111111111111,-0.049999999999998934,-0.005636978579481311,8.87,8.75,8.73,8.813333333333333,0.06027713773341692,8.692,0.2315599274485982,,,,,,,,,,-0.8000000000000007,-0.040609137055837574,19.7,20.9,20.6,19.833333333333332,1.0066445913694326,20.14,0.8264381404557759,,,,,,,,,,-21.0,-0.015567086730911783,1349.0,1373.0,1385.0,1350.0,22.51666049839544,1366.8,28.411265371327627,,,,,,,,,,0.1519999999999999,0.27387387387387374,0.555,0.452,0.345,0.5713333333333334,0.12828224091172297,0.47800000000000004,0.15679923469200988,,,,,,,,,,-0.16999999999999812,-1.4166666666666605,0.1199999999999992,0.01999999999999957,0.4400000000000013,0.029999999999999954,0.08544003745317445,0.19400000000000048,0.23255106965997868,0.08068751738337938
2026-05-12 00:00:00,Planta,T3,8.87,,20.2,,1334,,0.794,,,,1,6,0.04999999999999893,SIN_DATO,PRODUCTO,5.0,6.586111111111111,0.049999999999998934,0.005668934240362633,8.82,8.87,8.75,8.853333333333333,0.02886751345948243,8.808,0.06572670690061826,,,,,,,,,,1.3000000000000007,0.06878306878306883,18.9,19.7,20.9,19.599999999999998,0.6557438524301995,20.059999999999995,0.7893034904268448,,,,,,,,,,6.0,0.004518072289156683,1328.0,1349.0,1373.0,1337.0,10.816653826392036,1353.8,24.610973162392416,,,,,,,,,,0.08700000000000008,0.1230551626591232,0.707,0.555,0.452,0.6853333333333333,0.12096418202647151,0.5706,0.18283681248588865,,,,,,,,,,0.09999999999999785,-2.0,-0.04999999999999893,0.1199999999999992,0.01999999999999957,0.03999999999999974,0.08544003745317436,0.11600000000000002,0.19112822920751443,0.11605279535056309
2026-05-13 00:00:00,Planta,T3,6.91,,19.8,,1109,,0.875,,,,1,7,-1.959999999999999,SIN_DATO,OBSERVACION,6.0,7.586111111111111,-1.959999999999999,-0.22096956031567072,8.87,8.82,8.87,8.2,1.1174524598388955,8.443999999999999,0.858941208698244,,,,,,,,,,-0.3999999999999986,-0.01980198019801971,20.2,18.9,19.7,19.63333333333333,0.6658328118479389,19.9,0.7314369419163891,,,,,,,,,,-225.0,-0.16866566716641684,1334.0,1328.0,1349.0,1257.0,128.20686409081225,1298.6,107.40251393705826,,,,,,,,,,0.08099999999999996,0.10201511335012592,0.794,0.707,0.555,0.7919999999999999,0.08401785524517998,0.6766,0.17270002895193737,,,,,,,,,,-2.009999999999998,-40.20000000000082,0.04999999999999893,-0.04999999999999893,0.1199999999999992,-0.653333333333333,1.132710613234171,-0.36400000000000005,0.8942762436741786,0.09714042511047868
2026-05-14 00:00:00,Planta,T3,6.63,,19.4,,925,,0.755,,,,1,8,-0.2800000000000002,SIN_DATO,OBSERVACION,7.0,8.58611111111111,-0.28000000000000025,-0.04052098408104199,6.91,8.87,8.82,7.47,1.220491704191387,8.02,1.145556633257388,,,,,,,,,,-0.40000000000000213,-0.020202020202020332,19.8,20.2,18.9,19.8,0.39999999999999913,19.599999999999998,0.484767985741632,,,,,,,,,,-184.0,-0.1659152389540126,1109.0,1334.0,1328.0,1122.6666666666667,204.84221570109358,1209.0,187.11092966473123,,,,,,,,,,-0.12,-0.13714285714285712,0.875,0.794,0.707,0.8080000000000002,0.0612127437712117,0.7372,0.11899663860798762,,,,,,,,,,1.6799999999999988,-0.857142857142857,-1.959999999999999,0.04999999999999893,-0.04999999999999893,-0.7300000000000001,1.0779146533933,-0.42400000000000004,0.8718543456334887,-0.14750613710858984
2026-05-15 00:00:00,Planta,T3,7.65,,19.3,,986,,0.88,,,,1,9,1.02,SIN_DATO,PRODUCTO,8.0,9.58611111111111,1.0200000000000005,0.15384615384615397,6.63,6.91,8.87,7.0633333333333335,0.5270041113059081,7.775999999999999,1.044739201906391,,,,,,,,,,-0.09999999999999787,-0.005154639175257603,19.4,19.8,20.2,19.5,0.2645751311064593,19.52,0.4969909455915655,,,,,,,,,,61.0,0.06594594594594594,925.0,1109.0,1334.0,1006.6666666666666,93.72477438400891,1136.4,189.6161912917776,,,,,,,,,,0.125,0.16556291390728473,0.755,0.875,0.794,0.8366666666666668,0.07076957915187396,0.8022,0.07535051426500035,,,,,,,,,,1.3000000000000003,-4.642857142857141,-0.2800000000000002,-1.959999999999999,0.04999999999999893,-0.40666666666666645,1.4940325743883003,-0.24399999999999986,1.0802453425032663,0.15320415822322742
2026-05-13 00:00:00,Planta,T4,6.38,,19.9,,1087,,0.657,,,,1,0,-0.4299999999999997,SIN_DATO,SIN_CLASIFICAR,0.0,0.0,,,,,,6.38,,6.38,,,,,,,,,,,,,,,,19.9,,19.9,,,,,,,,,,,,,,,,1087.0,,1087.0,,,,,,,,,,,,,,,,0.657,,0.657,,,,,,,,,,,,,,,,-0.4299999999999997,,-0.4299999999999997,,
2026-05-14 00:00:00,Planta,T4,5.95,,19.4,,1055,,0.827,,,,1,1,-0.4299999999999997,SIN_DATO,OBSERVACION,1.0,1.0,-0.4299999999999997,-0.06739811912225702,6.38,,,6.165,0.30405591591021525,6.165,0.30405591591021525,,,,,,,,,,-0.5,-0.025125628140703515,19.9,,,19.65,0.3535533905932738,19.65,0.3535533905932738,,,,,,,,,,-32.0,-0.029438822447102164,1087.0,,,1071.0,22.627416997969522,1071.0,22.627416997969522,,,,,,,,,,0.16999999999999993,0.2587519025875189,0.657,,,0.742,0.12020815280171303,0.742,0.12020815280171303,,,,,,,,,,0.0,0.0,-0.4299999999999997,,,-0.4299999999999997,0.0,-0.4299999999999997,0.0,0.2301206765390807
2026-05-15 00:00:00,Planta,T4,7.14,,18.7,,1122,,0.907,,,,1,2,1.19,SIN_DATO,PRODUCTO,2.0,2.0,1.1899999999999995,0.19999999999999996,5.95,6.38,,6.489999999999999,0.6025777958073129,6.489999999999999,0.6025777958073129,,,,,,,,,,-0.6999999999999993,-0.03608247422680411,19.4,19.9,,19.333333333333332,0.6027713773341704,19.333333333333332,0.6027713773341704,,,,,,,,,,67.0,0.06350710900473944,1055.0,1087.0,,1088.0,33.51119216023208,1088.0,33.51119216023208,,,,,,,,,,0.08000000000000007,0.09673518742442577,0.827,0.657,,0.797,0.12767145334803703,0.797,0.12767145334803703,,,,,,,,,,1.6199999999999997,-3.767441860465118,-0.4299999999999997,-0.4299999999999997,,0.11000000000000017,0.9353074360871935,0.11000000000000017,0.9353074360871935,0.09233775509144541
2026-05-13 00:00:00,Planta,T5,6.11,,20.2,,1097,,0.677,,,,1,0,-0.3799999999999999,SIN_DATO,SIN_CLASIFICAR,0.0,0.0,,,,,,6.11,,6.11,,,,,,,,,,,,,,,,20.2,,20.2,,,,,,,,,,,,,,,,1097.0,,1097.0,,,,,,,,,,,,,,,,0.677,,0.677,,,,,,,,,,,,,,,,-0.3799999999999999,,-0.3799999999999999,,
2026-05-14 00:00:00,Planta,T5,5.73,,19.6,,1075,,0.856,,,,1,1,-0.3799999999999999,SIN_DATO,OBSERVACION,1.0,1.0,-0.3799999999999999,-0.06219312602291327,6.11,,,5.92,0.26870057685088766,5.92,0.26870057685088766,,,,,,,,,,-0.5999999999999979,-0.02970297029702962,20.2,,,19.9,0.42426406871192573,19.9,0.42426406871192573,,,,,,,,,,-22.0,-0.020054694621695512,1097.0,,,1086.0,15.556349186104045,1086.0,15.556349186104045,,,,,,,,,,0.17899999999999994,0.2644017725258492,0.677,,,0.7665,0.126572113832392,0.7665,0.126572113832392,,,,,,,,,,0.0,0.0,-0.3799999999999999,,,-0.3799999999999999,0.0,-0.3799999999999999,0.0,0.23459910322946698
2026-05-15 00:00:00,Planta,T5,7.08,,18.9,,1119,,0.899,,,,1,2,1.35,SIN_DATO,PRODUCTO,2.0,2.0,1.3499999999999996,0.23560209424083767,5.73,6.11,,6.3066666666666675,0.6961561127601577,6.3066666666666675,0.6961561127601577,,,,,,,,,,-0.7000000000000028,-0.03571428571428581,19.6,20.2,,19.566666666666666,0.6506407098647707,19.566666666666666,0.6506407098647707,,,,,,,,,,44.0,0.040930232558139545,1075.0,1097.0,,1097.0,22.0,1097.0,22.0,,,,,,,,,,0.04300000000000004,0.050233644859813076,0.856,0.677,,0.8106666666666666,0.1177384106115474,0.8106666666666666,0.1177384106115474,,,,,,,,,,1.73,-4.55263157894737,-0.3799999999999999,-0.3799999999999999,,0.19666666666666677,0.9988159656980525,0.19666666666666677,0.9988159656980525,0.04901265832987817
2026-05-13 00:00:00,Planta,T6,6.31,,20.2,,989,,0.626,,,,1,0,-0.1999999999999993,SIN_DATO,SIN_CLASIFICAR,0.0,0.0,,,,,,6.31,,6.31,,,,,,,,,,,,,,,,20.2,,20.2,,,,,,,,,,,,,,,,989.0,,989.0,,,,,,,,,,,,,,,,0.626,,0.626,,,,,,,,,,,,,,,,-0.1999999999999993,,-0.1999999999999993,,
2026-05-14 00:00:00,Planta,T6,6.11,,19.4,,980,,0.763,,,,1,1,-0.1999999999999993,SIN_DATO,OBSERVACION,1.0,1.0,-0.1999999999999993,-0.03169572107765439,6.31,,,6.21,0.141421356237309,6.21,0.141421356237309,,,,,,,,,,-0.8000000000000007,-0.03960396039603964,20.2,,,19.799999999999997,0.5656854249492372,19.799999999999997,0.5656854249492372,,,,,,,,,,-9.0,-0.009100101112234582,989.0,,,984.5,6.363961030678928,984.5,6.363961030678928,,,,,,,,,,0.137,0.21884984025559118,0.626,,,0.6945,0.09687362902255703,0.6945,0.09687362902255703,,,,,,,,,,0.0,0.0,-0.1999999999999993,,,-0.1999999999999993,0.0,-0.1999999999999993,0.0,0.19790766018435857
2026-05-15 00:00:00,Planta,T6,7.49,,18.9,,1039,,0.843,,,,1,2,1.38,SIN_DATO,PRODUCTO,2.0,2.0,1.38,0.22585924713584293,6.11,6.31,,6.636666666666667,0.7457434768962673,6.636666666666667,0.7457434768962673,,,,,,,,,,-0.5,-0.02577319587628868,19.4,20.2,,19.5,0.6557438524301987,19.5,0.6557438524301987,,,,,,,,,,59.0,0.060204081632653006,980.0,989.0,,1002.6666666666666,31.785741037976987,1002.6666666666666,31.785741037976987,,,,,,,,,,0.07999999999999996,0.10484927916120568,0.763,0.626,,0.7440000000000001,0.10974060324237332,0.7440000000000001,0.10974060324237332,,,,,,,,,,1.5799999999999992,-7.900000000000024,-0.1999999999999993,-0.1999999999999993,,0.3266666666666671,0.9122134253196083,0.3266666666666671,0.9122134253196083,0.09970892671739837
