BIM,target,category,model,date,y_true,y_pred,residual,validation_mode,train_source
BIM-02,OD,machine_learning,Linear_Regression,2026-03-24 13:01:56,0.669,0.7764744026533345,-0.10747440265333441,synthetic_full_cycle,synthetic_growth_cycles
BIM-02,OD,machine_learning,Linear_Regression,2026-03-25 12:01:45,0.765,0.6550971781994581,0.1099028218005419,synthetic_full_cycle,synthetic_growth_cycles
BIM-02,OD,machine_learning,Linear_Regression,2026-03-26 12:09:38,0.456,0.8234587403308461,-0.3674587403308461,synthetic_full_cycle,synthetic_growth_cycles
BIM-02,OD,machine_learning,Linear_Regression,2026-03-27 12:51:34,0.469,0.31932704655335076,0.14967295344664922,synthetic_full_cycle,synthetic_growth_cycles
BIM-02,OD,machine_learning,Linear_Regression,2026-03-30 12:39:11,0.694,0.48280483148962905,0.2111951685103709,synthetic_full_cycle,synthetic_growth_cycles
BIM-02,OD,machine_learning,Linear_Regression,2026-03-31 14:37:02,0.677,0.8349829562716329,-0.15798295627163284,synthetic_full_cycle,synthetic_growth_cycles
BIM-02,OD,machine_learning,Linear_Regression,2026-04-01 14:27:25,0.85,0.6986594556589607,0.15134054434103927,synthetic_full_cycle,synthetic_growth_cycles
BIM-02,OD,machine_learning,Linear_Regression,2026-04-02 13:44:19,0.814,0.9489720830678655,-0.13497208306786557,synthetic_full_cycle,synthetic_growth_cycles
BIM-02,OD,machine_learning,Linear_Regression,2026-04-06 14:57:18,0.68,0.8118745571366393,-0.1318745571366392,synthetic_full_cycle,synthetic_growth_cycles
BIM-02,OD,machine_learning,Linear_Regression,2026-04-07 14:58:47,0.739,0.6167488332278029,0.12225116677219705,synthetic_full_cycle,synthetic_growth_cycles
BIM-02,OD,machine_learning,Linear_Regression,2026-04-08 14:28:43,0.665,0.7729904838502398,-0.1079904838502398,synthetic_full_cycle,synthetic_growth_cycles
BIM-02,OD,machine_learning,Linear_Regression,2026-04-09 16:17:04,0.637,0.6433820032186582,-0.006382003218658228,synthetic_full_cycle,synthetic_growth_cycles
BIM-02,OD,machine_learning,Linear_Regression,2026-04-10 15:05:25,0.657,0.6334427159705696,0.02355728402943047,synthetic_full_cycle,synthetic_growth_cycles
BIM-02,OD,machine_learning,Linear_Regression,2026-04-13 15:24:05,0.558,0.6823865820854974,-0.12438658208549735,synthetic_full_cycle,synthetic_growth_cycles
BIM-02,OD,machine_learning,Polynomial_Regression,2026-03-24 13:01:56,0.669,0.7865371583605344,-0.11753715836053436,synthetic_full_cycle,synthetic_growth_cycles
BIM-02,OD,machine_learning,Polynomial_Regression,2026-03-25 12:01:45,0.765,0.6633017113075514,0.10169828869244857,synthetic_full_cycle,synthetic_growth_cycles
BIM-02,OD,machine_learning,Polynomial_Regression,2026-03-26 12:09:38,0.456,0.8193317918982892,-0.3633317918982892,synthetic_full_cycle,synthetic_growth_cycles
BIM-02,OD,machine_learning,Polynomial_Regression,2026-03-27 12:51:34,0.469,0.3613983719273095,0.10760162807269047,synthetic_full_cycle,synthetic_growth_cycles
BIM-02,OD,machine_learning,Polynomial_Regression,2026-03-30 12:39:11,0.694,0.39092645643983825,0.3030735435601617,synthetic_full_cycle,synthetic_growth_cycles
BIM-02,OD,machine_learning,Polynomial_Regression,2026-03-31 14:37:02,0.677,0.8680810579728937,-0.19108105797289365,synthetic_full_cycle,synthetic_growth_cycles
BIM-02,OD,machine_learning,Polynomial_Regression,2026-04-01 14:27:25,0.85,0.7348011796378568,0.11519882036214313,synthetic_full_cycle,synthetic_growth_cycles
BIM-02,OD,machine_learning,Polynomial_Regression,2026-04-02 13:44:19,0.814,0.9521707277248823,-0.13817072772488237,synthetic_full_cycle,synthetic_growth_cycles
BIM-02,OD,machine_learning,Polynomial_Regression,2026-04-06 14:57:18,0.68,0.8433308831149873,-0.16333088311498722,synthetic_full_cycle,synthetic_growth_cycles
BIM-02,OD,machine_learning,Polynomial_Regression,2026-04-07 14:58:47,0.739,0.6043027241339053,0.1346972758660947,synthetic_full_cycle,synthetic_growth_cycles
BIM-02,OD,machine_learning,Polynomial_Regression,2026-04-08 14:28:43,0.665,0.752547823781439,-0.087547823781439,synthetic_full_cycle,synthetic_growth_cycles
BIM-02,OD,machine_learning,Polynomial_Regression,2026-04-09 16:17:04,0.637,0.6542506102461749,-0.017250610246174913,synthetic_full_cycle,synthetic_growth_cycles
BIM-02,OD,machine_learning,Polynomial_Regression,2026-04-10 15:05:25,0.657,0.6081992168075541,0.04880078319244596,synthetic_full_cycle,synthetic_growth_cycles
BIM-02,OD,machine_learning,Polynomial_Regression,2026-04-13 15:24:05,0.558,0.6739534755405295,-0.11595347554052948,synthetic_full_cycle,synthetic_growth_cycles
BIM-02,OD,machine_learning,Ridge,2026-03-24 13:01:56,0.669,0.7773293376422852,-0.10832933764228514,synthetic_full_cycle,synthetic_growth_cycles
BIM-02,OD,machine_learning,Ridge,2026-03-25 12:01:45,0.765,0.6581941224074688,0.10680587759253124,synthetic_full_cycle,synthetic_growth_cycles
BIM-02,OD,machine_learning,Ridge,2026-03-26 12:09:38,0.456,0.81980608659725,-0.36380608659724994,synthetic_full_cycle,synthetic_growth_cycles
BIM-02,OD,machine_learning,Ridge,2026-03-27 12:51:34,0.469,0.33059997161673504,0.13840002838326493,synthetic_full_cycle,synthetic_growth_cycles
BIM-02,OD,machine_learning,Ridge,2026-03-30 12:39:11,0.694,0.47683126277589194,0.217168737224108,synthetic_full_cycle,synthetic_growth_cycles
BIM-02,OD,machine_learning,Ridge,2026-03-31 14:37:02,0.677,0.8292939377673413,-0.15229393776734124,synthetic_full_cycle,synthetic_growth_cycles
BIM-02,OD,machine_learning,Ridge,2026-04-01 14:27:25,0.85,0.7040657651327796,0.14593423486722035,synthetic_full_cycle,synthetic_growth_cycles
BIM-02,OD,machine_learning,Ridge,2026-04-02 13:44:19,0.814,0.9438949364715522,-0.12989493647155226,synthetic_full_cycle,synthetic_growth_cycles
BIM-02,OD,machine_learning,Ridge,2026-04-06 14:57:18,0.68,0.8165517805172688,-0.1365517805172688,synthetic_full_cycle,synthetic_growth_cycles
BIM-02,OD,machine_learning,Ridge,2026-04-07 14:58:47,0.739,0.6201168367056303,0.11888316329436965,synthetic_full_cycle,synthetic_growth_cycles
BIM-02,OD,machine_learning,Ridge,2026-04-08 14:28:43,0.665,0.7688864277297346,-0.10388642772973455,synthetic_full_cycle,synthetic_growth_cycles
BIM-02,OD,machine_learning,Ridge,2026-04-09 16:17:04,0.637,0.6470259605760251,-0.010025960576025117,synthetic_full_cycle,synthetic_growth_cycles
BIM-02,OD,machine_learning,Ridge,2026-04-10 15:05:25,0.657,0.6331403852983927,0.023859614701607357,synthetic_full_cycle,synthetic_growth_cycles
BIM-02,OD,machine_learning,Ridge,2026-04-13 15:24:05,0.558,0.6816479251690586,-0.12364792516905854,synthetic_full_cycle,synthetic_growth_cycles
BIM-02,OD,machine_learning,Lasso,2026-03-24 13:01:56,0.669,0.7707038247396868,-0.10170382473968675,synthetic_full_cycle,synthetic_growth_cycles
BIM-02,OD,machine_learning,Lasso,2026-03-25 12:01:45,0.765,0.6975349310917575,0.06746506890824255,synthetic_full_cycle,synthetic_growth_cycles
BIM-02,OD,machine_learning,Lasso,2026-03-26 12:09:38,0.456,0.7906364017272349,-0.3346364017272349,synthetic_full_cycle,synthetic_growth_cycles
BIM-02,OD,machine_learning,Lasso,2026-03-27 12:51:34,0.469,0.4776403497897021,-0.008640349789702129,synthetic_full_cycle,synthetic_growth_cycles
BIM-02,OD,machine_learning,Lasso,2026-03-30 12:39:11,0.694,0.4796412703611621,0.21435872963883784,synthetic_full_cycle,synthetic_growth_cycles
BIM-02,OD,machine_learning,Lasso,2026-03-31 14:37:02,0.677,0.7495795942291785,-0.07257959422917848,synthetic_full_cycle,synthetic_growth_cycles
BIM-02,OD,machine_learning,Lasso,2026-04-01 14:27:25,0.85,0.7304197759687789,0.11958022403122104,synthetic_full_cycle,synthetic_growth_cycles
BIM-02,OD,machine_learning,Lasso,2026-04-02 13:44:19,0.814,0.8827337042353508,-0.06873370423535086,synthetic_full_cycle,synthetic_growth_cycles
BIM-02,OD,machine_learning,Lasso,2026-04-06 14:57:18,0.68,0.8474773416895496,-0.16747734168954953,synthetic_full_cycle,synthetic_growth_cycles
BIM-02,OD,machine_learning,Lasso,2026-04-07 14:58:47,0.739,0.6880307955461635,0.05096920445383646,synthetic_full_cycle,synthetic_growth_cycles
BIM-02,OD,machine_learning,Lasso,2026-04-08 14:28:43,0.665,0.7534378739811144,-0.08843787398111436,synthetic_full_cycle,synthetic_growth_cycles
BIM-02,OD,machine_learning,Lasso,2026-04-09 16:17:04,0.637,0.6927949377435835,-0.05579493774358346,synthetic_full_cycle,synthetic_growth_cycles
BIM-02,OD,machine_learning,Lasso,2026-04-10 15:05:25,0.657,0.6567490833046509,0.00025091669534915706,synthetic_full_cycle,synthetic_growth_cycles
BIM-02,OD,machine_learning,Lasso,2026-04-13 15:24:05,0.558,0.6863002645906889,-0.12830026459068888,synthetic_full_cycle,synthetic_growth_cycles
BIM-02,OD,machine_learning,Elastic_Net,2026-03-24 13:01:56,0.669,0.7744936964472108,-0.10549369644721074,synthetic_full_cycle,synthetic_growth_cycles
BIM-02,OD,machine_learning,Elastic_Net,2026-03-25 12:01:45,0.765,0.695016932409447,0.06998306759055306,synthetic_full_cycle,synthetic_growth_cycles
BIM-02,OD,machine_learning,Elastic_Net,2026-03-26 12:09:38,0.456,0.7896051776071755,-0.3336051776071755,synthetic_full_cycle,synthetic_growth_cycles
BIM-02,OD,machine_learning,Elastic_Net,2026-03-27 12:51:34,0.469,0.4673170391804605,0.0016829608195394474,synthetic_full_cycle,synthetic_growth_cycles
BIM-02,OD,machine_learning,Elastic_Net,2026-03-30 12:39:11,0.694,0.4659323257588384,0.22806767424116153,synthetic_full_cycle,synthetic_growth_cycles
BIM-02,OD,machine_learning,Elastic_Net,2026-03-31 14:37:02,0.677,0.7568501073610492,-0.07985010736104914,synthetic_full_cycle,synthetic_growth_cycles
BIM-02,OD,machine_learning,Elastic_Net,2026-04-01 14:27:25,0.85,0.7365230077076924,0.11347699229230757,synthetic_full_cycle,synthetic_growth_cycles
BIM-02,OD,machine_learning,Elastic_Net,2026-04-02 13:44:19,0.814,0.8862870028403691,-0.07228700284036915,synthetic_full_cycle,synthetic_growth_cycles
BIM-02,OD,machine_learning,Elastic_Net,2026-04-06 14:57:18,0.68,0.8503569976663314,-0.1703569976663314,synthetic_full_cycle,synthetic_growth_cycles
BIM-02,OD,machine_learning,Elastic_Net,2026-04-07 14:58:47,0.739,0.6788613127947554,0.06013868720524462,synthetic_full_cycle,synthetic_growth_cycles
BIM-02,OD,machine_learning,Elastic_Net,2026-04-08 14:28:43,0.665,0.7479513430524085,-0.08295134305240848,synthetic_full_cycle,synthetic_growth_cycles
BIM-02,OD,machine_learning,Elastic_Net,2026-04-09 16:17:04,0.637,0.6899238933826447,-0.05292389338264469,synthetic_full_cycle,synthetic_growth_cycles
BIM-02,OD,machine_learning,Elastic_Net,2026-04-10 15:05:25,0.657,0.6504375184916037,0.006562481508396334,synthetic_full_cycle,synthetic_growth_cycles
BIM-02,OD,machine_learning,Elastic_Net,2026-04-13 15:24:05,0.558,0.6837327129367752,-0.12573271293677513,synthetic_full_cycle,synthetic_growth_cycles
BIM-02,OD,machine_learning,Decision_Trees,2026-03-24 13:01:56,0.669,0.7865185396036304,-0.11751853960363035,synthetic_full_cycle,synthetic_growth_cycles
BIM-02,OD,machine_learning,Decision_Trees,2026-03-25 12:01:45,0.765,0.7865185396036304,-0.02151853960363037,synthetic_full_cycle,synthetic_growth_cycles
BIM-02,OD,machine_learning,Decision_Trees,2026-03-26 12:09:38,0.456,0.7865185396036304,-0.33051853960363037,synthetic_full_cycle,synthetic_growth_cycles
BIM-02,OD,machine_learning,Decision_Trees,2026-03-27 12:51:34,0.469,0.4884450066857326,-0.019445006685732624,synthetic_full_cycle,synthetic_growth_cycles
BIM-02,OD,machine_learning,Decision_Trees,2026-03-30 12:39:11,0.694,0.5457237676475901,0.14827623235240983,synthetic_full_cycle,synthetic_growth_cycles
BIM-02,OD,machine_learning,Decision_Trees,2026-03-31 14:37:02,0.677,0.7865185396036304,-0.10951853960363034,synthetic_full_cycle,synthetic_growth_cycles
BIM-02,OD,machine_learning,Decision_Trees,2026-04-01 14:27:25,0.85,0.7865185396036304,0.0634814603963696,synthetic_full_cycle,synthetic_growth_cycles
BIM-02,OD,machine_learning,Decision_Trees,2026-04-02 13:44:19,0.814,0.8975511641109808,-0.08355116411098085,synthetic_full_cycle,synthetic_growth_cycles
BIM-02,OD,machine_learning,Decision_Trees,2026-04-06 14:57:18,0.68,0.840027132436049,-0.16002713243604894,synthetic_full_cycle,synthetic_growth_cycles
BIM-02,OD,machine_learning,Decision_Trees,2026-04-07 14:58:47,0.739,0.7865185396036304,-0.047518539603630394,synthetic_full_cycle,synthetic_growth_cycles
BIM-02,OD,machine_learning,Decision_Trees,2026-04-08 14:28:43,0.665,0.7865185396036304,-0.12151853960363035,synthetic_full_cycle,synthetic_growth_cycles
BIM-02,OD,machine_learning,Decision_Trees,2026-04-09 16:17:04,0.637,0.7865185396036304,-0.14951853960363037,synthetic_full_cycle,synthetic_growth_cycles
BIM-02,OD,machine_learning,Decision_Trees,2026-04-10 15:05:25,0.657,0.6420412900033536,0.014958709996646391,synthetic_full_cycle,synthetic_growth_cycles
BIM-02,OD,machine_learning,Decision_Trees,2026-04-13 15:24:05,0.558,0.7865185396036304,-0.22851853960363033,synthetic_full_cycle,synthetic_growth_cycles
BIM-02,OD,machine_learning,Random_Forest,2026-03-24 13:01:56,0.669,0.7817825442882412,-0.1127825442882412,synthetic_full_cycle,synthetic_growth_cycles
BIM-02,OD,machine_learning,Random_Forest,2026-03-25 12:01:45,0.765,0.6711847804372484,0.09381521956275163,synthetic_full_cycle,synthetic_growth_cycles
BIM-02,OD,machine_learning,Random_Forest,2026-03-26 12:09:38,0.456,0.800823752222388,-0.344823752222388,synthetic_full_cycle,synthetic_growth_cycles
BIM-02,OD,machine_learning,Random_Forest,2026-03-27 12:51:34,0.469,0.5229711980545835,-0.0539711980545835,synthetic_full_cycle,synthetic_growth_cycles
BIM-02,OD,machine_learning,Random_Forest,2026-03-30 12:39:11,0.694,0.5062315411490015,0.18776845885099847,synthetic_full_cycle,synthetic_growth_cycles
BIM-02,OD,machine_learning,Random_Forest,2026-03-31 14:37:02,0.677,0.9015199536226365,-0.22451995362263644,synthetic_full_cycle,synthetic_growth_cycles
BIM-02,OD,machine_learning,Random_Forest,2026-04-01 14:27:25,0.85,0.7626546316628285,0.08734536833717144,synthetic_full_cycle,synthetic_growth_cycles
BIM-02,OD,machine_learning,Random_Forest,2026-04-02 13:44:19,0.814,0.9209768225397003,-0.10697682253970031,synthetic_full_cycle,synthetic_growth_cycles
BIM-02,OD,machine_learning,Random_Forest,2026-04-06 14:57:18,0.68,0.830739510888035,-0.15073951088803494,synthetic_full_cycle,synthetic_growth_cycles
BIM-02,OD,machine_learning,Random_Forest,2026-04-07 14:58:47,0.739,0.6117105274352799,0.12728947256472012,synthetic_full_cycle,synthetic_growth_cycles
BIM-02,OD,machine_learning,Random_Forest,2026-04-08 14:28:43,0.665,0.7398758266239374,-0.07487582662393732,synthetic_full_cycle,synthetic_growth_cycles
BIM-02,OD,machine_learning,Random_Forest,2026-04-09 16:17:04,0.637,0.6685907121576922,-0.03159071215769216,synthetic_full_cycle,synthetic_growth_cycles
BIM-02,OD,machine_learning,Random_Forest,2026-04-10 15:05:25,0.657,0.6592152235244609,-0.0022152235244609075,synthetic_full_cycle,synthetic_growth_cycles
BIM-02,OD,machine_learning,Random_Forest,2026-04-13 15:24:05,0.558,0.7032856815366146,-0.14528568153661459,synthetic_full_cycle,synthetic_growth_cycles
BIM-02,OD,machine_learning,Extra_Trees,2026-03-24 13:01:56,0.669,0.7901866162879023,-0.12118661628790228,synthetic_full_cycle,synthetic_growth_cycles
BIM-02,OD,machine_learning,Extra_Trees,2026-03-25 12:01:45,0.765,0.692085188957201,0.07291481104279907,synthetic_full_cycle,synthetic_growth_cycles
BIM-02,OD,machine_learning,Extra_Trees,2026-03-26 12:09:38,0.456,0.8141645249903706,-0.3581645249903706,synthetic_full_cycle,synthetic_growth_cycles
BIM-02,OD,machine_learning,Extra_Trees,2026-03-27 12:51:34,0.469,0.5880822205666962,-0.11908222056669626,synthetic_full_cycle,synthetic_growth_cycles
BIM-02,OD,machine_learning,Extra_Trees,2026-03-30 12:39:11,0.694,0.507633300432785,0.18636669956721497,synthetic_full_cycle,synthetic_growth_cycles
BIM-02,OD,machine_learning,Extra_Trees,2026-03-31 14:37:02,0.677,0.9315167264464681,-0.25451672644646806,synthetic_full_cycle,synthetic_growth_cycles
BIM-02,OD,machine_learning,Extra_Trees,2026-04-01 14:27:25,0.85,0.7733160129143403,0.07668398708565971,synthetic_full_cycle,synthetic_growth_cycles
BIM-02,OD,machine_learning,Extra_Trees,2026-04-02 13:44:19,0.814,0.9245650358061666,-0.11056503580616661,synthetic_full_cycle,synthetic_growth_cycles
BIM-02,OD,machine_learning,Extra_Trees,2026-04-06 14:57:18,0.68,0.8373957954429708,-0.15739579544297078,synthetic_full_cycle,synthetic_growth_cycles
BIM-02,OD,machine_learning,Extra_Trees,2026-04-07 14:58:47,0.739,0.6216461696788754,0.11735383032112456,synthetic_full_cycle,synthetic_growth_cycles
BIM-02,OD,machine_learning,Extra_Trees,2026-04-08 14:28:43,0.665,0.7449242417213298,-0.07992424172132973,synthetic_full_cycle,synthetic_growth_cycles
BIM-02,OD,machine_learning,Extra_Trees,2026-04-09 16:17:04,0.637,0.6935479061312209,-0.05654790613122085,synthetic_full_cycle,synthetic_growth_cycles
BIM-02,OD,machine_learning,Extra_Trees,2026-04-10 15:05:25,0.657,0.6614957147430348,-0.004495714743034784,synthetic_full_cycle,synthetic_growth_cycles
BIM-02,OD,machine_learning,Extra_Trees,2026-04-13 15:24:05,0.558,0.72491319401919,-0.16691319401918991,synthetic_full_cycle,synthetic_growth_cycles
BIM-02,OD,machine_learning,Gradient_Boosting,2026-03-24 13:01:56,0.669,0.7904956599142043,-0.1214956599142043,synthetic_full_cycle,synthetic_growth_cycles
BIM-02,OD,machine_learning,Gradient_Boosting,2026-03-25 12:01:45,0.765,0.7214380286312988,0.04356197136870121,synthetic_full_cycle,synthetic_growth_cycles
BIM-02,OD,machine_learning,Gradient_Boosting,2026-03-26 12:09:38,0.456,0.7942517147631496,-0.3382517147631496,synthetic_full_cycle,synthetic_growth_cycles
BIM-02,OD,machine_learning,Gradient_Boosting,2026-03-27 12:51:34,0.469,0.47788103923739444,-0.008881039237394472,synthetic_full_cycle,synthetic_growth_cycles
BIM-02,OD,machine_learning,Gradient_Boosting,2026-03-30 12:39:11,0.694,0.46395744033788766,0.2300425596621123,synthetic_full_cycle,synthetic_growth_cycles
BIM-02,OD,machine_learning,Gradient_Boosting,2026-03-31 14:37:02,0.677,0.846558743597325,-0.16955874359732492,synthetic_full_cycle,synthetic_growth_cycles
BIM-02,OD,machine_learning,Gradient_Boosting,2026-04-01 14:27:25,0.85,0.7731590781509387,0.07684092184906133,synthetic_full_cycle,synthetic_growth_cycles
BIM-02,OD,machine_learning,Gradient_Boosting,2026-04-02 13:44:19,0.814,0.9106298772262539,-0.09662987722625394,synthetic_full_cycle,synthetic_growth_cycles
BIM-02,OD,machine_learning,Gradient_Boosting,2026-04-06 14:57:18,0.68,0.8503061292476398,-0.17030612924763977,synthetic_full_cycle,synthetic_growth_cycles
BIM-02,OD,machine_learning,Gradient_Boosting,2026-04-07 14:58:47,0.739,0.6700924751340049,0.06890752486599505,synthetic_full_cycle,synthetic_growth_cycles
BIM-02,OD,machine_learning,Gradient_Boosting,2026-04-08 14:28:43,0.665,0.7419654197703632,-0.0769654197703632,synthetic_full_cycle,synthetic_growth_cycles
BIM-02,OD,machine_learning,Gradient_Boosting,2026-04-09 16:17:04,0.637,0.717307716831496,-0.08030771683149596,synthetic_full_cycle,synthetic_growth_cycles
BIM-02,OD,machine_learning,Gradient_Boosting,2026-04-10 15:05:25,0.657,0.6584465280404849,-0.0014465280404848402,synthetic_full_cycle,synthetic_growth_cycles
BIM-02,OD,machine_learning,Gradient_Boosting,2026-04-13 15:24:05,0.558,0.7238246832493515,-0.1658246832493514,synthetic_full_cycle,synthetic_growth_cycles
BIM-02,OD,machine_learning,AdaBoost,2026-03-24 13:01:56,0.669,0.8113469816925598,-0.14234698169255977,synthetic_full_cycle,synthetic_growth_cycles
BIM-02,OD,machine_learning,AdaBoost,2026-03-25 12:01:45,0.765,0.791169545060701,-0.026169545060701016,synthetic_full_cycle,synthetic_growth_cycles
BIM-02,OD,machine_learning,AdaBoost,2026-03-26 12:09:38,0.456,0.8145671981163809,-0.3585671981163809,synthetic_full_cycle,synthetic_growth_cycles
BIM-02,OD,machine_learning,AdaBoost,2026-03-27 12:51:34,0.469,0.574170876852585,-0.10517087685258508,synthetic_full_cycle,synthetic_growth_cycles
BIM-02,OD,machine_learning,AdaBoost,2026-03-30 12:39:11,0.694,0.574170876852585,0.1198291231474149,synthetic_full_cycle,synthetic_growth_cycles
BIM-02,OD,machine_learning,AdaBoost,2026-03-31 14:37:02,0.677,0.8404909082430934,-0.1634909082430933,synthetic_full_cycle,synthetic_growth_cycles
BIM-02,OD,machine_learning,AdaBoost,2026-04-01 14:27:25,0.85,0.8113469816925598,0.03865301830744017,synthetic_full_cycle,synthetic_growth_cycles
BIM-02,OD,machine_learning,AdaBoost,2026-04-02 13:44:19,0.814,0.85129834090839,-0.037298340908390015,synthetic_full_cycle,synthetic_growth_cycles
BIM-02,OD,machine_learning,AdaBoost,2026-04-06 14:57:18,0.68,0.8261471998514381,-0.1461471998514381,synthetic_full_cycle,synthetic_growth_cycles
BIM-02,OD,machine_learning,AdaBoost,2026-04-07 14:58:47,0.739,0.7851319235521044,-0.04613192355210438,synthetic_full_cycle,synthetic_growth_cycles
BIM-02,OD,machine_learning,AdaBoost,2026-04-08 14:28:43,0.665,0.8113469816925598,-0.14634698169255977,synthetic_full_cycle,synthetic_growth_cycles
BIM-02,OD,machine_learning,AdaBoost,2026-04-09 16:17:04,0.637,0.791169545060701,-0.15416954506070102,synthetic_full_cycle,synthetic_growth_cycles
BIM-02,OD,machine_learning,AdaBoost,2026-04-10 15:05:25,0.657,0.729912349751777,-0.07291234975177696,synthetic_full_cycle,synthetic_growth_cycles
BIM-02,OD,machine_learning,AdaBoost,2026-04-13 15:24:05,0.558,0.791169545060701,-0.23316954506070098,synthetic_full_cycle,synthetic_growth_cycles
BIM-02,OD,machine_learning,SVR,2026-03-24 13:01:56,0.669,0.783350532698569,-0.11435053269856899,synthetic_full_cycle,synthetic_growth_cycles
BIM-02,OD,machine_learning,SVR,2026-03-25 12:01:45,0.765,0.6763689776469257,0.0886310223530743,synthetic_full_cycle,synthetic_growth_cycles
BIM-02,OD,machine_learning,SVR,2026-03-26 12:09:38,0.456,0.8166058183026355,-0.36060581830263544,synthetic_full_cycle,synthetic_growth_cycles
BIM-02,OD,machine_learning,SVR,2026-03-27 12:51:34,0.469,0.8077052037126493,-0.33870520371264934,synthetic_full_cycle,synthetic_growth_cycles
BIM-02,OD,machine_learning,SVR,2026-03-30 12:39:11,0.694,0.7089009683975422,-0.014900968397542291,synthetic_full_cycle,synthetic_growth_cycles
BIM-02,OD,machine_learning,SVR,2026-03-31 14:37:02,0.677,0.8975684831004385,-0.22056848310043842,synthetic_full_cycle,synthetic_growth_cycles
BIM-02,OD,machine_learning,SVR,2026-04-01 14:27:25,0.85,0.7581408744667939,0.09185912553320608,synthetic_full_cycle,synthetic_growth_cycles
BIM-02,OD,machine_learning,SVR,2026-04-02 13:44:19,0.814,0.9338565754309074,-0.11985657543090744,synthetic_full_cycle,synthetic_growth_cycles
BIM-02,OD,machine_learning,SVR,2026-04-06 14:57:18,0.68,0.8515359245118506,-0.1715359245118505,synthetic_full_cycle,synthetic_growth_cycles
BIM-02,OD,machine_learning,SVR,2026-04-07 14:58:47,0.739,0.6006115731982014,0.13838842680179864,synthetic_full_cycle,synthetic_growth_cycles
BIM-02,OD,machine_learning,SVR,2026-04-08 14:28:43,0.665,0.766370743358811,-0.10137074335881091,synthetic_full_cycle,synthetic_growth_cycles
BIM-02,OD,machine_learning,SVR,2026-04-09 16:17:04,0.637,0.6730698105081603,-0.03606981050816027,synthetic_full_cycle,synthetic_growth_cycles
BIM-02,OD,machine_learning,SVR,2026-04-10 15:05:25,0.657,0.6162777002304549,0.04072229976954511,synthetic_full_cycle,synthetic_growth_cycles
BIM-02,OD,machine_learning,SVR,2026-04-13 15:24:05,0.558,0.6731807310230173,-0.11518073102301729,synthetic_full_cycle,synthetic_growth_cycles
BIM-02,OD,machine_learning,KNN,2026-03-24 13:01:56,0.669,0.773416411830552,-0.10441641183055195,synthetic_full_cycle,synthetic_growth_cycles
BIM-02,OD,machine_learning,KNN,2026-03-25 12:01:45,0.765,0.7288594554843164,0.036140544515683604,synthetic_full_cycle,synthetic_growth_cycles
BIM-02,OD,machine_learning,KNN,2026-03-26 12:09:38,0.456,0.8038403213892215,-0.34784032138922144,synthetic_full_cycle,synthetic_growth_cycles
BIM-02,OD,machine_learning,KNN,2026-03-27 12:51:34,0.469,0.5973324637306512,-0.12833246373065121,synthetic_full_cycle,synthetic_growth_cycles
BIM-02,OD,machine_learning,KNN,2026-03-30 12:39:11,0.694,0.551395692854916,0.14260430714508399,synthetic_full_cycle,synthetic_growth_cycles
BIM-02,OD,machine_learning,KNN,2026-03-31 14:37:02,0.677,0.9098186889755544,-0.23281868897555436,synthetic_full_cycle,synthetic_growth_cycles
BIM-02,OD,machine_learning,KNN,2026-04-01 14:27:25,0.85,0.8163811769120604,0.03361882308793962,synthetic_full_cycle,synthetic_growth_cycles
BIM-02,OD,machine_learning,KNN,2026-04-02 13:44:19,0.814,0.842969456429932,-0.028969456429932094,synthetic_full_cycle,synthetic_growth_cycles
BIM-02,OD,machine_learning,KNN,2026-04-06 14:57:18,0.68,0.822103329202803,-0.142103329202803,synthetic_full_cycle,synthetic_growth_cycles
BIM-02,OD,machine_learning,KNN,2026-04-07 14:58:47,0.739,0.6909417051900846,0.048058294809915414,synthetic_full_cycle,synthetic_growth_cycles
BIM-02,OD,machine_learning,KNN,2026-04-08 14:28:43,0.665,0.7054266021377941,-0.04042660213779403,synthetic_full_cycle,synthetic_growth_cycles
BIM-02,OD,machine_learning,KNN,2026-04-09 16:17:04,0.637,0.7288594554843164,-0.0918594554843164,synthetic_full_cycle,synthetic_growth_cycles
BIM-02,OD,machine_learning,KNN,2026-04-10 15:05:25,0.657,0.6511758327678596,0.005824167232140409,synthetic_full_cycle,synthetic_growth_cycles
BIM-02,OD,machine_learning,KNN,2026-04-13 15:24:05,0.558,0.6895761027042262,-0.13157610270422615,synthetic_full_cycle,synthetic_growth_cycles
BIM-02,OD,machine_learning,Gaussian_Process_Regression,2026-03-24 13:01:56,0.669,0.7863779208362952,-0.11737792083629517,synthetic_full_cycle,synthetic_growth_cycles
BIM-02,OD,machine_learning,Gaussian_Process_Regression,2026-03-25 12:01:45,0.765,0.6735708526815989,0.09142914731840113,synthetic_full_cycle,synthetic_growth_cycles
BIM-02,OD,machine_learning,Gaussian_Process_Regression,2026-03-26 12:09:38,0.456,0.8297897789061901,-0.3737897789061901,synthetic_full_cycle,synthetic_growth_cycles
BIM-02,OD,machine_learning,Gaussian_Process_Regression,2026-03-27 12:51:34,0.469,0.5098673850936721,-0.04086738509367216,synthetic_full_cycle,synthetic_growth_cycles
BIM-02,OD,machine_learning,Gaussian_Process_Regression,2026-03-30 12:39:11,0.694,1.1836127424232283,-0.4896127424232284,synthetic_full_cycle,synthetic_growth_cycles
BIM-02,OD,machine_learning,Gaussian_Process_Regression,2026-03-31 14:37:02,0.677,0.8994962123134019,-0.2224962123134019,synthetic_full_cycle,synthetic_growth_cycles
BIM-02,OD,machine_learning,Gaussian_Process_Regression,2026-04-01 14:27:25,0.85,0.8328716488793283,0.01712835112067168,synthetic_full_cycle,synthetic_growth_cycles
BIM-02,OD,machine_learning,Gaussian_Process_Regression,2026-04-02 13:44:19,0.814,0.9424829848697606,-0.12848298486976062,synthetic_full_cycle,synthetic_growth_cycles
BIM-02,OD,machine_learning,Gaussian_Process_Regression,2026-04-06 14:57:18,0.68,0.8529873026448854,-0.17298730264488538,synthetic_full_cycle,synthetic_growth_cycles
BIM-02,OD,machine_learning,Gaussian_Process_Regression,2026-04-07 14:58:47,0.739,0.5870811323024447,0.15191886769755525,synthetic_full_cycle,synthetic_growth_cycles
BIM-02,OD,machine_learning,Gaussian_Process_Regression,2026-04-08 14:28:43,0.665,0.806774434673296,-0.14177443467329598,synthetic_full_cycle,synthetic_growth_cycles
BIM-02,OD,machine_learning,Gaussian_Process_Regression,2026-04-09 16:17:04,0.637,0.6678929247507925,-0.030892924750792528,synthetic_full_cycle,synthetic_growth_cycles
BIM-02,OD,machine_learning,Gaussian_Process_Regression,2026-04-10 15:05:25,0.657,0.6359811479846029,0.021018852015397105,synthetic_full_cycle,synthetic_growth_cycles
BIM-02,OD,machine_learning,Gaussian_Process_Regression,2026-04-13 15:24:05,0.558,0.6801444965159281,-0.12214449651592807,synthetic_full_cycle,synthetic_growth_cycles
BIM-02,OD,machine_learning,PLS,2026-03-24 13:01:56,0.669,0.72903939508833,-0.060039395088330005,synthetic_full_cycle,synthetic_growth_cycles
BIM-02,OD,machine_learning,PLS,2026-03-25 12:01:45,0.765,0.7538698295344298,0.011130170465570188,synthetic_full_cycle,synthetic_growth_cycles
BIM-02,OD,machine_learning,PLS,2026-03-26 12:09:38,0.456,0.7818308535333273,-0.32583085353332725,synthetic_full_cycle,synthetic_growth_cycles
BIM-02,OD,machine_learning,PLS,2026-03-27 12:51:34,0.469,0.6947425710186512,-0.22574257101865125,synthetic_full_cycle,synthetic_growth_cycles
BIM-02,OD,machine_learning,PLS,2026-03-30 12:39:11,0.694,0.6333382849814841,0.060661715018515805,synthetic_full_cycle,synthetic_growth_cycles
BIM-02,OD,machine_learning,PLS,2026-03-31 14:37:02,0.677,0.623938784402083,0.0530612155979171,synthetic_full_cycle,synthetic_growth_cycles
BIM-02,OD,machine_learning,PLS,2026-04-01 14:27:25,0.85,0.6892046055011927,0.1607953944988073,synthetic_full_cycle,synthetic_growth_cycles
BIM-02,OD,machine_learning,PLS,2026-04-02 13:44:19,0.814,0.8021315080620672,0.011868491937932713,synthetic_full_cycle,synthetic_growth_cycles
BIM-02,OD,machine_learning,PLS,2026-04-06 14:57:18,0.68,0.837457486569827,-0.15745748656982694,synthetic_full_cycle,synthetic_growth_cycles
BIM-02,OD,machine_learning,PLS,2026-04-07 14:58:47,0.739,0.831568419178341,-0.09256841917834102,synthetic_full_cycle,synthetic_growth_cycles
BIM-02,OD,machine_learning,PLS,2026-04-08 14:28:43,0.665,0.8005862045557237,-0.13558620455572368,synthetic_full_cycle,synthetic_growth_cycles
BIM-02,OD,machine_learning,PLS,2026-04-09 16:17:04,0.637,0.7572510770823833,-0.12025107708238325,synthetic_full_cycle,synthetic_growth_cycles
BIM-02,OD,machine_learning,PLS,2026-04-10 15:05:25,0.657,0.7425197031540822,-0.0855197031540822,synthetic_full_cycle,synthetic_growth_cycles
BIM-02,OD,machine_learning,PLS,2026-04-13 15:24:05,0.558,0.7200884789572227,-0.16208847895722267,synthetic_full_cycle,synthetic_growth_cycles
BIM-02,OD,machine_learning,PCR,2026-03-24 13:01:56,0.669,0.7275981313421889,-0.05859813134218883,synthetic_full_cycle,synthetic_growth_cycles
BIM-02,OD,machine_learning,PCR,2026-03-25 12:01:45,0.765,0.755459516687623,0.009540483312377002,synthetic_full_cycle,synthetic_growth_cycles
BIM-02,OD,machine_learning,PCR,2026-03-26 12:09:38,0.456,0.7822282384894852,-0.3262282384894852,synthetic_full_cycle,synthetic_growth_cycles
BIM-02,OD,machine_learning,PCR,2026-03-27 12:51:34,0.469,0.7007683045944658,-0.23176830459446585,synthetic_full_cycle,synthetic_growth_cycles
BIM-02,OD,machine_learning,PCR,2026-03-30 12:39:11,0.694,0.6403564461460189,0.05364355385398101,synthetic_full_cycle,synthetic_growth_cycles
BIM-02,OD,machine_learning,PCR,2026-03-31 14:37:02,0.677,0.620955309119283,0.05604469088071706,synthetic_full_cycle,synthetic_growth_cycles
BIM-02,OD,machine_learning,PCR,2026-04-01 14:27:25,0.85,0.687071366786032,0.162928633213968,synthetic_full_cycle,synthetic_growth_cycles
BIM-02,OD,machine_learning,PCR,2026-04-02 13:44:19,0.814,0.8001652308705293,0.013834769129470681,synthetic_full_cycle,synthetic_growth_cycles
BIM-02,OD,machine_learning,PCR,2026-04-06 14:57:18,0.68,0.8361683011985399,-0.15616830119853986,synthetic_full_cycle,synthetic_growth_cycles
BIM-02,OD,machine_learning,PCR,2026-04-07 14:58:47,0.739,0.836013812857955,-0.09701381285795496,synthetic_full_cycle,synthetic_growth_cycles
BIM-02,OD,machine_learning,PCR,2026-04-08 14:28:43,0.665,0.8030120884231302,-0.13801208842313017,synthetic_full_cycle,synthetic_growth_cycles
BIM-02,OD,machine_learning,PCR,2026-04-09 16:17:04,0.637,0.7590236267451469,-0.12202362674514688,synthetic_full_cycle,synthetic_growth_cycles
BIM-02,OD,machine_learning,PCR,2026-04-10 15:05:25,0.657,0.7458005191040324,-0.08880051910403242,synthetic_full_cycle,synthetic_growth_cycles
BIM-02,OD,machine_learning,PCR,2026-04-13 15:24:05,0.558,0.7216516612574678,-0.16365166125746777,synthetic_full_cycle,synthetic_growth_cycles
BIM-02,OD,machine_learning,XGBoost,2026-03-24 13:01:56,0.669,0.778698205947876,-0.10969820594787594,synthetic_full_cycle,synthetic_growth_cycles
BIM-02,OD,machine_learning,XGBoost,2026-03-25 12:01:45,0.765,0.6732593178749084,0.09174068212509157,synthetic_full_cycle,synthetic_growth_cycles
BIM-02,OD,machine_learning,XGBoost,2026-03-26 12:09:38,0.456,0.8061190247535706,-0.35011902475357054,synthetic_full_cycle,synthetic_growth_cycles
BIM-02,OD,machine_learning,XGBoost,2026-03-27 12:51:34,0.469,0.5351269841194153,-0.06612698411941531,synthetic_full_cycle,synthetic_growth_cycles
BIM-02,OD,machine_learning,XGBoost,2026-03-30 12:39:11,0.694,0.5596942901611328,0.13430570983886714,synthetic_full_cycle,synthetic_growth_cycles
BIM-02,OD,machine_learning,XGBoost,2026-03-31 14:37:02,0.677,0.8980340361595154,-0.22103403615951533,synthetic_full_cycle,synthetic_growth_cycles
BIM-02,OD,machine_learning,XGBoost,2026-04-01 14:27:25,0.85,0.7835404872894287,0.06645951271057127,synthetic_full_cycle,synthetic_growth_cycles
BIM-02,OD,machine_learning,XGBoost,2026-04-02 13:44:19,0.814,0.9325227737426758,-0.11852277374267584,synthetic_full_cycle,synthetic_growth_cycles
BIM-02,OD,machine_learning,XGBoost,2026-04-06 14:57:18,0.68,0.8359571099281311,-0.15595710992813105,synthetic_full_cycle,synthetic_growth_cycles
BIM-02,OD,machine_learning,XGBoost,2026-04-07 14:58:47,0.739,0.6154327988624573,0.12356720113754271,synthetic_full_cycle,synthetic_growth_cycles
BIM-02,OD,machine_learning,XGBoost,2026-04-08 14:28:43,0.665,0.7285420894622803,-0.06354208946228024,synthetic_full_cycle,synthetic_growth_cycles
BIM-02,OD,machine_learning,XGBoost,2026-04-09 16:17:04,0.637,0.6758614182472229,-0.03886141824722289,synthetic_full_cycle,synthetic_growth_cycles
BIM-02,OD,machine_learning,XGBoost,2026-04-10 15:05:25,0.657,0.630540668964386,0.026459331035614042,synthetic_full_cycle,synthetic_growth_cycles
BIM-02,OD,machine_learning,XGBoost,2026-04-13 15:24:05,0.558,0.7246212959289551,-0.16662129592895503,synthetic_full_cycle,synthetic_growth_cycles
BIM-02,OD,machine_learning,LightGBM,2026-03-24 13:01:56,0.669,0.7890474894613232,-0.12004748946132315,synthetic_full_cycle,synthetic_growth_cycles
BIM-02,OD,machine_learning,LightGBM,2026-03-25 12:01:45,0.765,0.7048812980542201,0.06011870194577995,synthetic_full_cycle,synthetic_growth_cycles
BIM-02,OD,machine_learning,LightGBM,2026-03-26 12:09:38,0.456,0.7931511541986886,-0.33715115419868863,synthetic_full_cycle,synthetic_growth_cycles
BIM-02,OD,machine_learning,LightGBM,2026-03-27 12:51:34,0.469,0.5184290413477494,-0.04942904134774939,synthetic_full_cycle,synthetic_growth_cycles
BIM-02,OD,machine_learning,LightGBM,2026-03-30 12:39:11,0.694,0.49236075541296687,0.20163924458703308,synthetic_full_cycle,synthetic_growth_cycles
BIM-02,OD,machine_learning,LightGBM,2026-03-31 14:37:02,0.677,0.8907549152239942,-0.21375491522399415,synthetic_full_cycle,synthetic_growth_cycles
BIM-02,OD,machine_learning,LightGBM,2026-04-01 14:27:25,0.85,0.7452903117534643,0.1047096882465357,synthetic_full_cycle,synthetic_growth_cycles
BIM-02,OD,machine_learning,LightGBM,2026-04-02 13:44:19,0.814,0.9286060309540772,-0.11460603095407729,synthetic_full_cycle,synthetic_growth_cycles
BIM-02,OD,machine_learning,LightGBM,2026-04-06 14:57:18,0.68,0.8240268881437371,-0.1440268881437371,synthetic_full_cycle,synthetic_growth_cycles
BIM-02,OD,machine_learning,LightGBM,2026-04-07 14:58:47,0.739,0.6493238987767469,0.08967610122325309,synthetic_full_cycle,synthetic_growth_cycles
BIM-02,OD,machine_learning,LightGBM,2026-04-08 14:28:43,0.665,0.7228613674147931,-0.057861367414793086,synthetic_full_cycle,synthetic_growth_cycles
BIM-02,OD,machine_learning,LightGBM,2026-04-09 16:17:04,0.637,0.7014128775189229,-0.06441287751892288,synthetic_full_cycle,synthetic_growth_cycles
BIM-02,OD,machine_learning,LightGBM,2026-04-10 15:05:25,0.657,0.6492885323474277,0.007711467652572357,synthetic_full_cycle,synthetic_growth_cycles
BIM-02,OD,machine_learning,LightGBM,2026-04-13 15:24:05,0.558,0.7013859133126383,-0.14338591331263828,synthetic_full_cycle,synthetic_growth_cycles
BIM-02,OD,machine_learning,CatBoost,2026-03-24 13:01:56,0.669,0.7865155054493012,-0.11751550544930112,synthetic_full_cycle,synthetic_growth_cycles
BIM-02,OD,machine_learning,CatBoost,2026-03-25 12:01:45,0.765,0.6880636674453049,0.07693633255469512,synthetic_full_cycle,synthetic_growth_cycles
BIM-02,OD,machine_learning,CatBoost,2026-03-26 12:09:38,0.456,0.8046971304924294,-0.3486971304924294,synthetic_full_cycle,synthetic_growth_cycles
BIM-02,OD,machine_learning,CatBoost,2026-03-27 12:51:34,0.469,0.4987948714462232,-0.029794871446223226,synthetic_full_cycle,synthetic_growth_cycles
BIM-02,OD,machine_learning,CatBoost,2026-03-30 12:39:11,0.694,0.5577100292604054,0.1362899707395946,synthetic_full_cycle,synthetic_growth_cycles
BIM-02,OD,machine_learning,CatBoost,2026-03-31 14:37:02,0.677,0.8976448336646459,-0.22064483366464582,synthetic_full_cycle,synthetic_growth_cycles
BIM-02,OD,machine_learning,CatBoost,2026-04-01 14:27:25,0.85,0.7708554951405814,0.0791445048594186,synthetic_full_cycle,synthetic_growth_cycles
BIM-02,OD,machine_learning,CatBoost,2026-04-02 13:44:19,0.814,0.9141143930384923,-0.10011439303849234,synthetic_full_cycle,synthetic_growth_cycles
BIM-02,OD,machine_learning,CatBoost,2026-04-06 14:57:18,0.68,0.836656492058833,-0.15665649205883292,synthetic_full_cycle,synthetic_growth_cycles
BIM-02,OD,machine_learning,CatBoost,2026-04-07 14:58:47,0.739,0.5955959726909769,0.14340402730902313,synthetic_full_cycle,synthetic_growth_cycles
BIM-02,OD,machine_learning,CatBoost,2026-04-08 14:28:43,0.665,0.7277212539967929,-0.06272125399679285,synthetic_full_cycle,synthetic_growth_cycles
BIM-02,OD,machine_learning,CatBoost,2026-04-09 16:17:04,0.637,0.6924657502143571,-0.05546575021435707,synthetic_full_cycle,synthetic_growth_cycles
BIM-02,OD,machine_learning,CatBoost,2026-04-10 15:05:25,0.657,0.6293234802653791,0.02767651973462093,synthetic_full_cycle,synthetic_growth_cycles
BIM-02,OD,machine_learning,CatBoost,2026-04-13 15:24:05,0.558,0.7193704817731351,-0.16137048177313507,synthetic_full_cycle,synthetic_growth_cycles
BIM-02,OD,deep_learning,MLP,2026-03-25 12:01:45,0.765,0.6857038894915604,0.07929611050843965,synthetic_full_cycle,synthetic_growth_cycles
BIM-02,OD,deep_learning,MLP,2026-03-26 12:09:38,0.456,0.7891670868840592,-0.3331670868840592,synthetic_full_cycle,synthetic_growth_cycles
BIM-02,OD,deep_learning,MLP,2026-03-27 12:51:34,0.469,0.46665974115564235,0.0023402588443576233,synthetic_full_cycle,synthetic_growth_cycles
BIM-02,OD,deep_learning,MLP,2026-03-30 12:39:11,0.694,0.6188979679395659,0.07510203206043409,synthetic_full_cycle,synthetic_growth_cycles
BIM-02,OD,deep_learning,MLP,2026-03-31 14:37:02,0.677,0.8835472462088501,-0.20654724620885,synthetic_full_cycle,synthetic_growth_cycles
BIM-02,OD,deep_learning,MLP,2026-04-01 14:27:25,0.85,0.6872933556902043,0.16270664430979564,synthetic_full_cycle,synthetic_growth_cycles
BIM-02,OD,deep_learning,MLP,2026-04-02 13:44:19,0.814,0.9379787844301195,-0.12397878443011956,synthetic_full_cycle,synthetic_growth_cycles
BIM-02,OD,deep_learning,MLP,2026-04-06 14:57:18,0.68,0.8678478368845266,-0.18784783688452655,synthetic_full_cycle,synthetic_growth_cycles
BIM-02,OD,deep_learning,MLP,2026-04-07 14:58:47,0.739,0.7417629491181514,-0.0027629491181514476,synthetic_full_cycle,synthetic_growth_cycles
BIM-02,OD,deep_learning,MLP,2026-04-08 14:28:43,0.665,0.7639251395323099,-0.09892513953230986,synthetic_full_cycle,synthetic_growth_cycles
BIM-02,OD,deep_learning,MLP,2026-04-09 16:17:04,0.637,0.6380093789620895,-0.0010093789620895244,synthetic_full_cycle,synthetic_growth_cycles
BIM-02,OD,deep_learning,MLP,2026-04-10 15:05:25,0.657,0.6348293211680991,0.022170678831900936,synthetic_full_cycle,synthetic_growth_cycles
BIM-02,OD,deep_learning,MLP,2026-04-13 15:24:05,0.558,0.7187899682302723,-0.16078996823027225,synthetic_full_cycle,synthetic_growth_cycles
BIM-04,OD,machine_learning,Linear_Regression,2026-03-24 13:08:33,0.471,0.5351352940409941,-0.06413529404099416,synthetic_full_cycle,synthetic_growth_cycles
BIM-04,OD,machine_learning,Linear_Regression,2026-03-25 12:05:21,0.609,0.4644457799310832,0.14455422006891677,synthetic_full_cycle,synthetic_growth_cycles
BIM-04,OD,machine_learning,Linear_Regression,2026-03-26 12:20:42,0.579,0.7017426541396204,-0.12274265413962049,synthetic_full_cycle,synthetic_growth_cycles
BIM-04,OD,machine_learning,Linear_Regression,2026-03-27 12:58:48,0.687,0.5936996112637217,0.09330038873627833,synthetic_full_cycle,synthetic_growth_cycles
BIM-04,OD,machine_learning,Linear_Regression,2026-03-30 12:42:53,0.665,0.7596205146230742,-0.09462051462307419,synthetic_full_cycle,synthetic_growth_cycles
BIM-04,OD,machine_learning,Linear_Regression,2026-03-31 14:40:06,0.748,0.6761526420753422,0.0718473579246578,synthetic_full_cycle,synthetic_growth_cycles
BIM-04,OD,machine_learning,Linear_Regression,2026-04-01 14:31:50,0.752,0.8030084114085297,-0.05100841140852974,synthetic_full_cycle,synthetic_growth_cycles
BIM-04,OD,machine_learning,Linear_Regression,2026-04-02 13:52:12,0.734,0.7700106334885414,-0.03601063348854139,synthetic_full_cycle,synthetic_growth_cycles
BIM-04,OD,machine_learning,Linear_Regression,2026-04-06 15:01:13,0.545,0.7351307340937443,-0.19013073409374426,synthetic_full_cycle,synthetic_growth_cycles
BIM-04,OD,machine_learning,Linear_Regression,2026-04-07 15:03:08,0.435,0.4613630745518945,-0.026363074551894516,synthetic_full_cycle,synthetic_growth_cycles
BIM-04,OD,machine_learning,Polynomial_Regression,2026-03-24 13:08:33,0.471,0.5354032114044202,-0.06440321140442018,synthetic_full_cycle,synthetic_growth_cycles
BIM-04,OD,machine_learning,Polynomial_Regression,2026-03-25 12:05:21,0.609,0.43581521410010954,0.17318478589989045,synthetic_full_cycle,synthetic_growth_cycles
BIM-04,OD,machine_learning,Polynomial_Regression,2026-03-26 12:20:42,0.579,0.7167141632108189,-0.13771416321081897,synthetic_full_cycle,synthetic_growth_cycles
BIM-04,OD,machine_learning,Polynomial_Regression,2026-03-27 12:58:48,0.687,0.6172745754120239,0.06972542458797615,synthetic_full_cycle,synthetic_growth_cycles
BIM-04,OD,machine_learning,Polynomial_Regression,2026-03-30 12:42:53,0.665,0.7641195884501252,-0.09911958845012514,synthetic_full_cycle,synthetic_growth_cycles
BIM-04,OD,machine_learning,Polynomial_Regression,2026-03-31 14:40:06,0.748,0.6933670421581097,0.05463295784189026,synthetic_full_cycle,synthetic_growth_cycles
BIM-04,OD,machine_learning,Polynomial_Regression,2026-04-01 14:31:50,0.752,0.8012984732290367,-0.04929847322903669,synthetic_full_cycle,synthetic_growth_cycles
BIM-04,OD,machine_learning,Polynomial_Regression,2026-04-02 13:52:12,0.734,0.7803831810518426,-0.04638318105184258,synthetic_full_cycle,synthetic_growth_cycles
BIM-04,OD,machine_learning,Polynomial_Regression,2026-04-06 15:01:13,0.545,0.7324111477201821,-0.18741114772018208,synthetic_full_cycle,synthetic_growth_cycles
BIM-04,OD,machine_learning,Polynomial_Regression,2026-04-07 15:03:08,0.435,0.4419784303984881,-0.006978430398488111,synthetic_full_cycle,synthetic_growth_cycles
BIM-04,OD,machine_learning,Ridge,2026-03-24 13:08:33,0.471,0.5376780493455007,-0.0666780493455007,synthetic_full_cycle,synthetic_growth_cycles
BIM-04,OD,machine_learning,Ridge,2026-03-25 12:05:21,0.609,0.4659394238829415,0.14306057611705847,synthetic_full_cycle,synthetic_growth_cycles
BIM-04,OD,machine_learning,Ridge,2026-03-26 12:20:42,0.579,0.6971683132180638,-0.11816831321806387,synthetic_full_cycle,synthetic_growth_cycles
BIM-04,OD,machine_learning,Ridge,2026-03-27 12:58:48,0.687,0.5978469447391589,0.08915305526084116,synthetic_full_cycle,synthetic_growth_cycles
BIM-04,OD,machine_learning,Ridge,2026-03-30 12:42:53,0.665,0.756337607687471,-0.09133760768747101,synthetic_full_cycle,synthetic_growth_cycles
BIM-04,OD,machine_learning,Ridge,2026-03-31 14:40:06,0.748,0.6793391521147191,0.06866084788528093,synthetic_full_cycle,synthetic_growth_cycles
BIM-04,OD,machine_learning,Ridge,2026-04-01 14:31:50,0.752,0.8004960790226162,-0.04849607902261621,synthetic_full_cycle,synthetic_growth_cycles
BIM-04,OD,machine_learning,Ridge,2026-04-02 13:52:12,0.734,0.7718334401020601,-0.037833440102060134,synthetic_full_cycle,synthetic_growth_cycles
BIM-04,OD,machine_learning,Ridge,2026-04-06 15:01:13,0.545,0.7359898239627255,-0.19098982396272546,synthetic_full_cycle,synthetic_growth_cycles
BIM-04,OD,machine_learning,Ridge,2026-04-07 15:03:08,0.435,0.46683419503032597,-0.031834195030325974,synthetic_full_cycle,synthetic_growth_cycles
BIM-04,OD,machine_learning,Lasso,2026-03-24 13:08:33,0.471,0.5704442399705627,-0.09944423997056273,synthetic_full_cycle,synthetic_growth_cycles
BIM-04,OD,machine_learning,Lasso,2026-03-25 12:05:21,0.609,0.5052370064033156,0.1037629935966844,synthetic_full_cycle,synthetic_growth_cycles
BIM-04,OD,machine_learning,Lasso,2026-03-26 12:20:42,0.579,0.6528252025932755,-0.07382520259327552,synthetic_full_cycle,synthetic_growth_cycles
BIM-04,OD,machine_learning,Lasso,2026-03-27 12:58:48,0.687,0.6286791502179626,0.05832084978203744,synthetic_full_cycle,synthetic_growth_cycles
BIM-04,OD,machine_learning,Lasso,2026-03-30 12:42:53,0.665,0.7240593467241488,-0.05905934672414881,synthetic_full_cycle,synthetic_growth_cycles
BIM-04,OD,machine_learning,Lasso,2026-03-31 14:40:06,0.748,0.7048556044591348,0.043144395540865244,synthetic_full_cycle,synthetic_growth_cycles
BIM-04,OD,machine_learning,Lasso,2026-04-01 14:31:50,0.752,0.7779248607206944,-0.025924860720694443,synthetic_full_cycle,synthetic_growth_cycles
BIM-04,OD,machine_learning,Lasso,2026-04-02 13:52:12,0.734,0.7846948672784165,-0.050694867278416544,synthetic_full_cycle,synthetic_growth_cycles
BIM-04,OD,machine_learning,Lasso,2026-04-06 15:01:13,0.545,0.7561404384364769,-0.2111404384364769,synthetic_full_cycle,synthetic_growth_cycles
BIM-04,OD,machine_learning,Lasso,2026-04-07 15:03:08,0.435,0.55990931555394,-0.12490931555393997,synthetic_full_cycle,synthetic_growth_cycles
BIM-04,OD,machine_learning,Elastic_Net,2026-03-24 13:08:33,0.471,0.5686942353719215,-0.09769423537192157,synthetic_full_cycle,synthetic_growth_cycles
BIM-04,OD,machine_learning,Elastic_Net,2026-03-25 12:05:21,0.609,0.4995591486604164,0.10944085133958359,synthetic_full_cycle,synthetic_growth_cycles
BIM-04,OD,machine_learning,Elastic_Net,2026-03-26 12:20:42,0.579,0.6539362418597893,-0.07493624185978931,synthetic_full_cycle,synthetic_growth_cycles
BIM-04,OD,machine_learning,Elastic_Net,2026-03-27 12:58:48,0.687,0.6309989580203196,0.05600104197968048,synthetic_full_cycle,synthetic_growth_cycles
BIM-04,OD,machine_learning,Elastic_Net,2026-03-30 12:42:53,0.665,0.7248867298675156,-0.05988672986751553,synthetic_full_cycle,synthetic_growth_cycles
BIM-04,OD,machine_learning,Elastic_Net,2026-03-31 14:40:06,0.748,0.7060632797178934,0.0419367202821066,synthetic_full_cycle,synthetic_growth_cycles
BIM-04,OD,machine_learning,Elastic_Net,2026-04-01 14:31:50,0.752,0.7779070567865257,-0.025907056786525717,synthetic_full_cycle,synthetic_growth_cycles
BIM-04,OD,machine_learning,Elastic_Net,2026-04-02 13:52:12,0.734,0.7857166261865876,-0.051716626186587566,synthetic_full_cycle,synthetic_growth_cycles
BIM-04,OD,machine_learning,Elastic_Net,2026-04-06 15:01:13,0.545,0.7531302983552594,-0.2081302983552593,synthetic_full_cycle,synthetic_growth_cycles
BIM-04,OD,machine_learning,Elastic_Net,2026-04-07 15:03:08,0.435,0.5495968031147106,-0.1145968031147106,synthetic_full_cycle,synthetic_growth_cycles
BIM-04,OD,machine_learning,Decision_Trees,2026-03-24 13:08:33,0.471,0.5457237676475901,-0.07472376764759014,synthetic_full_cycle,synthetic_growth_cycles
BIM-04,OD,machine_learning,Decision_Trees,2026-03-25 12:05:21,0.609,0.5457237676475901,0.06327623235240987,synthetic_full_cycle,synthetic_growth_cycles
BIM-04,OD,machine_learning,Decision_Trees,2026-03-26 12:20:42,0.579,0.6420412900033536,-0.06304129000335368,synthetic_full_cycle,synthetic_growth_cycles
BIM-04,OD,machine_learning,Decision_Trees,2026-03-27 12:58:48,0.687,0.7183244177547671,-0.03132441775476702,synthetic_full_cycle,synthetic_growth_cycles
BIM-04,OD,machine_learning,Decision_Trees,2026-03-30 12:42:53,0.665,0.7865185396036304,-0.12151853960363035,synthetic_full_cycle,synthetic_growth_cycles
BIM-04,OD,machine_learning,Decision_Trees,2026-03-31 14:40:06,0.748,0.7865185396036304,-0.038518539603630386,synthetic_full_cycle,synthetic_growth_cycles
BIM-04,OD,machine_learning,Decision_Trees,2026-04-01 14:31:50,0.752,0.7865185396036304,-0.03451853960363038,synthetic_full_cycle,synthetic_growth_cycles
BIM-04,OD,machine_learning,Decision_Trees,2026-04-02 13:52:12,0.734,0.7865185396036304,-0.0525185396036304,synthetic_full_cycle,synthetic_growth_cycles
BIM-04,OD,machine_learning,Decision_Trees,2026-04-06 15:01:13,0.545,0.7865185396036304,-0.24151853960363034,synthetic_full_cycle,synthetic_growth_cycles
BIM-04,OD,machine_learning,Decision_Trees,2026-04-07 15:03:08,0.435,0.5457237676475901,-0.11072376764759012,synthetic_full_cycle,synthetic_growth_cycles
BIM-04,OD,machine_learning,Random_Forest,2026-03-24 13:08:33,0.471,0.5565422898981383,-0.08554228989813828,synthetic_full_cycle,synthetic_growth_cycles
BIM-04,OD,machine_learning,Random_Forest,2026-03-25 12:05:21,0.609,0.5037106926694344,0.10528930733056563,synthetic_full_cycle,synthetic_growth_cycles
BIM-04,OD,machine_learning,Random_Forest,2026-03-26 12:20:42,0.579,0.7375458309369951,-0.15854583093699515,synthetic_full_cycle,synthetic_growth_cycles
BIM-04,OD,machine_learning,Random_Forest,2026-03-27 12:58:48,0.687,0.6536877956612203,0.033312204338779794,synthetic_full_cycle,synthetic_growth_cycles
BIM-04,OD,machine_learning,Random_Forest,2026-03-30 12:42:53,0.665,0.8290370659472162,-0.16403706594721612,synthetic_full_cycle,synthetic_growth_cycles
BIM-04,OD,machine_learning,Random_Forest,2026-03-31 14:40:06,0.748,0.7330722933352777,0.014927706664722318,synthetic_full_cycle,synthetic_growth_cycles
BIM-04,OD,machine_learning,Random_Forest,2026-04-01 14:31:50,0.752,0.8067804767282513,-0.05478047672825126,synthetic_full_cycle,synthetic_growth_cycles
BIM-04,OD,machine_learning,Random_Forest,2026-04-02 13:52:12,0.734,0.7853883284879442,-0.05138832848794417,synthetic_full_cycle,synthetic_growth_cycles
BIM-04,OD,machine_learning,Random_Forest,2026-04-06 15:01:13,0.545,0.7324839622808983,-0.18748396228089825,synthetic_full_cycle,synthetic_growth_cycles
BIM-04,OD,machine_learning,Random_Forest,2026-04-07 15:03:08,0.435,0.611873738661846,-0.17687373866184602,synthetic_full_cycle,synthetic_growth_cycles
BIM-04,OD,machine_learning,Extra_Trees,2026-03-24 13:08:33,0.471,0.54182666478738,-0.07082666478737998,synthetic_full_cycle,synthetic_growth_cycles
BIM-04,OD,machine_learning,Extra_Trees,2026-03-25 12:05:21,0.609,0.5145317863232526,0.0944682136767474,synthetic_full_cycle,synthetic_growth_cycles
BIM-04,OD,machine_learning,Extra_Trees,2026-03-26 12:20:42,0.579,0.7200843877978755,-0.14108438779787558,synthetic_full_cycle,synthetic_growth_cycles
BIM-04,OD,machine_learning,Extra_Trees,2026-03-27 12:58:48,0.687,0.6359953037452399,0.05100469625476012,synthetic_full_cycle,synthetic_growth_cycles
BIM-04,OD,machine_learning,Extra_Trees,2026-03-30 12:42:53,0.665,0.851069180500204,-0.18606918050020393,synthetic_full_cycle,synthetic_growth_cycles
BIM-04,OD,machine_learning,Extra_Trees,2026-03-31 14:40:06,0.748,0.730811455739044,0.01718854426095595,synthetic_full_cycle,synthetic_growth_cycles
BIM-04,OD,machine_learning,Extra_Trees,2026-04-01 14:31:50,0.752,0.8097914050195425,-0.0577914050195425,synthetic_full_cycle,synthetic_growth_cycles
BIM-04,OD,machine_learning,Extra_Trees,2026-04-02 13:52:12,0.734,0.7804853630956794,-0.04648536309567941,synthetic_full_cycle,synthetic_growth_cycles
BIM-04,OD,machine_learning,Extra_Trees,2026-04-06 15:01:13,0.545,0.7327070682458086,-0.18770706824580852,synthetic_full_cycle,synthetic_growth_cycles
BIM-04,OD,machine_learning,Extra_Trees,2026-04-07 15:03:08,0.435,0.6256671514845487,-0.19066715148454866,synthetic_full_cycle,synthetic_growth_cycles
BIM-04,OD,machine_learning,Gradient_Boosting,2026-03-24 13:08:33,0.471,0.5574785074975849,-0.0864785074975849,synthetic_full_cycle,synthetic_growth_cycles
BIM-04,OD,machine_learning,Gradient_Boosting,2026-03-25 12:05:21,0.609,0.5004186315054391,0.1085813684945609,synthetic_full_cycle,synthetic_growth_cycles
BIM-04,OD,machine_learning,Gradient_Boosting,2026-03-26 12:20:42,0.579,0.7218389059133871,-0.1428389059133871,synthetic_full_cycle,synthetic_growth_cycles
BIM-04,OD,machine_learning,Gradient_Boosting,2026-03-27 12:58:48,0.687,0.640193872295068,0.04680612770493209,synthetic_full_cycle,synthetic_growth_cycles
BIM-04,OD,machine_learning,Gradient_Boosting,2026-03-30 12:42:53,0.665,0.756212511520493,-0.09121251152049292,synthetic_full_cycle,synthetic_growth_cycles
BIM-04,OD,machine_learning,Gradient_Boosting,2026-03-31 14:40:06,0.748,0.7266936045033905,0.02130639549660951,synthetic_full_cycle,synthetic_growth_cycles
BIM-04,OD,machine_learning,Gradient_Boosting,2026-04-01 14:31:50,0.752,0.7903734119036273,-0.03837341190362731,synthetic_full_cycle,synthetic_growth_cycles
BIM-04,OD,machine_learning,Gradient_Boosting,2026-04-02 13:52:12,0.734,0.7878324780055275,-0.053832478005527484,synthetic_full_cycle,synthetic_growth_cycles
BIM-04,OD,machine_learning,Gradient_Boosting,2026-04-06 15:01:13,0.545,0.764593619568225,-0.21959361956822498,synthetic_full_cycle,synthetic_growth_cycles
BIM-04,OD,machine_learning,Gradient_Boosting,2026-04-07 15:03:08,0.435,0.5250664594241421,-0.0900664594241421,synthetic_full_cycle,synthetic_growth_cycles
BIM-04,OD,machine_learning,AdaBoost,2026-03-24 13:08:33,0.471,0.6069267599700251,-0.13592675997002512,synthetic_full_cycle,synthetic_growth_cycles
BIM-04,OD,machine_learning,AdaBoost,2026-03-25 12:05:21,0.609,0.574170876852585,0.03482912314741493,synthetic_full_cycle,synthetic_growth_cycles
BIM-04,OD,machine_learning,AdaBoost,2026-03-26 12:20:42,0.579,0.7516882900999959,-0.17268829009999598,synthetic_full_cycle,synthetic_growth_cycles
BIM-04,OD,machine_learning,AdaBoost,2026-03-27 12:58:48,0.687,0.6940196202533231,-0.007019620253323033,synthetic_full_cycle,synthetic_growth_cycles
BIM-04,OD,machine_learning,AdaBoost,2026-03-30 12:42:53,0.665,0.8016279686953097,-0.1366279686953097,synthetic_full_cycle,synthetic_growth_cycles
BIM-04,OD,machine_learning,AdaBoost,2026-03-31 14:40:06,0.748,0.792681066584018,-0.04468106658401805,synthetic_full_cycle,synthetic_growth_cycles
BIM-04,OD,machine_learning,AdaBoost,2026-04-01 14:31:50,0.752,0.8145671981163809,-0.0625671981163809,synthetic_full_cycle,synthetic_growth_cycles
BIM-04,OD,machine_learning,AdaBoost,2026-04-02 13:52:12,0.734,0.8113469816925598,-0.07734698169255982,synthetic_full_cycle,synthetic_growth_cycles
BIM-04,OD,machine_learning,AdaBoost,2026-04-06 15:01:13,0.545,0.8113469816925598,-0.26634698169255977,synthetic_full_cycle,synthetic_growth_cycles
BIM-04,OD,machine_learning,AdaBoost,2026-04-07 15:03:08,0.435,0.6456079620932329,-0.2106079620932329,synthetic_full_cycle,synthetic_growth_cycles
BIM-04,OD,machine_learning,SVR,2026-03-24 13:08:33,0.471,0.5440212703518618,-0.07302127035186179,synthetic_full_cycle,synthetic_growth_cycles
BIM-04,OD,machine_learning,SVR,2026-03-25 12:05:21,0.609,0.4929303561106191,0.1160696438893809,synthetic_full_cycle,synthetic_growth_cycles
BIM-04,OD,machine_learning,SVR,2026-03-26 12:20:42,0.579,0.7547741396912829,-0.17577413969128297,synthetic_full_cycle,synthetic_growth_cycles
BIM-04,OD,machine_learning,SVR,2026-03-27 12:58:48,0.687,0.6385414404630088,0.0484585595369913,synthetic_full_cycle,synthetic_growth_cycles
BIM-04,OD,machine_learning,SVR,2026-03-30 12:42:53,0.665,0.7850837071968124,-0.12008370719681238,synthetic_full_cycle,synthetic_growth_cycles
BIM-04,OD,machine_learning,SVR,2026-03-31 14:40:06,0.748,0.7054495948907528,0.042550405109247236,synthetic_full_cycle,synthetic_growth_cycles
BIM-04,OD,machine_learning,SVR,2026-04-01 14:31:50,0.752,0.7999490809692378,-0.04794908096923778,synthetic_full_cycle,synthetic_growth_cycles
BIM-04,OD,machine_learning,SVR,2026-04-02 13:52:12,0.734,0.7806467231242515,-0.046646723124251555,synthetic_full_cycle,synthetic_growth_cycles
BIM-04,OD,machine_learning,SVR,2026-04-06 15:01:13,0.545,0.7297587941314139,-0.18475879413141383,synthetic_full_cycle,synthetic_growth_cycles
BIM-04,OD,machine_learning,SVR,2026-04-07 15:03:08,0.435,0.5616865048452779,-0.12668650484527794,synthetic_full_cycle,synthetic_growth_cycles
BIM-04,OD,machine_learning,KNN,2026-03-24 13:08:33,0.471,0.5475648652989392,-0.07656486529893924,synthetic_full_cycle,synthetic_growth_cycles
BIM-04,OD,machine_learning,KNN,2026-03-25 12:05:21,0.609,0.5347181723658078,0.07428182763419222,synthetic_full_cycle,synthetic_growth_cycles
BIM-04,OD,machine_learning,KNN,2026-03-26 12:20:42,0.579,0.7486488394089318,-0.16964883940893183,synthetic_full_cycle,synthetic_growth_cycles
BIM-04,OD,machine_learning,KNN,2026-03-27 12:58:48,0.687,0.6285189391518672,0.05848106084813287,synthetic_full_cycle,synthetic_growth_cycles
BIM-04,OD,machine_learning,KNN,2026-03-30 12:42:53,0.665,0.8009971625786373,-0.13599716257863725,synthetic_full_cycle,synthetic_growth_cycles
BIM-04,OD,machine_learning,KNN,2026-03-31 14:40:06,0.748,0.7350899428740142,0.012910057125985808,synthetic_full_cycle,synthetic_growth_cycles
BIM-04,OD,machine_learning,KNN,2026-04-01 14:31:50,0.752,0.7964021585096938,-0.04440215850969376,synthetic_full_cycle,synthetic_growth_cycles
BIM-04,OD,machine_learning,KNN,2026-04-02 13:52:12,0.734,0.7929982352805359,-0.05899823528053594,synthetic_full_cycle,synthetic_growth_cycles
BIM-04,OD,machine_learning,KNN,2026-04-06 15:01:13,0.545,0.7331190532300312,-0.1881190532300312,synthetic_full_cycle,synthetic_growth_cycles
BIM-04,OD,machine_learning,KNN,2026-04-07 15:03:08,0.435,0.624616527582503,-0.18961652758250297,synthetic_full_cycle,synthetic_growth_cycles
BIM-04,OD,machine_learning,Gaussian_Process_Regression,2026-03-24 13:08:33,0.471,0.5478669936787208,-0.07686699367872085,synthetic_full_cycle,synthetic_growth_cycles
BIM-04,OD,machine_learning,Gaussian_Process_Regression,2026-03-25 12:05:21,0.609,0.5076356861476065,0.10136431385239353,synthetic_full_cycle,synthetic_growth_cycles
BIM-04,OD,machine_learning,Gaussian_Process_Regression,2026-03-26 12:20:42,0.579,0.7644632444509505,-0.18546324445095053,synthetic_full_cycle,synthetic_growth_cycles
BIM-04,OD,machine_learning,Gaussian_Process_Regression,2026-03-27 12:58:48,0.687,0.6656839982429521,0.021316001757047953,synthetic_full_cycle,synthetic_growth_cycles
BIM-04,OD,machine_learning,Gaussian_Process_Regression,2026-03-30 12:42:53,0.665,0.7924050261532206,-0.12740502615322058,synthetic_full_cycle,synthetic_growth_cycles
BIM-04,OD,machine_learning,Gaussian_Process_Regression,2026-03-31 14:40:06,0.748,0.7139463856548058,0.03405361434519416,synthetic_full_cycle,synthetic_growth_cycles
BIM-04,OD,machine_learning,Gaussian_Process_Regression,2026-04-01 14:31:50,0.752,0.8076397873258521,-0.055639787325852064,synthetic_full_cycle,synthetic_growth_cycles
BIM-04,OD,machine_learning,Gaussian_Process_Regression,2026-04-02 13:52:12,0.734,0.7811933957337006,-0.04719339573370063,synthetic_full_cycle,synthetic_growth_cycles
BIM-04,OD,machine_learning,Gaussian_Process_Regression,2026-04-06 15:01:13,0.545,0.7297732302212915,-0.18477323022129144,synthetic_full_cycle,synthetic_growth_cycles
BIM-04,OD,machine_learning,Gaussian_Process_Regression,2026-04-07 15:03:08,0.435,0.5302183540542225,-0.09521835405422246,synthetic_full_cycle,synthetic_growth_cycles
BIM-04,OD,machine_learning,PLS,2026-03-24 13:08:33,0.471,0.6195336949827754,-0.14853369498277547,synthetic_full_cycle,synthetic_growth_cycles
BIM-04,OD,machine_learning,PLS,2026-03-25 12:05:21,0.609,0.601161930905361,0.007838069094639022,synthetic_full_cycle,synthetic_growth_cycles
BIM-04,OD,machine_learning,PLS,2026-03-26 12:20:42,0.579,0.6174307541856421,-0.038430754185642124,synthetic_full_cycle,synthetic_growth_cycles
BIM-04,OD,machine_learning,PLS,2026-03-27 12:58:48,0.687,0.6328805610708185,0.054119438929181585,synthetic_full_cycle,synthetic_growth_cycles
BIM-04,OD,machine_learning,PLS,2026-03-30 12:42:53,0.665,0.6969114830660472,-0.031911483066047186,synthetic_full_cycle,synthetic_growth_cycles
BIM-04,OD,machine_learning,PLS,2026-03-31 14:40:06,0.748,0.7137438463409327,0.03425615365906731,synthetic_full_cycle,synthetic_growth_cycles
BIM-04,OD,machine_learning,PLS,2026-04-01 14:31:50,0.752,0.7638066407411983,-0.011806640741198304,synthetic_full_cycle,synthetic_growth_cycles
BIM-04,OD,machine_learning,PLS,2026-04-02 13:52:12,0.734,0.783759265502836,-0.04975926550283605,synthetic_full_cycle,synthetic_growth_cycles
BIM-04,OD,machine_learning,PLS,2026-04-06 15:01:13,0.545,0.8021675568403185,-0.25716755684031845,synthetic_full_cycle,synthetic_growth_cycles
BIM-04,OD,machine_learning,PLS,2026-04-07 15:03:08,0.435,0.737120949235365,-0.302120949235365,synthetic_full_cycle,synthetic_growth_cycles
BIM-04,OD,machine_learning,PCR,2026-03-24 13:08:33,0.471,0.6213270260377081,-0.1503270260377081,synthetic_full_cycle,synthetic_growth_cycles
BIM-04,OD,machine_learning,PCR,2026-03-25 12:05:21,0.609,0.604865579672597,0.004134420327402966,synthetic_full_cycle,synthetic_growth_cycles
BIM-04,OD,machine_learning,PCR,2026-03-26 12:20:42,0.579,0.6174880848985603,-0.03848808489856037,synthetic_full_cycle,synthetic_growth_cycles
BIM-04,OD,machine_learning,PCR,2026-03-27 12:58:48,0.687,0.6327471552298445,0.05425284477015557,synthetic_full_cycle,synthetic_growth_cycles
BIM-04,OD,machine_learning,PCR,2026-03-30 12:42:53,0.665,0.6968170592281178,-0.03181705922811773,synthetic_full_cycle,synthetic_growth_cycles
BIM-04,OD,machine_learning,PCR,2026-03-31 14:40:06,0.748,0.713731462162717,0.03426853783728301,synthetic_full_cycle,synthetic_growth_cycles
BIM-04,OD,machine_learning,PCR,2026-04-01 14:31:50,0.752,0.7638586436756075,-0.011858643675607516,synthetic_full_cycle,synthetic_growth_cycles
BIM-04,OD,machine_learning,PCR,2026-04-02 13:52:12,0.734,0.7834512029406626,-0.04945120294066263,synthetic_full_cycle,synthetic_growth_cycles
BIM-04,OD,machine_learning,PCR,2026-04-06 15:01:13,0.545,0.8036596437685146,-0.2586596437685146,synthetic_full_cycle,synthetic_growth_cycles
BIM-04,OD,machine_learning,PCR,2026-04-07 15:03:08,0.435,0.7426473058294694,-0.30764730582946936,synthetic_full_cycle,synthetic_growth_cycles
BIM-04,OD,machine_learning,XGBoost,2026-03-24 13:08:33,0.471,0.5503737330436707,-0.07937373304367068,synthetic_full_cycle,synthetic_growth_cycles
BIM-04,OD,machine_learning,XGBoost,2026-03-25 12:05:21,0.609,0.5684518814086914,0.04054811859130858,synthetic_full_cycle,synthetic_growth_cycles
BIM-04,OD,machine_learning,XGBoost,2026-03-26 12:20:42,0.579,0.7600122094154358,-0.18101220941543583,synthetic_full_cycle,synthetic_growth_cycles
BIM-04,OD,machine_learning,XGBoost,2026-03-27 12:58:48,0.687,0.6215023398399353,0.06549766016006475,synthetic_full_cycle,synthetic_growth_cycles
BIM-04,OD,machine_learning,XGBoost,2026-03-30 12:42:53,0.665,0.7792869210243225,-0.11428692102432247,synthetic_full_cycle,synthetic_growth_cycles
BIM-04,OD,machine_learning,XGBoost,2026-03-31 14:40:06,0.748,0.7240868210792542,0.023913178920745848,synthetic_full_cycle,synthetic_growth_cycles
BIM-04,OD,machine_learning,XGBoost,2026-04-01 14:31:50,0.752,0.8118689060211182,-0.05986890602111816,synthetic_full_cycle,synthetic_growth_cycles
BIM-04,OD,machine_learning,XGBoost,2026-04-02 13:52:12,0.734,0.7805505394935608,-0.046550539493560805,synthetic_full_cycle,synthetic_growth_cycles
BIM-04,OD,machine_learning,XGBoost,2026-04-06 15:01:13,0.545,0.7451961040496826,-0.20019610404968258,synthetic_full_cycle,synthetic_growth_cycles
BIM-04,OD,machine_learning,XGBoost,2026-04-07 15:03:08,0.435,0.5853816866874695,-0.15038168668746948,synthetic_full_cycle,synthetic_growth_cycles
BIM-04,OD,machine_learning,LightGBM,2026-03-24 13:08:33,0.471,0.5571101303465037,-0.08611013034650372,synthetic_full_cycle,synthetic_growth_cycles
BIM-04,OD,machine_learning,LightGBM,2026-03-25 12:05:21,0.609,0.5191679571206859,0.08983204287931412,synthetic_full_cycle,synthetic_growth_cycles
BIM-04,OD,machine_learning,LightGBM,2026-03-26 12:20:42,0.579,0.7419463256780022,-0.16294632567800227,synthetic_full_cycle,synthetic_growth_cycles
BIM-04,OD,machine_learning,LightGBM,2026-03-27 12:58:48,0.687,0.6432220450840659,0.04377795491593417,synthetic_full_cycle,synthetic_growth_cycles
BIM-04,OD,machine_learning,LightGBM,2026-03-30 12:42:53,0.665,0.7975045766283992,-0.1325045766283992,synthetic_full_cycle,synthetic_growth_cycles
BIM-04,OD,machine_learning,LightGBM,2026-03-31 14:40:06,0.748,0.7287333640312134,0.01926663596878664,synthetic_full_cycle,synthetic_growth_cycles
BIM-04,OD,machine_learning,LightGBM,2026-04-01 14:31:50,0.752,0.7914990216897009,-0.039499021689700875,synthetic_full_cycle,synthetic_growth_cycles
BIM-04,OD,machine_learning,LightGBM,2026-04-02 13:52:12,0.734,0.7895347731592984,-0.055534773159298445,synthetic_full_cycle,synthetic_growth_cycles
BIM-04,OD,machine_learning,LightGBM,2026-04-06 15:01:13,0.545,0.7461194101851831,-0.2011194101851831,synthetic_full_cycle,synthetic_growth_cycles
BIM-04,OD,machine_learning,LightGBM,2026-04-07 15:03:08,0.435,0.5541193843195586,-0.11911938431955865,synthetic_full_cycle,synthetic_growth_cycles
BIM-04,OD,machine_learning,CatBoost,2026-03-24 13:08:33,0.471,0.5605869811151682,-0.08958698111516827,synthetic_full_cycle,synthetic_growth_cycles
BIM-04,OD,machine_learning,CatBoost,2026-03-25 12:05:21,0.609,0.523776630831724,0.085223369168276,synthetic_full_cycle,synthetic_growth_cycles
BIM-04,OD,machine_learning,CatBoost,2026-03-26 12:20:42,0.579,0.7605783222799587,-0.18157832227995874,synthetic_full_cycle,synthetic_growth_cycles
BIM-04,OD,machine_learning,CatBoost,2026-03-27 12:58:48,0.687,0.6218396628377204,0.06516033716227965,synthetic_full_cycle,synthetic_growth_cycles
BIM-04,OD,machine_learning,CatBoost,2026-03-30 12:42:53,0.665,0.7816956817087941,-0.11669568170879407,synthetic_full_cycle,synthetic_growth_cycles
BIM-04,OD,machine_learning,CatBoost,2026-03-31 14:40:06,0.748,0.7295309691226651,0.01846903087733487,synthetic_full_cycle,synthetic_growth_cycles
BIM-04,OD,machine_learning,CatBoost,2026-04-01 14:31:50,0.752,0.7867213061355703,-0.03472130613557034,synthetic_full_cycle,synthetic_growth_cycles
BIM-04,OD,machine_learning,CatBoost,2026-04-02 13:52:12,0.734,0.7823286013250862,-0.04832860132508621,synthetic_full_cycle,synthetic_growth_cycles
BIM-04,OD,machine_learning,CatBoost,2026-04-06 15:01:13,0.545,0.7445600515230856,-0.19956005152308554,synthetic_full_cycle,synthetic_growth_cycles
BIM-04,OD,machine_learning,CatBoost,2026-04-07 15:03:08,0.435,0.5443612968149589,-0.10936129681495893,synthetic_full_cycle,synthetic_growth_cycles
BIM-04,OD,deep_learning,MLP,2026-03-25 12:05:21,0.609,0.46929200439534347,0.13970799560465652,synthetic_full_cycle,synthetic_growth_cycles
BIM-04,OD,deep_learning,MLP,2026-03-26 12:20:42,0.579,0.7193394057977232,-0.1403394057977232,synthetic_full_cycle,synthetic_growth_cycles
BIM-04,OD,deep_learning,MLP,2026-03-27 12:58:48,0.687,0.6040472846612721,0.08295271533872794,synthetic_full_cycle,synthetic_growth_cycles
BIM-04,OD,deep_learning,MLP,2026-03-30 12:42:53,0.665,0.7529110301581317,-0.08791103015813162,synthetic_full_cycle,synthetic_growth_cycles
BIM-04,OD,deep_learning,MLP,2026-03-31 14:40:06,0.748,0.7057364508670341,0.04226354913296593,synthetic_full_cycle,synthetic_growth_cycles
BIM-04,OD,deep_learning,MLP,2026-04-01 14:31:50,0.752,0.781613780045598,-0.029613780045598004,synthetic_full_cycle,synthetic_growth_cycles
BIM-04,OD,deep_learning,MLP,2026-04-02 13:52:12,0.734,0.7815212238279485,-0.047521223827948544,synthetic_full_cycle,synthetic_growth_cycles
BIM-04,OD,deep_learning,MLP,2026-04-06 15:01:13,0.545,0.7278520612534656,-0.18285206125346554,synthetic_full_cycle,synthetic_growth_cycles
BIM-04,OD,deep_learning,MLP,2026-04-07 15:03:08,0.435,0.5760655967589363,-0.14106559675893632,synthetic_full_cycle,synthetic_growth_cycles
BIM-05,OD,machine_learning,Linear_Regression,2026-03-24 13:13:08,0.786,0.3751308564294805,0.4108691435705195,synthetic_full_cycle,synthetic_growth_cycles
BIM-05,OD,machine_learning,Linear_Regression,2026-03-25 12:06:40,0.677,0.8996121007211471,-0.222612100721147,synthetic_full_cycle,synthetic_growth_cycles
BIM-05,OD,machine_learning,Linear_Regression,2026-03-26 12:24:14,0.623,0.6480095592764604,-0.025009559276460425,synthetic_full_cycle,synthetic_growth_cycles
BIM-05,OD,machine_learning,Linear_Regression,2026-03-27 13:01:35,0.827,0.6032465104026876,0.22375348959731234,synthetic_full_cycle,synthetic_growth_cycles
BIM-05,OD,machine_learning,Linear_Regression,2026-03-30 12:44:47,0.885,0.9422554291486006,-0.0572554291486006,synthetic_full_cycle,synthetic_growth_cycles
BIM-05,OD,machine_learning,Linear_Regression,2026-03-31 14:41:43,0.896,0.9330881336067414,-0.03708813360674135,synthetic_full_cycle,synthetic_growth_cycles
BIM-05,OD,machine_learning,Linear_Regression,2026-04-01 14:33:43,0.912,0.906316337714897,0.005683662285103086,synthetic_full_cycle,synthetic_growth_cycles
BIM-05,OD,machine_learning,Linear_Regression,2026-04-02 13:53:54,0.978,0.9206139630739719,0.05738603692602806,synthetic_full_cycle,synthetic_growth_cycles
BIM-05,OD,machine_learning,Linear_Regression,2026-04-06 15:03:11,0.928,1.0105643969080147,-0.08256439690801465,synthetic_full_cycle,synthetic_growth_cycles
BIM-05,OD,machine_learning,Linear_Regression,2026-04-07 15:04:51,0.874,0.9024607901290133,-0.028460790129013258,synthetic_full_cycle,synthetic_growth_cycles
BIM-05,OD,machine_learning,Linear_Regression,2026-04-08 14:32:10,0.916,0.8414484608238333,0.07455153917616675,synthetic_full_cycle,synthetic_growth_cycles
BIM-05,OD,machine_learning,Linear_Regression,2026-04-09 16:20:49,0.892,0.9342126038533829,-0.04221260385338288,synthetic_full_cycle,synthetic_growth_cycles
BIM-05,OD,machine_learning,Linear_Regression,2026-04-10 15:10:37,0.874,0.8817675170276282,-0.007767517027628235,synthetic_full_cycle,synthetic_growth_cycles
BIM-05,OD,machine_learning,Linear_Regression,2026-04-13 15:28:49,0.894,0.8635591421528148,0.0304408578471852,synthetic_full_cycle,synthetic_growth_cycles
BIM-05,OD,machine_learning,Linear_Regression,2026-04-14 14:58:17,0.874,0.9039754098750082,-0.02997540987500824,synthetic_full_cycle,synthetic_growth_cycles
BIM-05,OD,machine_learning,Linear_Regression,2026-04-15 14:56:47,0.881,0.8656384613726819,0.01536153862731815,synthetic_full_cycle,synthetic_growth_cycles
BIM-05,OD,machine_learning,Linear_Regression,2026-04-16 14:45:55,0.881,0.884414063157028,-0.003414063157027969,synthetic_full_cycle,synthetic_growth_cycles
BIM-05,OD,machine_learning,Linear_Regression,2026-04-20 21:19:14,0.899,0.882447939270821,0.01655206072917903,synthetic_full_cycle,synthetic_growth_cycles
BIM-05,OD,machine_learning,Linear_Regression,2026-04-27 15:51:34,0.9319999999999999,0.908821823868352,0.023178176131647965,synthetic_full_cycle,synthetic_growth_cycles
BIM-05,OD,machine_learning,Linear_Regression,2026-04-28 15:12:22,0.965,0.9493090300630612,0.015690969936938748,synthetic_full_cycle,synthetic_growth_cycles
BIM-05,OD,machine_learning,Linear_Regression,2026-04-29 15:10:01,0.964,0.9811536043842384,-0.017153604384238408,synthetic_full_cycle,synthetic_growth_cycles
BIM-05,OD,machine_learning,Linear_Regression,2026-04-30 17:10:41,1.0295,0.9611266764310257,0.06837332356897441,synthetic_full_cycle,synthetic_growth_cycles
BIM-05,OD,machine_learning,Linear_Regression,2026-05-04 15:12:00,1.095,1.0570392330305531,0.037960766969446835,synthetic_full_cycle,synthetic_growth_cycles
BIM-05,OD,machine_learning,Linear_Regression,2026-05-05 14:50:00,0.711,1.1229190960158713,-0.4119190960158713,synthetic_full_cycle,synthetic_growth_cycles
BIM-05,OD,machine_learning,Linear_Regression,2026-05-06 14:52:00,0.7,0.5126209394093684,0.18737906059063159,synthetic_full_cycle,synthetic_growth_cycles
BIM-05,OD,machine_learning,Linear_Regression,2026-05-07 15:01:00,0.63,0.6791366450670984,-0.04913664506709836,synthetic_full_cycle,synthetic_growth_cycles
BIM-05,OD,machine_learning,Linear_Regression,2026-05-08 16:44:00,0.573,0.6079169017618977,-0.03491690176189777,synthetic_full_cycle,synthetic_growth_cycles
BIM-05,OD,machine_learning,Linear_Regression,2026-05-11 14:58:00,0.519,0.5578051421930146,-0.03880514219301456,synthetic_full_cycle,synthetic_growth_cycles
BIM-05,OD,machine_learning,Polynomial_Regression,2026-03-24 13:13:08,0.786,0.5770122949100469,0.20898770508995312,synthetic_full_cycle,synthetic_growth_cycles
BIM-05,OD,machine_learning,Polynomial_Regression,2026-03-25 12:06:40,0.677,0.9336812607294087,-0.25668126072940867,synthetic_full_cycle,synthetic_growth_cycles
BIM-05,OD,machine_learning,Polynomial_Regression,2026-03-26 12:24:14,0.623,0.7131077280401298,-0.09010772804012979,synthetic_full_cycle,synthetic_growth_cycles
BIM-05,OD,machine_learning,Polynomial_Regression,2026-03-27 13:01:35,0.827,0.5636511534111682,0.26334884658883173,synthetic_full_cycle,synthetic_growth_cycles
BIM-05,OD,machine_learning,Polynomial_Regression,2026-03-30 12:44:47,0.885,0.9553330899717055,-0.07033308997170551,synthetic_full_cycle,synthetic_growth_cycles
BIM-05,OD,machine_learning,Polynomial_Regression,2026-03-31 14:41:43,0.896,0.9392585716787407,-0.0432585716787407,synthetic_full_cycle,synthetic_growth_cycles
BIM-05,OD,machine_learning,Polynomial_Regression,2026-04-01 14:33:43,0.912,0.9113242611670604,0.0006757388329395875,synthetic_full_cycle,synthetic_growth_cycles
BIM-05,OD,machine_learning,Polynomial_Regression,2026-04-02 13:53:54,0.978,0.9190860949257713,0.05891390507422867,synthetic_full_cycle,synthetic_growth_cycles
BIM-05,OD,machine_learning,Polynomial_Regression,2026-04-06 15:03:11,0.928,1.00286871303923,-0.07486871303922993,synthetic_full_cycle,synthetic_growth_cycles
BIM-05,OD,machine_learning,Polynomial_Regression,2026-04-07 15:04:51,0.874,0.921968983226809,-0.04796898322680898,synthetic_full_cycle,synthetic_growth_cycles
BIM-05,OD,machine_learning,Polynomial_Regression,2026-04-08 14:32:10,0.916,0.8352290866846177,0.08077091331538233,synthetic_full_cycle,synthetic_growth_cycles
BIM-05,OD,machine_learning,Polynomial_Regression,2026-04-09 16:20:49,0.892,0.9231199105439152,-0.031119910543915164,synthetic_full_cycle,synthetic_growth_cycles
BIM-05,OD,machine_learning,Polynomial_Regression,2026-04-10 15:10:37,0.874,0.8903914712814107,-0.01639147128141072,synthetic_full_cycle,synthetic_growth_cycles
BIM-05,OD,machine_learning,Polynomial_Regression,2026-04-13 15:28:49,0.894,0.8593735700352442,0.034626429964755845,synthetic_full_cycle,synthetic_growth_cycles
BIM-05,OD,machine_learning,Polynomial_Regression,2026-04-14 14:58:17,0.874,0.8982642182471103,-0.024264218247110336,synthetic_full_cycle,synthetic_growth_cycles
BIM-05,OD,machine_learning,Polynomial_Regression,2026-04-15 14:56:47,0.881,0.869512597531638,0.011487402468361996,synthetic_full_cycle,synthetic_growth_cycles
BIM-05,OD,machine_learning,Polynomial_Regression,2026-04-16 14:45:55,0.881,0.8791426203376966,0.0018573796623033711,synthetic_full_cycle,synthetic_growth_cycles
BIM-05,OD,machine_learning,Polynomial_Regression,2026-04-20 21:19:14,0.899,0.8819077147545324,0.017092285245467576,synthetic_full_cycle,synthetic_growth_cycles
BIM-05,OD,machine_learning,Polynomial_Regression,2026-04-27 15:51:34,0.9319999999999999,0.9056704385993168,0.0263295614006831,synthetic_full_cycle,synthetic_growth_cycles
BIM-05,OD,machine_learning,Polynomial_Regression,2026-04-28 15:12:22,0.965,0.9465219855330778,0.01847801446692221,synthetic_full_cycle,synthetic_growth_cycles
BIM-05,OD,machine_learning,Polynomial_Regression,2026-04-29 15:10:01,0.964,0.9792900708783371,-0.015290070878337114,synthetic_full_cycle,synthetic_growth_cycles
BIM-05,OD,machine_learning,Polynomial_Regression,2026-04-30 17:10:41,1.0295,0.9651727714474592,0.06432722855254092,synthetic_full_cycle,synthetic_growth_cycles
BIM-05,OD,machine_learning,Polynomial_Regression,2026-05-04 15:12:00,1.095,1.046762565493385,0.048237434506614996,synthetic_full_cycle,synthetic_growth_cycles
BIM-05,OD,machine_learning,Polynomial_Regression,2026-05-05 14:50:00,0.711,1.1121320653428943,-0.40113206534289436,synthetic_full_cycle,synthetic_growth_cycles
BIM-05,OD,machine_learning,Polynomial_Regression,2026-05-06 14:52:00,0.7,0.627298616987862,0.07270138301213791,synthetic_full_cycle,synthetic_growth_cycles
BIM-05,OD,machine_learning,Polynomial_Regression,2026-05-07 15:01:00,0.63,0.5711924428281497,0.05880755717185027,synthetic_full_cycle,synthetic_growth_cycles
BIM-05,OD,machine_learning,Polynomial_Regression,2026-05-08 16:44:00,0.573,0.5970089653339956,-0.024008965333995658,synthetic_full_cycle,synthetic_growth_cycles
BIM-05,OD,machine_learning,Polynomial_Regression,2026-05-11 14:58:00,0.519,0.5262215605056679,-0.007221560505667912,synthetic_full_cycle,synthetic_growth_cycles
BIM-05,OD,machine_learning,Ridge,2026-03-24 13:13:08,0.786,0.39221239280067166,0.39378760719932837,synthetic_full_cycle,synthetic_growth_cycles
BIM-05,OD,machine_learning,Ridge,2026-03-25 12:06:40,0.677,0.8853082485628798,-0.20830824856287977,synthetic_full_cycle,synthetic_growth_cycles
BIM-05,OD,machine_learning,Ridge,2026-03-26 12:24:14,0.623,0.6562711780576502,-0.03327117805765023,synthetic_full_cycle,synthetic_growth_cycles
BIM-05,OD,machine_learning,Ridge,2026-03-27 13:01:35,0.827,0.6029803406861507,0.22401965931384926,synthetic_full_cycle,synthetic_growth_cycles
BIM-05,OD,machine_learning,Ridge,2026-03-30 12:44:47,0.885,0.9355943650140817,-0.050594365014081655,synthetic_full_cycle,synthetic_growth_cycles
BIM-05,OD,machine_learning,Ridge,2026-03-31 14:41:43,0.896,0.935663095046187,-0.039663095046187036,synthetic_full_cycle,synthetic_growth_cycles
BIM-05,OD,machine_learning,Ridge,2026-04-01 14:33:43,0.912,0.9072217383382404,0.004778261661759653,synthetic_full_cycle,synthetic_growth_cycles
BIM-05,OD,machine_learning,Ridge,2026-04-02 13:53:54,0.978,0.9204008874198798,0.05759911258012018,synthetic_full_cycle,synthetic_growth_cycles
BIM-05,OD,machine_learning,Ridge,2026-04-06 15:03:11,0.928,1.0089577193491395,-0.08095771934913942,synthetic_full_cycle,synthetic_growth_cycles
BIM-05,OD,machine_learning,Ridge,2026-04-07 15:04:51,0.874,0.9051858078400947,-0.031185807840094726,synthetic_full_cycle,synthetic_growth_cycles
BIM-05,OD,machine_learning,Ridge,2026-04-08 14:32:10,0.916,0.8420084185744706,0.07399158142552942,synthetic_full_cycle,synthetic_growth_cycles
BIM-05,OD,machine_learning,Ridge,2026-04-09 16:20:49,0.892,0.9319463035303377,-0.03994630353033768,synthetic_full_cycle,synthetic_growth_cycles
BIM-05,OD,machine_learning,Ridge,2026-04-10 15:10:37,0.874,0.8833317886869286,-0.009331788686928633,synthetic_full_cycle,synthetic_growth_cycles
BIM-05,OD,machine_learning,Ridge,2026-04-13 15:28:49,0.894,0.8636414156277578,0.03035858437224226,synthetic_full_cycle,synthetic_growth_cycles
BIM-05,OD,machine_learning,Ridge,2026-04-14 14:58:17,0.874,0.9030880314670341,-0.029088031467034092,synthetic_full_cycle,synthetic_growth_cycles
BIM-05,OD,machine_learning,Ridge,2026-04-15 14:56:47,0.881,0.8666706641427102,0.014329335857289793,synthetic_full_cycle,synthetic_growth_cycles
BIM-05,OD,machine_learning,Ridge,2026-04-16 14:45:55,0.881,0.8838686208243216,-0.0028686208243215994,synthetic_full_cycle,synthetic_growth_cycles
BIM-05,OD,machine_learning,Ridge,2026-04-20 21:19:14,0.899,0.8826467207844195,0.016353279215580496,synthetic_full_cycle,synthetic_growth_cycles
BIM-05,OD,machine_learning,Ridge,2026-04-27 15:51:34,0.9319999999999999,0.9083486532249265,0.023651346775073412,synthetic_full_cycle,synthetic_growth_cycles
BIM-05,OD,machine_learning,Ridge,2026-04-28 15:12:22,0.965,0.9487334441837108,0.01626655581628922,synthetic_full_cycle,synthetic_growth_cycles
BIM-05,OD,machine_learning,Ridge,2026-04-29 15:10:01,0.964,0.9808338048513751,-0.01683380485137509,synthetic_full_cycle,synthetic_growth_cycles
BIM-05,OD,machine_learning,Ridge,2026-04-30 17:10:41,1.0295,0.9617584553886963,0.06774154461130377,synthetic_full_cycle,synthetic_growth_cycles
BIM-05,OD,machine_learning,Ridge,2026-05-04 15:12:00,1.095,1.055024631849986,0.0399753681500139,synthetic_full_cycle,synthetic_growth_cycles
BIM-05,OD,machine_learning,Ridge,2026-05-05 14:50:00,0.711,1.1221584579685149,-0.4111584579685149,synthetic_full_cycle,synthetic_growth_cycles
BIM-05,OD,machine_learning,Ridge,2026-05-06 14:52:00,0.7,0.524991285694766,0.1750087143052339,synthetic_full_cycle,synthetic_growth_cycles
BIM-05,OD,machine_learning,Ridge,2026-05-07 15:01:00,0.63,0.6719667928706808,-0.041966792870680836,synthetic_full_cycle,synthetic_growth_cycles
BIM-05,OD,machine_learning,Ridge,2026-05-08 16:44:00,0.573,0.6100787149862763,-0.03707871498627635,synthetic_full_cycle,synthetic_growth_cycles
BIM-05,OD,machine_learning,Ridge,2026-05-11 14:58:00,0.519,0.5584894932754673,-0.03948949327546725,synthetic_full_cycle,synthetic_growth_cycles
BIM-05,OD,machine_learning,Lasso,2026-03-24 13:13:08,0.786,0.5743996852144473,0.21160031478555275,synthetic_full_cycle,synthetic_growth_cycles
BIM-05,OD,machine_learning,Lasso,2026-03-25 12:06:40,0.677,0.7880266290699434,-0.11102662906994332,synthetic_full_cycle,synthetic_growth_cycles
BIM-05,OD,machine_learning,Lasso,2026-03-26 12:24:14,0.623,0.7211055977132047,-0.0981055977132047,synthetic_full_cycle,synthetic_growth_cycles
BIM-05,OD,machine_learning,Lasso,2026-03-27 13:01:35,0.827,0.6366364366047673,0.19036356339523264,synthetic_full_cycle,synthetic_growth_cycles
BIM-05,OD,machine_learning,Lasso,2026-03-30 12:44:47,0.885,0.8609418662678703,0.024058133732129727,synthetic_full_cycle,synthetic_growth_cycles
BIM-05,OD,machine_learning,Lasso,2026-03-31 14:41:43,0.896,0.9274626377942368,-0.03146263779423675,synthetic_full_cycle,synthetic_growth_cycles
BIM-05,OD,machine_learning,Lasso,2026-04-01 14:33:43,0.912,0.9144955385382371,-0.00249553853823703,synthetic_full_cycle,synthetic_growth_cycles
BIM-05,OD,machine_learning,Lasso,2026-04-02 13:53:54,0.978,0.9241413336753584,0.053858666324641535,synthetic_full_cycle,synthetic_growth_cycles
BIM-05,OD,machine_learning,Lasso,2026-04-06 15:03:11,0.928,0.9911861512677128,-0.06318615126771276,synthetic_full_cycle,synthetic_growth_cycles
BIM-05,OD,machine_learning,Lasso,2026-04-07 15:04:51,0.874,0.9374889176063621,-0.0634889176063621,synthetic_full_cycle,synthetic_growth_cycles
BIM-05,OD,machine_learning,Lasso,2026-04-08 14:32:10,0.916,0.8736781262186212,0.04232187378137886,synthetic_full_cycle,synthetic_growth_cycles
BIM-05,OD,machine_learning,Lasso,2026-04-09 16:20:49,0.892,0.9231495250201022,-0.031149525020102153,synthetic_full_cycle,synthetic_growth_cycles
BIM-05,OD,machine_learning,Lasso,2026-04-10 15:10:37,0.874,0.9047402184370616,-0.03074021843706165,synthetic_full_cycle,synthetic_growth_cycles
BIM-05,OD,machine_learning,Lasso,2026-04-13 15:28:49,0.894,0.8810817038063853,0.012918296193614731,synthetic_full_cycle,synthetic_growth_cycles
BIM-05,OD,machine_learning,Lasso,2026-04-14 14:58:17,0.874,0.9046622580055168,-0.030662258005516807,synthetic_full_cycle,synthetic_growth_cycles
BIM-05,OD,machine_learning,Lasso,2026-04-15 14:56:47,0.881,0.8860970305593868,-0.005097030559386817,synthetic_full_cycle,synthetic_growth_cycles
BIM-05,OD,machine_learning,Lasso,2026-04-16 14:45:55,0.881,0.8909589083437199,-0.00995890834371993,synthetic_full_cycle,synthetic_growth_cycles
BIM-05,OD,machine_learning,Lasso,2026-04-20 21:19:14,0.899,0.8933471591784826,0.005652840821517402,synthetic_full_cycle,synthetic_growth_cycles
BIM-05,OD,machine_learning,Lasso,2026-04-27 15:51:34,0.9319999999999999,0.9111544592639904,0.020845540736009527,synthetic_full_cycle,synthetic_growth_cycles
BIM-05,OD,machine_learning,Lasso,2026-04-28 15:12:22,0.965,0.9453336370397273,0.019666362960272687,synthetic_full_cycle,synthetic_growth_cycles
BIM-05,OD,machine_learning,Lasso,2026-04-29 15:10:01,0.964,0.9773633890641779,-0.013363389064177889,synthetic_full_cycle,synthetic_growth_cycles
BIM-05,OD,machine_learning,Lasso,2026-04-30 17:10:41,1.0295,0.9723870425269489,0.05711295747305123,synthetic_full_cycle,synthetic_growth_cycles
BIM-05,OD,machine_learning,Lasso,2026-05-04 15:12:00,1.095,1.036286917871129,0.05871308212887105,synthetic_full_cycle,synthetic_growth_cycles
BIM-05,OD,machine_learning,Lasso,2026-05-05 14:50:00,0.711,1.1042468196344055,-0.39324681963440555,synthetic_full_cycle,synthetic_growth_cycles
BIM-05,OD,machine_learning,Lasso,2026-05-06 14:52:00,0.7,0.6987039567601642,0.0012960432398357868,synthetic_full_cycle,synthetic_growth_cycles
BIM-05,OD,machine_learning,Lasso,2026-05-07 15:01:00,0.63,0.6794893760177377,-0.04948937601773773,synthetic_full_cycle,synthetic_growth_cycles
BIM-05,OD,machine_learning,Lasso,2026-05-08 16:44:00,0.573,0.6528425058542228,-0.07984250585422281,synthetic_full_cycle,synthetic_growth_cycles
BIM-05,OD,machine_learning,Lasso,2026-05-11 14:58:00,0.519,0.5951192822007056,-0.07611928220070563,synthetic_full_cycle,synthetic_growth_cycles
BIM-05,OD,machine_learning,Elastic_Net,2026-03-24 13:13:08,0.786,0.568362606915515,0.21763739308448504,synthetic_full_cycle,synthetic_growth_cycles
BIM-05,OD,machine_learning,Elastic_Net,2026-03-25 12:06:40,0.677,0.7795506255306496,-0.10255062553064953,synthetic_full_cycle,synthetic_growth_cycles
BIM-05,OD,machine_learning,Elastic_Net,2026-03-26 12:24:14,0.623,0.7240589271715598,-0.10105892717155984,synthetic_full_cycle,synthetic_growth_cycles
BIM-05,OD,machine_learning,Elastic_Net,2026-03-27 13:01:35,0.827,0.6278979027206689,0.19910209727933104,synthetic_full_cycle,synthetic_growth_cycles
BIM-05,OD,machine_learning,Elastic_Net,2026-03-30 12:44:47,0.885,0.864312691058411,0.02068730894158899,synthetic_full_cycle,synthetic_growth_cycles
BIM-05,OD,machine_learning,Elastic_Net,2026-03-31 14:41:43,0.896,0.9352055327173197,-0.039205532717319636,synthetic_full_cycle,synthetic_growth_cycles
BIM-05,OD,machine_learning,Elastic_Net,2026-04-01 14:33:43,0.912,0.9144158318776556,-0.0024158318776555943,synthetic_full_cycle,synthetic_growth_cycles
BIM-05,OD,machine_learning,Elastic_Net,2026-04-02 13:53:54,0.978,0.9223239074487318,0.05567609255126815,synthetic_full_cycle,synthetic_growth_cycles
BIM-05,OD,machine_learning,Elastic_Net,2026-04-06 15:03:11,0.928,0.9914181343380403,-0.06341813433804022,synthetic_full_cycle,synthetic_growth_cycles
BIM-05,OD,machine_learning,Elastic_Net,2026-04-07 15:04:51,0.874,0.9351856560533993,-0.06118565605339932,synthetic_full_cycle,synthetic_growth_cycles
BIM-05,OD,machine_learning,Elastic_Net,2026-04-08 14:32:10,0.916,0.8666693230480333,0.04933067695196669,synthetic_full_cycle,synthetic_growth_cycles
BIM-05,OD,machine_learning,Elastic_Net,2026-04-09 16:20:49,0.892,0.9197467430686832,-0.02774674306868319,synthetic_full_cycle,synthetic_growth_cycles
BIM-05,OD,machine_learning,Elastic_Net,2026-04-10 15:10:37,0.874,0.9026113648698588,-0.028611364869858824,synthetic_full_cycle,synthetic_growth_cycles
BIM-05,OD,machine_learning,Elastic_Net,2026-04-13 15:28:49,0.894,0.8765766691152157,0.017423330884784316,synthetic_full_cycle,synthetic_growth_cycles
BIM-05,OD,machine_learning,Elastic_Net,2026-04-14 14:58:17,0.874,0.9018820683449174,-0.027882068344917355,synthetic_full_cycle,synthetic_growth_cycles
BIM-05,OD,machine_learning,Elastic_Net,2026-04-15 14:56:47,0.881,0.8832880970962101,-0.00228809709621014,synthetic_full_cycle,synthetic_growth_cycles
BIM-05,OD,machine_learning,Elastic_Net,2026-04-16 14:45:55,0.881,0.887606783144219,-0.006606783144219031,synthetic_full_cycle,synthetic_growth_cycles
BIM-05,OD,machine_learning,Elastic_Net,2026-04-20 21:19:14,0.899,0.8908027012304068,0.008197298769593186,synthetic_full_cycle,synthetic_growth_cycles
BIM-05,OD,machine_learning,Elastic_Net,2026-04-27 15:51:34,0.9319999999999999,0.9090073976738898,0.022992602326110112,synthetic_full_cycle,synthetic_growth_cycles
BIM-05,OD,machine_learning,Elastic_Net,2026-04-28 15:12:22,0.965,0.9444333885922457,0.020566611407754287,synthetic_full_cycle,synthetic_growth_cycles
BIM-05,OD,machine_learning,Elastic_Net,2026-04-29 15:10:01,0.964,0.9769830532330324,-0.012983053233032393,synthetic_full_cycle,synthetic_growth_cycles
BIM-05,OD,machine_learning,Elastic_Net,2026-04-30 17:10:41,1.0295,0.9706362735145089,0.05886372648549121,synthetic_full_cycle,synthetic_growth_cycles
BIM-05,OD,machine_learning,Elastic_Net,2026-05-04 15:12:00,1.095,1.0356782330708538,0.05932176692914615,synthetic_full_cycle,synthetic_growth_cycles
BIM-05,OD,machine_learning,Elastic_Net,2026-05-05 14:50:00,0.711,1.106153253373718,-0.395153253373718,synthetic_full_cycle,synthetic_growth_cycles
BIM-05,OD,machine_learning,Elastic_Net,2026-05-06 14:52:00,0.7,0.6834569091369476,0.01654309086305239,synthetic_full_cycle,synthetic_growth_cycles
BIM-05,OD,machine_learning,Elastic_Net,2026-05-07 15:01:00,0.63,0.6611816137652304,-0.03118161376523043,synthetic_full_cycle,synthetic_growth_cycles
BIM-05,OD,machine_learning,Elastic_Net,2026-05-08 16:44:00,0.573,0.64739719967807,-0.07439719967807001,synthetic_full_cycle,synthetic_growth_cycles
BIM-05,OD,machine_learning,Elastic_Net,2026-05-11 14:58:00,0.519,0.5879646066755858,-0.0689646066755858,synthetic_full_cycle,synthetic_growth_cycles
BIM-05,OD,machine_learning,Decision_Trees,2026-03-24 13:13:08,0.786,0.5457237676475901,0.2402762323524099,synthetic_full_cycle,synthetic_growth_cycles
BIM-05,OD,machine_learning,Decision_Trees,2026-03-25 12:06:40,0.677,0.840027132436049,-0.16302713243604894,synthetic_full_cycle,synthetic_growth_cycles
BIM-05,OD,machine_learning,Decision_Trees,2026-03-26 12:24:14,0.623,0.7865185396036304,-0.1635185396036304,synthetic_full_cycle,synthetic_growth_cycles
BIM-05,OD,machine_learning,Decision_Trees,2026-03-27 13:01:35,0.827,0.6420412900033536,0.18495870999664632,synthetic_full_cycle,synthetic_growth_cycles
BIM-05,OD,machine_learning,Decision_Trees,2026-03-30 12:44:47,0.885,0.840027132436049,0.044972867563951024,synthetic_full_cycle,synthetic_growth_cycles
BIM-05,OD,machine_learning,Decision_Trees,2026-03-31 14:41:43,0.896,0.8975511641109808,-0.0015511641109807739,synthetic_full_cycle,synthetic_growth_cycles
BIM-05,OD,machine_learning,Decision_Trees,2026-04-01 14:33:43,0.912,0.8975511641109808,0.01444883588901924,synthetic_full_cycle,synthetic_growth_cycles
BIM-05,OD,machine_learning,Decision_Trees,2026-04-02 13:53:54,0.978,0.9504873809742598,0.027512619025740204,synthetic_full_cycle,synthetic_growth_cycles
BIM-05,OD,machine_learning,Decision_Trees,2026-04-06 15:03:11,0.928,1.0100923498119139,-0.08209234981191382,synthetic_full_cycle,synthetic_growth_cycles
BIM-05,OD,machine_learning,Decision_Trees,2026-04-07 15:04:51,0.874,0.9504873809742598,-0.07648738097425978,synthetic_full_cycle,synthetic_growth_cycles
BIM-05,OD,machine_learning,Decision_Trees,2026-04-08 14:32:10,0.916,0.8975511641109808,0.018448835889019244,synthetic_full_cycle,synthetic_growth_cycles
BIM-05,OD,machine_learning,Decision_Trees,2026-04-09 16:20:49,0.892,0.9504873809742598,-0.05848738097425976,synthetic_full_cycle,synthetic_growth_cycles
BIM-05,OD,machine_learning,Decision_Trees,2026-04-10 15:10:37,0.874,0.8975511641109808,-0.023551164110980793,synthetic_full_cycle,synthetic_growth_cycles
BIM-05,OD,machine_learning,Decision_Trees,2026-04-13 15:28:49,0.894,0.8975511641109808,-0.0035511641109807757,synthetic_full_cycle,synthetic_growth_cycles
BIM-05,OD,machine_learning,Decision_Trees,2026-04-14 14:58:17,0.874,0.8975511641109808,-0.023551164110980793,synthetic_full_cycle,synthetic_growth_cycles
BIM-05,OD,machine_learning,Decision_Trees,2026-04-15 14:56:47,0.881,0.8975511641109808,-0.016551164110980787,synthetic_full_cycle,synthetic_growth_cycles
BIM-05,OD,machine_learning,Decision_Trees,2026-04-16 14:45:55,0.881,0.8975511641109808,-0.016551164110980787,synthetic_full_cycle,synthetic_growth_cycles
BIM-05,OD,machine_learning,Decision_Trees,2026-04-20 21:19:14,0.899,0.8975511641109808,0.0014488358890192288,synthetic_full_cycle,synthetic_growth_cycles
BIM-05,OD,machine_learning,Decision_Trees,2026-04-27 15:51:34,0.9319999999999999,0.8975511641109808,0.03444883588901915,synthetic_full_cycle,synthetic_growth_cycles
BIM-05,OD,machine_learning,Decision_Trees,2026-04-28 15:12:22,0.965,0.9504873809742598,0.014512619025740192,synthetic_full_cycle,synthetic_growth_cycles
BIM-05,OD,machine_learning,Decision_Trees,2026-04-29 15:10:01,0.964,0.9504873809742598,0.013512619025740191,synthetic_full_cycle,synthetic_growth_cycles
BIM-05,OD,machine_learning,Decision_Trees,2026-04-30 17:10:41,1.0295,0.9504873809742598,0.0790126190257403,synthetic_full_cycle,synthetic_growth_cycles
BIM-05,OD,machine_learning,Decision_Trees,2026-05-04 15:12:00,1.095,1.0100923498119139,0.0849076501880861,synthetic_full_cycle,synthetic_growth_cycles
BIM-05,OD,machine_learning,Decision_Trees,2026-05-05 14:50:00,0.711,1.0691545079828442,-0.3581545079828442,synthetic_full_cycle,synthetic_growth_cycles
BIM-05,OD,machine_learning,Decision_Trees,2026-05-06 14:52:00,0.7,0.7865185396036304,-0.08651853960363043,synthetic_full_cycle,synthetic_growth_cycles
BIM-05,OD,machine_learning,Decision_Trees,2026-05-07 15:01:00,0.63,0.7865185396036304,-0.15651853960363038,synthetic_full_cycle,synthetic_growth_cycles
BIM-05,OD,machine_learning,Decision_Trees,2026-05-08 16:44:00,0.573,0.6420412900033536,-0.06904129000335368,synthetic_full_cycle,synthetic_growth_cycles
BIM-05,OD,machine_learning,Decision_Trees,2026-05-11 14:58:00,0.519,0.6420412900033536,-0.12304129000335362,synthetic_full_cycle,synthetic_growth_cycles
BIM-05,OD,machine_learning,Random_Forest,2026-03-24 13:13:08,0.786,0.6037123433975636,0.1822876566024364,synthetic_full_cycle,synthetic_growth_cycles
BIM-05,OD,machine_learning,Random_Forest,2026-03-25 12:06:40,0.677,0.794147596795856,-0.11714759679585596,synthetic_full_cycle,synthetic_growth_cycles
BIM-05,OD,machine_learning,Random_Forest,2026-03-26 12:24:14,0.623,0.7238155061981344,-0.1008155061981344,synthetic_full_cycle,synthetic_growth_cycles
BIM-05,OD,machine_learning,Random_Forest,2026-03-27 13:01:35,0.827,0.6471883102392951,0.17981168976070483,synthetic_full_cycle,synthetic_growth_cycles
BIM-05,OD,machine_learning,Random_Forest,2026-03-30 12:44:47,0.885,0.8866412795320552,-0.0016412795320551732,synthetic_full_cycle,synthetic_growth_cycles
BIM-05,OD,machine_learning,Random_Forest,2026-03-31 14:41:43,0.896,0.9372989122445222,-0.0412989122445222,synthetic_full_cycle,synthetic_growth_cycles
BIM-05,OD,machine_learning,Random_Forest,2026-04-01 14:33:43,0.912,0.8919572753146859,0.020042724685314095,synthetic_full_cycle,synthetic_growth_cycles
BIM-05,OD,machine_learning,Random_Forest,2026-04-02 13:53:54,0.978,0.9207437777271046,0.057256222272895396,synthetic_full_cycle,synthetic_growth_cycles
BIM-05,OD,machine_learning,Random_Forest,2026-04-06 15:03:11,0.928,0.9898653277280208,-0.06186532772802078,synthetic_full_cycle,synthetic_growth_cycles
BIM-05,OD,machine_learning,Random_Forest,2026-04-07 15:04:51,0.874,0.8947440111490537,-0.020744011149053665,synthetic_full_cycle,synthetic_growth_cycles
BIM-05,OD,machine_learning,Random_Forest,2026-04-08 14:32:10,0.916,0.8288841040938815,0.08711589590611857,synthetic_full_cycle,synthetic_growth_cycles
BIM-05,OD,machine_learning,Random_Forest,2026-04-09 16:20:49,0.892,0.8966103195192138,-0.004610319519213757,synthetic_full_cycle,synthetic_growth_cycles
BIM-05,OD,machine_learning,Random_Forest,2026-04-10 15:10:37,0.874,0.8874085144018277,-0.013408514401827665,synthetic_full_cycle,synthetic_growth_cycles
BIM-05,OD,machine_learning,Random_Forest,2026-04-13 15:28:49,0.894,0.8712320724631649,0.022767927536835098,synthetic_full_cycle,synthetic_growth_cycles
BIM-05,OD,machine_learning,Random_Forest,2026-04-14 14:58:17,0.874,0.8815384547318911,-0.0075384547318910755,synthetic_full_cycle,synthetic_growth_cycles
BIM-05,OD,machine_learning,Random_Forest,2026-04-15 14:56:47,0.881,0.864764627260181,0.01623537273981901,synthetic_full_cycle,synthetic_growth_cycles
BIM-05,OD,machine_learning,Random_Forest,2026-04-16 14:45:55,0.881,0.8797631806912775,0.0012368193087225476,synthetic_full_cycle,synthetic_growth_cycles
BIM-05,OD,machine_learning,Random_Forest,2026-04-20 21:19:14,0.899,0.8753389248963824,0.02366107510361759,synthetic_full_cycle,synthetic_growth_cycles
BIM-05,OD,machine_learning,Random_Forest,2026-04-27 15:51:34,0.9319999999999999,0.8898518787258631,0.04214812127413681,synthetic_full_cycle,synthetic_growth_cycles
BIM-05,OD,machine_learning,Random_Forest,2026-04-28 15:12:22,0.965,0.9402650083034041,0.024734991696595876,synthetic_full_cycle,synthetic_growth_cycles
BIM-05,OD,machine_learning,Random_Forest,2026-04-29 15:10:01,0.964,0.9736733622944028,-0.009673362294402854,synthetic_full_cycle,synthetic_growth_cycles
BIM-05,OD,machine_learning,Random_Forest,2026-04-30 17:10:41,1.0295,0.9568807563394973,0.07261924366050276,synthetic_full_cycle,synthetic_growth_cycles
BIM-05,OD,machine_learning,Random_Forest,2026-05-04 15:12:00,1.095,1.0310627518391167,0.06393724816088331,synthetic_full_cycle,synthetic_growth_cycles
BIM-05,OD,machine_learning,Random_Forest,2026-05-05 14:50:00,0.711,1.0975979309937918,-0.3865979309937918,synthetic_full_cycle,synthetic_growth_cycles
BIM-05,OD,machine_learning,Random_Forest,2026-05-06 14:52:00,0.7,0.6300176426998754,0.06998235730012459,synthetic_full_cycle,synthetic_growth_cycles
BIM-05,OD,machine_learning,Random_Forest,2026-05-07 15:01:00,0.63,0.6786382410686247,-0.04863824106862469,synthetic_full_cycle,synthetic_growth_cycles
BIM-05,OD,machine_learning,Random_Forest,2026-05-08 16:44:00,0.573,0.6678723561495794,-0.09487235614957945,synthetic_full_cycle,synthetic_growth_cycles
BIM-05,OD,machine_learning,Random_Forest,2026-05-11 14:58:00,0.519,0.6874446163744514,-0.1684446163744514,synthetic_full_cycle,synthetic_growth_cycles
BIM-05,OD,machine_learning,Extra_Trees,2026-03-24 13:13:08,0.786,0.6524169231958282,0.1335830768041718,synthetic_full_cycle,synthetic_growth_cycles
BIM-05,OD,machine_learning,Extra_Trees,2026-03-25 12:06:40,0.677,0.8561753232878831,-0.1791753232878831,synthetic_full_cycle,synthetic_growth_cycles
BIM-05,OD,machine_learning,Extra_Trees,2026-03-26 12:24:14,0.623,0.739132426988593,-0.11613242698859305,synthetic_full_cycle,synthetic_growth_cycles
BIM-05,OD,machine_learning,Extra_Trees,2026-03-27 13:01:35,0.827,0.6414494679634345,0.18555053203656546,synthetic_full_cycle,synthetic_growth_cycles
BIM-05,OD,machine_learning,Extra_Trees,2026-03-30 12:44:47,0.885,0.9187986135617259,-0.033798613561725865,synthetic_full_cycle,synthetic_growth_cycles
BIM-05,OD,machine_learning,Extra_Trees,2026-03-31 14:41:43,0.896,0.9372355631652128,-0.04123556316521282,synthetic_full_cycle,synthetic_growth_cycles
BIM-05,OD,machine_learning,Extra_Trees,2026-04-01 14:33:43,0.912,0.8849449747179172,0.027055025282082812,synthetic_full_cycle,synthetic_growth_cycles
BIM-05,OD,machine_learning,Extra_Trees,2026-04-02 13:53:54,0.978,0.918168057185606,0.05983194281439397,synthetic_full_cycle,synthetic_growth_cycles
BIM-05,OD,machine_learning,Extra_Trees,2026-04-06 15:03:11,0.928,0.9924825446542102,-0.0644825446542101,synthetic_full_cycle,synthetic_growth_cycles
BIM-05,OD,machine_learning,Extra_Trees,2026-04-07 15:04:51,0.874,0.9059594200017804,-0.031959420001780425,synthetic_full_cycle,synthetic_growth_cycles
BIM-05,OD,machine_learning,Extra_Trees,2026-04-08 14:32:10,0.916,0.8313320754382993,0.08466792456170069,synthetic_full_cycle,synthetic_growth_cycles
BIM-05,OD,machine_learning,Extra_Trees,2026-04-09 16:20:49,0.892,0.8856871175080109,0.006312882491989136,synthetic_full_cycle,synthetic_growth_cycles
BIM-05,OD,machine_learning,Extra_Trees,2026-04-10 15:10:37,0.874,0.8837723196871883,-0.00977231968718828,synthetic_full_cycle,synthetic_growth_cycles
BIM-05,OD,machine_learning,Extra_Trees,2026-04-13 15:28:49,0.894,0.8704456746094031,0.023554325390596875,synthetic_full_cycle,synthetic_growth_cycles
BIM-05,OD,machine_learning,Extra_Trees,2026-04-14 14:58:17,0.874,0.8768475901049732,-0.0028475901049731522,synthetic_full_cycle,synthetic_growth_cycles
BIM-05,OD,machine_learning,Extra_Trees,2026-04-15 14:56:47,0.881,0.8572556979947937,0.023744302005206275,synthetic_full_cycle,synthetic_growth_cycles
BIM-05,OD,machine_learning,Extra_Trees,2026-04-16 14:45:55,0.881,0.8767123443397276,0.004287655660272449,synthetic_full_cycle,synthetic_growth_cycles
BIM-05,OD,machine_learning,Extra_Trees,2026-04-20 21:19:14,0.899,0.877914646824685,0.021085353175315014,synthetic_full_cycle,synthetic_growth_cycles
BIM-05,OD,machine_learning,Extra_Trees,2026-04-27 15:51:34,0.9319999999999999,0.8956440152145393,0.03635598478546065,synthetic_full_cycle,synthetic_growth_cycles
BIM-05,OD,machine_learning,Extra_Trees,2026-04-28 15:12:22,0.965,0.9393169785504364,0.02568302144956358,synthetic_full_cycle,synthetic_growth_cycles
BIM-05,OD,machine_learning,Extra_Trees,2026-04-29 15:10:01,0.964,0.977409106356302,-0.013409106356301992,synthetic_full_cycle,synthetic_growth_cycles
BIM-05,OD,machine_learning,Extra_Trees,2026-04-30 17:10:41,1.0295,0.9560408772323248,0.0734591227676753,synthetic_full_cycle,synthetic_growth_cycles
BIM-05,OD,machine_learning,Extra_Trees,2026-05-04 15:12:00,1.095,1.0345086435554158,0.06049135644458414,synthetic_full_cycle,synthetic_growth_cycles
BIM-05,OD,machine_learning,Extra_Trees,2026-05-05 14:50:00,0.711,1.1069848056603007,-0.3959848056603007,synthetic_full_cycle,synthetic_growth_cycles
BIM-05,OD,machine_learning,Extra_Trees,2026-05-06 14:52:00,0.7,0.7068729783887368,-0.0068729783887367946,synthetic_full_cycle,synthetic_growth_cycles
BIM-05,OD,machine_learning,Extra_Trees,2026-05-07 15:01:00,0.63,0.6836401055862757,-0.053640105586275744,synthetic_full_cycle,synthetic_growth_cycles
BIM-05,OD,machine_learning,Extra_Trees,2026-05-08 16:44:00,0.573,0.6689416705321807,-0.09594167053218072,synthetic_full_cycle,synthetic_growth_cycles
BIM-05,OD,machine_learning,Extra_Trees,2026-05-11 14:58:00,0.519,0.6197788046173259,-0.10077880461732591,synthetic_full_cycle,synthetic_growth_cycles
BIM-05,OD,machine_learning,Gradient_Boosting,2026-03-24 13:13:08,0.786,0.5581029554452626,0.22789704455473747,synthetic_full_cycle,synthetic_growth_cycles
BIM-05,OD,machine_learning,Gradient_Boosting,2026-03-25 12:06:40,0.677,0.8074186763823086,-0.13041867638230853,synthetic_full_cycle,synthetic_growth_cycles
BIM-05,OD,machine_learning,Gradient_Boosting,2026-03-26 12:24:14,0.623,0.7380780770285287,-0.11507807702852868,synthetic_full_cycle,synthetic_growth_cycles
BIM-05,OD,machine_learning,Gradient_Boosting,2026-03-27 13:01:35,0.827,0.6201766470150478,0.20682335298495214,synthetic_full_cycle,synthetic_growth_cycles
BIM-05,OD,machine_learning,Gradient_Boosting,2026-03-30 12:44:47,0.885,0.8943694794818288,-0.009369479481828757,synthetic_full_cycle,synthetic_growth_cycles
BIM-05,OD,machine_learning,Gradient_Boosting,2026-03-31 14:41:43,0.896,0.9620870542482791,-0.0660870542482791,synthetic_full_cycle,synthetic_growth_cycles
BIM-05,OD,machine_learning,Gradient_Boosting,2026-04-01 14:33:43,0.912,0.9090618095606369,0.002938190439363164,synthetic_full_cycle,synthetic_growth_cycles
BIM-05,OD,machine_learning,Gradient_Boosting,2026-04-02 13:53:54,0.978,0.9131512712536295,0.06484872874637049,synthetic_full_cycle,synthetic_growth_cycles
BIM-05,OD,machine_learning,Gradient_Boosting,2026-04-06 15:03:11,0.928,0.9901001952073848,-0.062100195207384745,synthetic_full_cycle,synthetic_growth_cycles
BIM-05,OD,machine_learning,Gradient_Boosting,2026-04-07 15:04:51,0.874,0.9297561112324186,-0.05575611123241864,synthetic_full_cycle,synthetic_growth_cycles
BIM-05,OD,machine_learning,Gradient_Boosting,2026-04-08 14:32:10,0.916,0.8546550288393967,0.061344971160603334,synthetic_full_cycle,synthetic_growth_cycles
BIM-05,OD,machine_learning,Gradient_Boosting,2026-04-09 16:20:49,0.892,0.910754811834791,-0.018754811834790996,synthetic_full_cycle,synthetic_growth_cycles
BIM-05,OD,machine_learning,Gradient_Boosting,2026-04-10 15:10:37,0.874,0.8947604582401675,-0.02076045824016748,synthetic_full_cycle,synthetic_growth_cycles
BIM-05,OD,machine_learning,Gradient_Boosting,2026-04-13 15:28:49,0.894,0.8699696557240338,0.024030344275966176,synthetic_full_cycle,synthetic_growth_cycles
BIM-05,OD,machine_learning,Gradient_Boosting,2026-04-14 14:58:17,0.874,0.8947604582401675,-0.02076045824016748,synthetic_full_cycle,synthetic_growth_cycles
BIM-05,OD,machine_learning,Gradient_Boosting,2026-04-15 14:56:47,0.881,0.8699696557240338,0.011030344275966164,synthetic_full_cycle,synthetic_growth_cycles
BIM-05,OD,machine_learning,Gradient_Boosting,2026-04-16 14:45:55,0.881,0.8792822538673875,0.001717746132612552,synthetic_full_cycle,synthetic_growth_cycles
BIM-05,OD,machine_learning,Gradient_Boosting,2026-04-20 21:19:14,0.899,0.8792822538673875,0.019717746132612568,synthetic_full_cycle,synthetic_growth_cycles
BIM-05,OD,machine_learning,Gradient_Boosting,2026-04-27 15:51:34,0.9319999999999999,0.8947604582401675,0.03723954175983246,synthetic_full_cycle,synthetic_growth_cycles
BIM-05,OD,machine_learning,Gradient_Boosting,2026-04-28 15:12:22,0.965,0.9395327426062592,0.025467257393740783,synthetic_full_cycle,synthetic_growth_cycles
BIM-05,OD,machine_learning,Gradient_Boosting,2026-04-29 15:10:01,0.964,0.9668711099438678,-0.0028711099438678556,synthetic_full_cycle,synthetic_growth_cycles
BIM-05,OD,machine_learning,Gradient_Boosting,2026-04-30 17:10:41,1.0295,0.9634576624621722,0.06604233753782784,synthetic_full_cycle,synthetic_growth_cycles
BIM-05,OD,machine_learning,Gradient_Boosting,2026-05-04 15:12:00,1.095,1.0344650574083805,0.06053494259161951,synthetic_full_cycle,synthetic_growth_cycles
BIM-05,OD,machine_learning,Gradient_Boosting,2026-05-05 14:50:00,0.711,1.1021837108306165,-0.39118371083061654,synthetic_full_cycle,synthetic_growth_cycles
BIM-05,OD,machine_learning,Gradient_Boosting,2026-05-06 14:52:00,0.7,0.6589296971655864,0.0410703028344136,synthetic_full_cycle,synthetic_growth_cycles
BIM-05,OD,machine_learning,Gradient_Boosting,2026-05-07 15:01:00,0.63,0.6469525103712696,-0.016952510371269547,synthetic_full_cycle,synthetic_growth_cycles
BIM-05,OD,machine_learning,Gradient_Boosting,2026-05-08 16:44:00,0.573,0.6774768638240006,-0.10447686382400068,synthetic_full_cycle,synthetic_growth_cycles
BIM-05,OD,machine_learning,Gradient_Boosting,2026-05-11 14:58:00,0.519,0.589874931459494,-0.07087493145949397,synthetic_full_cycle,synthetic_growth_cycles
BIM-05,OD,machine_learning,AdaBoost,2026-03-24 13:13:08,0.786,0.6456079620932329,0.14039203790676713,synthetic_full_cycle,synthetic_growth_cycles
BIM-05,OD,machine_learning,AdaBoost,2026-03-25 12:06:40,0.677,0.8261471998514381,-0.1491471998514381,synthetic_full_cycle,synthetic_growth_cycles
BIM-05,OD,machine_learning,AdaBoost,2026-03-26 12:24:14,0.623,0.792681066584018,-0.16968106658401805,synthetic_full_cycle,synthetic_growth_cycles
BIM-05,OD,machine_learning,AdaBoost,2026-03-27 13:01:35,0.827,0.7203549177677266,0.10664508223227331,synthetic_full_cycle,synthetic_growth_cycles
BIM-05,OD,machine_learning,AdaBoost,2026-03-30 12:44:47,0.885,0.8382145412257417,0.046785458774258326,synthetic_full_cycle,synthetic_growth_cycles
BIM-05,OD,machine_learning,AdaBoost,2026-03-31 14:41:43,0.896,0.941637446087235,-0.04563744608723497,synthetic_full_cycle,synthetic_growth_cycles
BIM-05,OD,machine_learning,AdaBoost,2026-04-01 14:33:43,0.912,0.918616692637296,-0.006616692637295918,synthetic_full_cycle,synthetic_growth_cycles
BIM-05,OD,machine_learning,AdaBoost,2026-04-02 13:53:54,0.978,0.918616692637296,0.05938330736270403,synthetic_full_cycle,synthetic_growth_cycles
BIM-05,OD,machine_learning,AdaBoost,2026-04-06 15:03:11,0.928,0.9629565247061047,-0.034956524706104664,synthetic_full_cycle,synthetic_growth_cycles
BIM-05,OD,machine_learning,AdaBoost,2026-04-07 15:04:51,0.874,0.918616692637296,-0.04461669263729595,synthetic_full_cycle,synthetic_growth_cycles
BIM-05,OD,machine_learning,AdaBoost,2026-04-08 14:32:10,0.916,0.9070709638891105,0.008929036110889577,synthetic_full_cycle,synthetic_growth_cycles
BIM-05,OD,machine_learning,AdaBoost,2026-04-09 16:20:49,0.892,0.918616692637296,-0.026616692637295936,synthetic_full_cycle,synthetic_growth_cycles
BIM-05,OD,machine_learning,AdaBoost,2026-04-10 15:10:37,0.874,0.918616692637296,-0.04461669263729595,synthetic_full_cycle,synthetic_growth_cycles
BIM-05,OD,machine_learning,AdaBoost,2026-04-13 15:28:49,0.894,0.9070709638891105,-0.013070963889110443,synthetic_full_cycle,synthetic_growth_cycles
BIM-05,OD,machine_learning,AdaBoost,2026-04-14 14:58:17,0.874,0.918616692637296,-0.04461669263729595,synthetic_full_cycle,synthetic_growth_cycles
BIM-05,OD,machine_learning,AdaBoost,2026-04-15 14:56:47,0.881,0.9070709638891105,-0.026070963889110454,synthetic_full_cycle,synthetic_growth_cycles
BIM-05,OD,machine_learning,AdaBoost,2026-04-16 14:45:55,0.881,0.9070709638891105,-0.026070963889110454,synthetic_full_cycle,synthetic_growth_cycles
BIM-05,OD,machine_learning,AdaBoost,2026-04-20 21:19:14,0.899,0.9070709638891105,-0.008070963889110438,synthetic_full_cycle,synthetic_growth_cycles
BIM-05,OD,machine_learning,AdaBoost,2026-04-27 15:51:34,0.9319999999999999,0.918616692637296,0.013383307362703989,synthetic_full_cycle,synthetic_growth_cycles
BIM-05,OD,machine_learning,AdaBoost,2026-04-28 15:12:22,0.965,0.918616692637296,0.04638330736270402,synthetic_full_cycle,synthetic_growth_cycles
BIM-05,OD,machine_learning,AdaBoost,2026-04-29 15:10:01,0.964,0.9629565247061047,0.0010434752938952574,synthetic_full_cycle,synthetic_growth_cycles
BIM-05,OD,machine_learning,AdaBoost,2026-04-30 17:10:41,1.0295,0.9629565247061047,0.06654347529389537,synthetic_full_cycle,synthetic_growth_cycles
BIM-05,OD,machine_learning,AdaBoost,2026-05-04 15:12:00,1.095,0.9857149456240384,0.10928505437596159,synthetic_full_cycle,synthetic_growth_cycles
BIM-05,OD,machine_learning,AdaBoost,2026-05-05 14:50:00,0.711,1.046785644664936,-0.335785644664936,synthetic_full_cycle,synthetic_growth_cycles
BIM-05,OD,machine_learning,AdaBoost,2026-05-06 14:52:00,0.7,0.8085851031420408,-0.10858510314204084,synthetic_full_cycle,synthetic_growth_cycles
BIM-05,OD,machine_learning,AdaBoost,2026-05-07 15:01:00,0.63,0.791169545060701,-0.16116954506070102,synthetic_full_cycle,synthetic_growth_cycles
BIM-05,OD,machine_learning,AdaBoost,2026-05-08 16:44:00,0.573,0.729912349751777,-0.15691234975177704,synthetic_full_cycle,synthetic_growth_cycles
BIM-05,OD,machine_learning,AdaBoost,2026-05-11 14:58:00,0.519,0.664713792755274,-0.14571379275527396,synthetic_full_cycle,synthetic_growth_cycles
BIM-05,OD,machine_learning,SVR,2026-03-24 13:13:08,0.786,0.9547115759528101,-0.16871157595281006,synthetic_full_cycle,synthetic_growth_cycles
BIM-05,OD,machine_learning,SVR,2026-03-25 12:06:40,0.677,1.0475714951529695,-0.3705714951529695,synthetic_full_cycle,synthetic_growth_cycles
BIM-05,OD,machine_learning,SVR,2026-03-26 12:24:14,0.623,0.7929178963130353,-0.16991789631303533,synthetic_full_cycle,synthetic_growth_cycles
BIM-05,OD,machine_learning,SVR,2026-03-27 13:01:35,0.827,0.5895530735704324,0.23744692642956755,synthetic_full_cycle,synthetic_growth_cycles
BIM-05,OD,machine_learning,SVR,2026-03-30 12:44:47,0.885,0.955032343800406,-0.07003234380040602,synthetic_full_cycle,synthetic_growth_cycles
BIM-05,OD,machine_learning,SVR,2026-03-31 14:41:43,0.896,0.9371433180986595,-0.041143318098659454,synthetic_full_cycle,synthetic_growth_cycles
BIM-05,OD,machine_learning,SVR,2026-04-01 14:33:43,0.912,0.912850139631449,-0.0008501396314489762,synthetic_full_cycle,synthetic_growth_cycles
BIM-05,OD,machine_learning,SVR,2026-04-02 13:53:54,0.978,0.9159826440864032,0.062017355913596806,synthetic_full_cycle,synthetic_growth_cycles
BIM-05,OD,machine_learning,SVR,2026-04-06 15:03:11,0.928,0.9938766974959783,-0.06587669749597824,synthetic_full_cycle,synthetic_growth_cycles
BIM-05,OD,machine_learning,SVR,2026-04-07 15:04:51,0.874,0.9241486201368028,-0.05014862013680277,synthetic_full_cycle,synthetic_growth_cycles
BIM-05,OD,machine_learning,SVR,2026-04-08 14:32:10,0.916,0.8353873145427986,0.08061268545720146,synthetic_full_cycle,synthetic_growth_cycles
BIM-05,OD,machine_learning,SVR,2026-04-09 16:20:49,0.892,0.9092846071633065,-0.017284607163306487,synthetic_full_cycle,synthetic_growth_cycles
BIM-05,OD,machine_learning,SVR,2026-04-10 15:10:37,0.874,0.891885266200086,-0.017885266200086014,synthetic_full_cycle,synthetic_growth_cycles
BIM-05,OD,machine_learning,SVR,2026-04-13 15:28:49,0.894,0.8568836686059391,0.0371163313940609,synthetic_full_cycle,synthetic_growth_cycles
BIM-05,OD,machine_learning,SVR,2026-04-14 14:58:17,0.874,0.8913149539096448,-0.01731495390964477,synthetic_full_cycle,synthetic_growth_cycles
BIM-05,OD,machine_learning,SVR,2026-04-15 14:56:47,0.881,0.8688398134104254,0.012160186589574629,synthetic_full_cycle,synthetic_growth_cycles
BIM-05,OD,machine_learning,SVR,2026-04-16 14:45:55,0.881,0.8739510357327454,0.007048964267254654,synthetic_full_cycle,synthetic_growth_cycles
BIM-05,OD,machine_learning,SVR,2026-04-20 21:19:14,0.899,0.8791817914408957,0.019818208559104322,synthetic_full_cycle,synthetic_growth_cycles
BIM-05,OD,machine_learning,SVR,2026-04-27 15:51:34,0.9319999999999999,0.9006705937970005,0.0313294062029994,synthetic_full_cycle,synthetic_growth_cycles
BIM-05,OD,machine_learning,SVR,2026-04-28 15:12:22,0.965,0.9424745675209463,0.022525432479053697,synthetic_full_cycle,synthetic_growth_cycles
BIM-05,OD,machine_learning,SVR,2026-04-29 15:10:01,0.964,0.9787685311674277,-0.014768531167427712,synthetic_full_cycle,synthetic_growth_cycles
BIM-05,OD,machine_learning,SVR,2026-04-30 17:10:41,1.0295,0.9680469698761562,0.061453030123843844,synthetic_full_cycle,synthetic_growth_cycles
BIM-05,OD,machine_learning,SVR,2026-05-04 15:12:00,1.095,1.037416475064466,0.05758352493553387,synthetic_full_cycle,synthetic_growth_cycles
BIM-05,OD,machine_learning,SVR,2026-05-05 14:50:00,0.711,1.1152010156852705,-0.40420101568527056,synthetic_full_cycle,synthetic_growth_cycles
BIM-05,OD,machine_learning,SVR,2026-05-06 14:52:00,0.7,0.5130416851296757,0.18695831487032422,synthetic_full_cycle,synthetic_growth_cycles
BIM-05,OD,machine_learning,SVR,2026-05-07 15:01:00,0.63,0.8915577137977684,-0.2615577137977684,synthetic_full_cycle,synthetic_growth_cycles
BIM-05,OD,machine_learning,SVR,2026-05-08 16:44:00,0.573,0.6097610099599176,-0.0367610099599176,synthetic_full_cycle,synthetic_growth_cycles
BIM-05,OD,machine_learning,SVR,2026-05-11 14:58:00,0.519,0.5554798950494898,-0.036479895049489786,synthetic_full_cycle,synthetic_growth_cycles
BIM-05,OD,machine_learning,KNN,2026-03-24 13:13:08,0.786,0.668991894562241,0.11700810543775908,synthetic_full_cycle,synthetic_growth_cycles
BIM-05,OD,machine_learning,KNN,2026-03-25 12:06:40,0.677,0.7791962800682984,-0.1021962800682984,synthetic_full_cycle,synthetic_growth_cycles
BIM-05,OD,machine_learning,KNN,2026-03-26 12:24:14,0.623,0.7839052209428367,-0.16090522094283666,synthetic_full_cycle,synthetic_growth_cycles
BIM-05,OD,machine_learning,KNN,2026-03-27 13:01:35,0.827,0.6493946521864169,0.17760534781358306,synthetic_full_cycle,synthetic_growth_cycles
BIM-05,OD,machine_learning,KNN,2026-03-30 12:44:47,0.885,0.8517292571639318,0.033270742836068234,synthetic_full_cycle,synthetic_growth_cycles
BIM-05,OD,machine_learning,KNN,2026-03-31 14:41:43,0.896,0.9096024154784463,-0.013602415478446317,synthetic_full_cycle,synthetic_growth_cycles
BIM-05,OD,machine_learning,KNN,2026-04-01 14:33:43,0.912,0.8931129473795173,0.018887052620482736,synthetic_full_cycle,synthetic_growth_cycles
BIM-05,OD,machine_learning,KNN,2026-04-02 13:53:54,0.978,0.9168278669006735,0.06117213309932645,synthetic_full_cycle,synthetic_growth_cycles
BIM-05,OD,machine_learning,KNN,2026-04-06 15:03:11,0.928,0.980223613178028,-0.05222361317802793,synthetic_full_cycle,synthetic_growth_cycles
BIM-05,OD,machine_learning,KNN,2026-04-07 15:04:51,0.874,0.9080935753189575,-0.034093575318957514,synthetic_full_cycle,synthetic_growth_cycles
BIM-05,OD,machine_learning,KNN,2026-04-08 14:32:10,0.916,0.8302232473828547,0.08577675261714535,synthetic_full_cycle,synthetic_growth_cycles
BIM-05,OD,machine_learning,KNN,2026-04-09 16:20:49,0.892,0.9001263409148827,-0.008126340914882735,synthetic_full_cycle,synthetic_growth_cycles
BIM-05,OD,machine_learning,KNN,2026-04-10 15:10:37,0.874,0.8803725420436209,-0.006372542043620921,synthetic_full_cycle,synthetic_growth_cycles
BIM-05,OD,machine_learning,KNN,2026-04-13 15:28:49,0.894,0.8672044067805177,0.026795593219482328,synthetic_full_cycle,synthetic_growth_cycles
BIM-05,OD,machine_learning,KNN,2026-04-14 14:58:17,0.874,0.8748584871914994,-0.0008584871914993908,synthetic_full_cycle,synthetic_growth_cycles
BIM-05,OD,machine_learning,KNN,2026-04-15 14:56:47,0.881,0.8662228349726447,0.014777165027355266,synthetic_full_cycle,synthetic_growth_cycles
BIM-05,OD,machine_learning,KNN,2026-04-16 14:45:55,0.881,0.8949965497558005,-0.013996549755800447,synthetic_full_cycle,synthetic_growth_cycles
BIM-05,OD,machine_learning,KNN,2026-04-20 21:19:14,0.899,0.8964195320603882,0.0025804679396118635,synthetic_full_cycle,synthetic_growth_cycles
BIM-05,OD,machine_learning,KNN,2026-04-27 15:51:34,0.9319999999999999,0.9075055956177772,0.024494404382222723,synthetic_full_cycle,synthetic_growth_cycles
BIM-05,OD,machine_learning,KNN,2026-04-28 15:12:22,0.965,0.9564915066001745,0.008508493399825512,synthetic_full_cycle,synthetic_growth_cycles
BIM-05,OD,machine_learning,KNN,2026-04-29 15:10:01,0.964,0.9748148439677472,-0.010814843967747234,synthetic_full_cycle,synthetic_growth_cycles
BIM-05,OD,machine_learning,KNN,2026-04-30 17:10:41,1.0295,0.9497803232260563,0.07971967677394376,synthetic_full_cycle,synthetic_growth_cycles
BIM-05,OD,machine_learning,KNN,2026-05-04 15:12:00,1.095,1.005625202065646,0.08937479793435399,synthetic_full_cycle,synthetic_growth_cycles
BIM-05,OD,machine_learning,KNN,2026-05-05 14:50:00,0.711,1.0990657986321202,-0.3880657986321202,synthetic_full_cycle,synthetic_growth_cycles
BIM-05,OD,machine_learning,KNN,2026-05-06 14:52:00,0.7,0.7882251707667692,-0.08822517076676928,synthetic_full_cycle,synthetic_growth_cycles
BIM-05,OD,machine_learning,KNN,2026-05-07 15:01:00,0.63,0.6740539547021364,-0.044053954702136355,synthetic_full_cycle,synthetic_growth_cycles
BIM-05,OD,machine_learning,KNN,2026-05-08 16:44:00,0.573,0.6282706795415188,-0.055270679541518875,synthetic_full_cycle,synthetic_growth_cycles
BIM-05,OD,machine_learning,KNN,2026-05-11 14:58:00,0.519,0.6161800018891089,-0.09718000188910891,synthetic_full_cycle,synthetic_growth_cycles
BIM-05,OD,machine_learning,Gaussian_Process_Regression,2026-03-24 13:13:08,0.786,1.0791631590971653,-0.2931631590971653,synthetic_full_cycle,synthetic_growth_cycles
BIM-05,OD,machine_learning,Gaussian_Process_Regression,2026-03-25 12:06:40,0.677,2.570735090406859,-1.8937350904068588,synthetic_full_cycle,synthetic_growth_cycles
BIM-05,OD,machine_learning,Gaussian_Process_Regression,2026-03-26 12:24:14,0.623,0.9678135269888792,-0.34481352698887924,synthetic_full_cycle,synthetic_growth_cycles
BIM-05,OD,machine_learning,Gaussian_Process_Regression,2026-03-27 13:01:35,0.827,0.6379243960464832,0.18907560395351675,synthetic_full_cycle,synthetic_growth_cycles
BIM-05,OD,machine_learning,Gaussian_Process_Regression,2026-03-30 12:44:47,0.885,0.971419163041196,-0.08641916304119601,synthetic_full_cycle,synthetic_growth_cycles
BIM-05,OD,machine_learning,Gaussian_Process_Regression,2026-03-31 14:41:43,0.896,0.932994468942611,-0.036994468942610936,synthetic_full_cycle,synthetic_growth_cycles
BIM-05,OD,machine_learning,Gaussian_Process_Regression,2026-04-01 14:33:43,0.912,0.9112543812503258,0.0007456187496742706,synthetic_full_cycle,synthetic_growth_cycles
BIM-05,OD,machine_learning,Gaussian_Process_Regression,2026-04-02 13:53:54,0.978,0.915824050520841,0.06217594947915894,synthetic_full_cycle,synthetic_growth_cycles
BIM-05,OD,machine_learning,Gaussian_Process_Regression,2026-04-06 15:03:11,0.928,0.992567167339627,-0.06456716733962697,synthetic_full_cycle,synthetic_growth_cycles
BIM-05,OD,machine_learning,Gaussian_Process_Regression,2026-04-07 15:04:51,0.874,0.9186326512352773,-0.044632651235277265,synthetic_full_cycle,synthetic_growth_cycles
BIM-05,OD,machine_learning,Gaussian_Process_Regression,2026-04-08 14:32:10,0.916,0.8376462700938699,0.0783537299061301,synthetic_full_cycle,synthetic_growth_cycles
BIM-05,OD,machine_learning,Gaussian_Process_Regression,2026-04-09 16:20:49,0.892,0.9088253211729754,-0.016825321172975416,synthetic_full_cycle,synthetic_growth_cycles
BIM-05,OD,machine_learning,Gaussian_Process_Regression,2026-04-10 15:10:37,0.874,0.8907591868476826,-0.016759186847682628,synthetic_full_cycle,synthetic_growth_cycles
BIM-05,OD,machine_learning,Gaussian_Process_Regression,2026-04-13 15:28:49,0.894,0.856600529509944,0.037399470490055986,synthetic_full_cycle,synthetic_growth_cycles
BIM-05,OD,machine_learning,Gaussian_Process_Regression,2026-04-14 14:58:17,0.874,0.8900001055735106,-0.016000105573510615,synthetic_full_cycle,synthetic_growth_cycles
BIM-05,OD,machine_learning,Gaussian_Process_Regression,2026-04-15 14:56:47,0.881,0.868761011522179,0.012238988477821011,synthetic_full_cycle,synthetic_growth_cycles
BIM-05,OD,machine_learning,Gaussian_Process_Regression,2026-04-16 14:45:55,0.881,0.8730877747849591,0.007912225215040869,synthetic_full_cycle,synthetic_growth_cycles
BIM-05,OD,machine_learning,Gaussian_Process_Regression,2026-04-20 21:19:14,0.899,0.8789630638470503,0.02003693615294977,synthetic_full_cycle,synthetic_growth_cycles
BIM-05,OD,machine_learning,Gaussian_Process_Regression,2026-04-27 15:51:34,0.9319999999999999,0.8996100745045278,0.03238992549547215,synthetic_full_cycle,synthetic_growth_cycles
BIM-05,OD,machine_learning,Gaussian_Process_Regression,2026-04-28 15:12:22,0.965,0.9417390852210721,0.023260914778927888,synthetic_full_cycle,synthetic_growth_cycles
BIM-05,OD,machine_learning,Gaussian_Process_Regression,2026-04-29 15:10:01,0.964,0.9786000718948629,-0.014600071894862898,synthetic_full_cycle,synthetic_growth_cycles
BIM-05,OD,machine_learning,Gaussian_Process_Regression,2026-04-30 17:10:41,1.0295,0.9682158400641903,0.06128415993580982,synthetic_full_cycle,synthetic_growth_cycles
BIM-05,OD,machine_learning,Gaussian_Process_Regression,2026-05-04 15:12:00,1.095,1.0375275512088329,0.057472448791167086,synthetic_full_cycle,synthetic_growth_cycles
BIM-05,OD,machine_learning,Gaussian_Process_Regression,2026-05-05 14:50:00,0.711,1.1152954277477511,-0.4042954277477512,synthetic_full_cycle,synthetic_growth_cycles
BIM-05,OD,machine_learning,Gaussian_Process_Regression,2026-05-06 14:52:00,0.7,-0.22396684589933724,0.9239668458993372,synthetic_full_cycle,synthetic_growth_cycles
BIM-05,OD,machine_learning,Gaussian_Process_Regression,2026-05-07 15:01:00,0.63,1.814629414829644,-1.1846294148296441,synthetic_full_cycle,synthetic_growth_cycles
BIM-05,OD,machine_learning,Gaussian_Process_Regression,2026-05-08 16:44:00,0.573,0.6114476412033649,-0.03844764120336497,synthetic_full_cycle,synthetic_growth_cycles
BIM-05,OD,machine_learning,Gaussian_Process_Regression,2026-05-11 14:58:00,0.519,0.5882577082774113,-0.06925770827741129,synthetic_full_cycle,synthetic_growth_cycles
BIM-05,OD,machine_learning,PLS,2026-03-24 13:13:08,0.786,0.7680146094092661,0.017985390590733896,synthetic_full_cycle,synthetic_growth_cycles
BIM-05,OD,machine_learning,PLS,2026-03-25 12:06:40,0.677,0.8087249188350244,-0.13172491883502435,synthetic_full_cycle,synthetic_growth_cycles
BIM-05,OD,machine_learning,PLS,2026-03-26 12:24:14,0.623,0.7382715239911681,-0.11527152399116813,synthetic_full_cycle,synthetic_growth_cycles
BIM-05,OD,machine_learning,PLS,2026-03-27 13:01:35,0.827,0.754623704765356,0.07237629523464395,synthetic_full_cycle,synthetic_growth_cycles
BIM-05,OD,machine_learning,PLS,2026-03-30 12:44:47,0.885,0.7739115210645781,0.11108847893542195,synthetic_full_cycle,synthetic_growth_cycles
BIM-05,OD,machine_learning,PLS,2026-03-31 14:41:43,0.896,0.8384634029530865,0.057536597046913496,synthetic_full_cycle,synthetic_growth_cycles
BIM-05,OD,machine_learning,PLS,2026-04-01 14:33:43,0.912,0.9158455153214029,-0.0038455153214028703,synthetic_full_cycle,synthetic_growth_cycles
BIM-05,OD,machine_learning,PLS,2026-04-02 13:53:54,0.978,0.9403482521609678,0.037651747839032135,synthetic_full_cycle,synthetic_growth_cycles
BIM-05,OD,machine_learning,PLS,2026-04-06 15:03:11,0.928,0.9693971076782599,-0.04139710767825988,synthetic_full_cycle,synthetic_growth_cycles
BIM-05,OD,machine_learning,PLS,2026-04-07 15:04:51,0.874,0.9774424861694944,-0.10344248616949436,synthetic_full_cycle,synthetic_growth_cycles
BIM-05,OD,machine_learning,PLS,2026-04-08 14:32:10,0.916,0.9634498246336171,-0.04744982463361702,synthetic_full_cycle,synthetic_growth_cycles
BIM-05,OD,machine_learning,PLS,2026-04-09 16:20:49,0.892,0.9469885401242957,-0.05498854012429566,synthetic_full_cycle,synthetic_growth_cycles
BIM-05,OD,machine_learning,PLS,2026-04-10 15:10:37,0.874,0.9368344185217525,-0.06283441852175253,synthetic_full_cycle,synthetic_growth_cycles
BIM-05,OD,machine_learning,PLS,2026-04-13 15:28:49,0.894,0.9355253573599137,-0.041525357359913695,synthetic_full_cycle,synthetic_growth_cycles
BIM-05,OD,machine_learning,PLS,2026-04-14 14:58:17,0.874,0.9299354664390818,-0.05593546643908176,synthetic_full_cycle,synthetic_growth_cycles
BIM-05,OD,machine_learning,PLS,2026-04-15 14:56:47,0.881,0.9244815452774939,-0.04348154527749393,synthetic_full_cycle,synthetic_growth_cycles
BIM-05,OD,machine_learning,PLS,2026-04-16 14:45:55,0.881,0.926308811283889,-0.04530881128388897,synthetic_full_cycle,synthetic_growth_cycles
BIM-05,OD,machine_learning,PLS,2026-04-20 21:19:14,0.899,0.9228541997584662,-0.023854199758466144,synthetic_full_cycle,synthetic_growth_cycles
BIM-05,OD,machine_learning,PLS,2026-04-27 15:51:34,0.9319999999999999,0.9305833169551212,0.0014166830448787415,synthetic_full_cycle,synthetic_growth_cycles
BIM-05,OD,machine_learning,PLS,2026-04-28 15:12:22,0.965,0.9465669554909831,0.018433044509016838,synthetic_full_cycle,synthetic_growth_cycles
BIM-05,OD,machine_learning,PLS,2026-04-29 15:10:01,0.964,0.9720147384015664,-0.008014738401566412,synthetic_full_cycle,synthetic_growth_cycles
BIM-05,OD,machine_learning,PLS,2026-04-30 17:10:41,1.0295,0.9906850178880339,0.03881498211196621,synthetic_full_cycle,synthetic_growth_cycles
BIM-05,OD,machine_learning,PLS,2026-05-04 15:12:00,1.095,1.0205984240125054,0.07440157598749453,synthetic_full_cycle,synthetic_growth_cycles
BIM-05,OD,machine_learning,PLS,2026-05-05 14:50:00,0.711,1.0609292568583357,-0.34992925685833576,synthetic_full_cycle,synthetic_growth_cycles
BIM-05,OD,machine_learning,PLS,2026-05-06 14:52:00,0.7,0.9751259856894877,-0.27512598568948776,synthetic_full_cycle,synthetic_growth_cycles
BIM-05,OD,machine_learning,PLS,2026-05-07 15:01:00,0.63,0.875173015486505,-0.24517301548650494,synthetic_full_cycle,synthetic_growth_cycles
BIM-05,OD,machine_learning,PLS,2026-05-08 16:44:00,0.573,0.7429505421535957,-0.16995054215359573,synthetic_full_cycle,synthetic_growth_cycles
BIM-05,OD,machine_learning,PLS,2026-05-11 14:58:00,0.519,0.7006849490744119,-0.1816849490744119,synthetic_full_cycle,synthetic_growth_cycles
BIM-05,OD,machine_learning,PCR,2026-03-24 13:13:08,0.786,0.771962495423771,0.014037504576228987,synthetic_full_cycle,synthetic_growth_cycles
BIM-05,OD,machine_learning,PCR,2026-03-25 12:06:40,0.677,0.8120121684128535,-0.13501216841285346,synthetic_full_cycle,synthetic_growth_cycles
BIM-05,OD,machine_learning,PCR,2026-03-26 12:24:14,0.623,0.7375789228371326,-0.11457892283713256,synthetic_full_cycle,synthetic_growth_cycles
BIM-05,OD,machine_learning,PCR,2026-03-27 13:01:35,0.827,0.7590158848468939,0.0679841151531061,synthetic_full_cycle,synthetic_growth_cycles
BIM-05,OD,machine_learning,PCR,2026-03-30 12:44:47,0.885,0.7720758118794027,0.11292418812059735,synthetic_full_cycle,synthetic_growth_cycles
BIM-05,OD,machine_learning,PCR,2026-03-31 14:41:43,0.896,0.8347276545240261,0.06127234547597393,synthetic_full_cycle,synthetic_growth_cycles
BIM-05,OD,machine_learning,PCR,2026-04-01 14:33:43,0.912,0.915426492236829,-0.003426492236829004,synthetic_full_cycle,synthetic_growth_cycles
BIM-05,OD,machine_learning,PCR,2026-04-02 13:53:54,0.978,0.9405940423630154,0.03740595763698462,synthetic_full_cycle,synthetic_growth_cycles
BIM-05,OD,machine_learning,PCR,2026-04-06 15:03:11,0.928,0.9684571853815189,-0.04045718538151888,synthetic_full_cycle,synthetic_growth_cycles
BIM-05,OD,machine_learning,PCR,2026-04-07 15:04:51,0.874,0.9779095306003989,-0.10390953060039887,synthetic_full_cycle,synthetic_growth_cycles
BIM-05,OD,machine_learning,PCR,2026-04-08 14:32:10,0.916,0.9661218684394021,-0.05012186843940203,synthetic_full_cycle,synthetic_growth_cycles
BIM-05,OD,machine_learning,PCR,2026-04-09 16:20:49,0.892,0.9478569226285274,-0.05585692262852737,synthetic_full_cycle,synthetic_growth_cycles
BIM-05,OD,machine_learning,PCR,2026-04-10 15:10:37,0.874,0.937338560278604,-0.06333856027860396,synthetic_full_cycle,synthetic_growth_cycles
BIM-05,OD,machine_learning,PCR,2026-04-13 15:28:49,0.894,0.9370968069948317,-0.04309680699483165,synthetic_full_cycle,synthetic_growth_cycles
BIM-05,OD,machine_learning,PCR,2026-04-14 14:58:17,0.874,0.9306540329113748,-0.05665403291137483,synthetic_full_cycle,synthetic_growth_cycles
BIM-05,OD,machine_learning,PCR,2026-04-15 14:56:47,0.881,0.9253390772615538,-0.04433907726155384,synthetic_full_cycle,synthetic_growth_cycles
BIM-05,OD,machine_learning,PCR,2026-04-16 14:45:55,0.881,0.927335769932341,-0.04633576993234101,synthetic_full_cycle,synthetic_growth_cycles
BIM-05,OD,machine_learning,PCR,2026-04-20 21:19:14,0.899,0.9235484505525845,-0.024548450552584478,synthetic_full_cycle,synthetic_growth_cycles
BIM-05,OD,machine_learning,PCR,2026-04-27 15:51:34,0.9319999999999999,0.931017178884071,0.0009828211159289557,synthetic_full_cycle,synthetic_growth_cycles
BIM-05,OD,machine_learning,PCR,2026-04-28 15:12:22,0.965,0.9463261508878265,0.018673849112173513,synthetic_full_cycle,synthetic_growth_cycles
BIM-05,OD,machine_learning,PCR,2026-04-29 15:10:01,0.964,0.9714242495036232,-0.007424249503623193,synthetic_full_cycle,synthetic_growth_cycles
BIM-05,OD,machine_learning,PCR,2026-04-30 17:10:41,1.0295,0.9907180245347711,0.03878197546522899,synthetic_full_cycle,synthetic_growth_cycles
BIM-05,OD,machine_learning,PCR,2026-05-04 15:12:00,1.095,1.0198110925789874,0.07518890742101259,synthetic_full_cycle,synthetic_growth_cycles
BIM-05,OD,machine_learning,PCR,2026-05-05 14:50:00,0.711,1.0588214659732145,-0.3478214659732145,synthetic_full_cycle,synthetic_growth_cycles
BIM-05,OD,machine_learning,PCR,2026-05-06 14:52:00,0.7,0.9823157261637442,-0.28231572616374423,synthetic_full_cycle,synthetic_growth_cycles
BIM-05,OD,machine_learning,PCR,2026-05-07 15:01:00,0.63,0.8832514202729693,-0.2532514202729693,synthetic_full_cycle,synthetic_growth_cycles
BIM-05,OD,machine_learning,PCR,2026-05-08 16:44:00,0.573,0.7459434798023369,-0.17294347980233693,synthetic_full_cycle,synthetic_growth_cycles
BIM-05,OD,machine_learning,PCR,2026-05-11 14:58:00,0.519,0.7046089493690285,-0.1856089493690285,synthetic_full_cycle,synthetic_growth_cycles
BIM-05,OD,machine_learning,XGBoost,2026-03-24 13:13:08,0.786,0.5487161874771118,0.23728381252288822,synthetic_full_cycle,synthetic_growth_cycles
BIM-05,OD,machine_learning,XGBoost,2026-03-25 12:06:40,0.677,0.8735247850418091,-0.19652478504180904,synthetic_full_cycle,synthetic_growth_cycles
BIM-05,OD,machine_learning,XGBoost,2026-03-26 12:24:14,0.623,0.7728564739227295,-0.1498564739227295,synthetic_full_cycle,synthetic_growth_cycles
BIM-05,OD,machine_learning,XGBoost,2026-03-27 13:01:35,0.827,0.6142127513885498,0.21278724861145015,synthetic_full_cycle,synthetic_growth_cycles
BIM-05,OD,machine_learning,XGBoost,2026-03-30 12:44:47,0.885,0.9270963072776794,-0.042096307277679434,synthetic_full_cycle,synthetic_growth_cycles
BIM-05,OD,machine_learning,XGBoost,2026-03-31 14:41:43,0.896,0.9400411248207092,-0.04404112482070921,synthetic_full_cycle,synthetic_growth_cycles
BIM-05,OD,machine_learning,XGBoost,2026-04-01 14:33:43,0.912,0.9041499495506287,0.00785005044937137,synthetic_full_cycle,synthetic_growth_cycles
BIM-05,OD,machine_learning,XGBoost,2026-04-02 13:53:54,0.978,0.9095329642295837,0.06846703577041624,synthetic_full_cycle,synthetic_growth_cycles
BIM-05,OD,machine_learning,XGBoost,2026-04-06 15:03:11,0.928,0.9987343549728394,-0.07073435497283931,synthetic_full_cycle,synthetic_growth_cycles
BIM-05,OD,machine_learning,XGBoost,2026-04-07 15:04:51,0.874,0.8889626860618591,-0.014962686061859132,synthetic_full_cycle,synthetic_growth_cycles
BIM-05,OD,machine_learning,XGBoost,2026-04-08 14:32:10,0.916,0.8063147068023682,0.10968529319763187,synthetic_full_cycle,synthetic_growth_cycles
BIM-05,OD,machine_learning,XGBoost,2026-04-09 16:20:49,0.892,0.9060757160186768,-0.014075716018676743,synthetic_full_cycle,synthetic_growth_cycles
BIM-05,OD,machine_learning,XGBoost,2026-04-10 15:10:37,0.874,0.8921142816543579,-0.01811428165435791,synthetic_full_cycle,synthetic_growth_cycles
BIM-05,OD,machine_learning,XGBoost,2026-04-13 15:28:49,0.894,0.8706887364387512,0.023311263561248796,synthetic_full_cycle,synthetic_growth_cycles
BIM-05,OD,machine_learning,XGBoost,2026-04-14 14:58:17,0.874,0.8891059160232544,-0.015105916023254395,synthetic_full_cycle,synthetic_growth_cycles
BIM-05,OD,machine_learning,XGBoost,2026-04-15 14:56:47,0.881,0.8650362491607666,0.015963750839233404,synthetic_full_cycle,synthetic_growth_cycles
BIM-05,OD,machine_learning,XGBoost,2026-04-16 14:45:55,0.881,0.8752457499504089,0.00575425004959107,synthetic_full_cycle,synthetic_growth_cycles
BIM-05,OD,machine_learning,XGBoost,2026-04-20 21:19:14,0.899,0.8799577951431274,0.01904220485687258,synthetic_full_cycle,synthetic_growth_cycles
BIM-05,OD,machine_learning,XGBoost,2026-04-27 15:51:34,0.9319999999999999,0.8928812742233276,0.0391187257766723,synthetic_full_cycle,synthetic_growth_cycles
BIM-05,OD,machine_learning,XGBoost,2026-04-28 15:12:22,0.965,0.9385735392570496,0.02642646074295041,synthetic_full_cycle,synthetic_growth_cycles
BIM-05,OD,machine_learning,XGBoost,2026-04-29 15:10:01,0.964,0.9703984260559082,-0.006398426055908235,synthetic_full_cycle,synthetic_growth_cycles
BIM-05,OD,machine_learning,XGBoost,2026-04-30 17:10:41,1.0295,0.9619725346565247,0.06752746534347542,synthetic_full_cycle,synthetic_growth_cycles
BIM-05,OD,machine_learning,XGBoost,2026-05-04 15:12:00,1.095,1.029452919960022,0.065547080039978,synthetic_full_cycle,synthetic_growth_cycles
BIM-05,OD,machine_learning,XGBoost,2026-05-05 14:50:00,0.711,1.1044129133224487,-0.39341291332244877,synthetic_full_cycle,synthetic_growth_cycles
BIM-05,OD,machine_learning,XGBoost,2026-05-06 14:52:00,0.7,0.6763593554496765,0.023640644550323442,synthetic_full_cycle,synthetic_growth_cycles
BIM-05,OD,machine_learning,XGBoost,2026-05-07 15:01:00,0.63,0.7313404679298401,-0.10134046792984008,synthetic_full_cycle,synthetic_growth_cycles
BIM-05,OD,machine_learning,XGBoost,2026-05-08 16:44:00,0.573,0.6238405108451843,-0.05084051084518437,synthetic_full_cycle,synthetic_growth_cycles
BIM-05,OD,machine_learning,XGBoost,2026-05-11 14:58:00,0.519,0.67269366979599,-0.15369366979598997,synthetic_full_cycle,synthetic_growth_cycles
BIM-05,OD,machine_learning,LightGBM,2026-03-24 13:13:08,0.786,0.5365691311771673,0.24943086882283272,synthetic_full_cycle,synthetic_growth_cycles
BIM-05,OD,machine_learning,LightGBM,2026-03-25 12:06:40,0.677,0.9156552592038311,-0.23865525920383102,synthetic_full_cycle,synthetic_growth_cycles
BIM-05,OD,machine_learning,LightGBM,2026-03-26 12:24:14,0.623,0.7321481417289261,-0.10914814172892606,synthetic_full_cycle,synthetic_growth_cycles
BIM-05,OD,machine_learning,LightGBM,2026-03-27 13:01:35,0.827,0.6282164089423791,0.1987835910576209,synthetic_full_cycle,synthetic_growth_cycles
BIM-05,OD,machine_learning,LightGBM,2026-03-30 12:44:47,0.885,0.9340440226894697,-0.049044022689469724,synthetic_full_cycle,synthetic_growth_cycles
BIM-05,OD,machine_learning,LightGBM,2026-03-31 14:41:43,0.896,0.9546685644195676,-0.05866856441956758,synthetic_full_cycle,synthetic_growth_cycles
BIM-05,OD,machine_learning,LightGBM,2026-04-01 14:33:43,0.912,0.9105020612873369,0.0014979387126631272,synthetic_full_cycle,synthetic_growth_cycles
BIM-05,OD,machine_learning,LightGBM,2026-04-02 13:53:54,0.978,0.9146170641666802,0.06338293583331978,synthetic_full_cycle,synthetic_growth_cycles
BIM-05,OD,machine_learning,LightGBM,2026-04-06 15:03:11,0.928,0.9921773344274869,-0.06417733442748685,synthetic_full_cycle,synthetic_growth_cycles
BIM-05,OD,machine_learning,LightGBM,2026-04-07 15:04:51,0.874,0.9139551048397753,-0.03995510483977527,synthetic_full_cycle,synthetic_growth_cycles
BIM-05,OD,machine_learning,LightGBM,2026-04-08 14:32:10,0.916,0.8325776496024888,0.08342235039751122,synthetic_full_cycle,synthetic_growth_cycles
BIM-05,OD,machine_learning,LightGBM,2026-04-09 16:20:49,0.892,0.9095599441837449,-0.017559944183744847,synthetic_full_cycle,synthetic_growth_cycles
BIM-05,OD,machine_learning,LightGBM,2026-04-10 15:10:37,0.874,0.889510032169036,-0.015510032169036014,synthetic_full_cycle,synthetic_growth_cycles
BIM-05,OD,machine_learning,LightGBM,2026-04-13 15:28:49,0.894,0.8685980788309076,0.025401921169092456,synthetic_full_cycle,synthetic_growth_cycles
BIM-05,OD,machine_learning,LightGBM,2026-04-14 14:58:17,0.874,0.8880916208376213,-0.014091620837621277,synthetic_full_cycle,synthetic_growth_cycles
BIM-05,OD,machine_learning,LightGBM,2026-04-15 14:56:47,0.881,0.87078874065696,0.010211259343040013,synthetic_full_cycle,synthetic_growth_cycles
BIM-05,OD,machine_learning,LightGBM,2026-04-16 14:45:55,0.881,0.8793894158615837,0.0016105841384163044,synthetic_full_cycle,synthetic_growth_cycles
BIM-05,OD,machine_learning,LightGBM,2026-04-20 21:19:14,0.899,0.8815880241578703,0.017411975842129723,synthetic_full_cycle,synthetic_growth_cycles
BIM-05,OD,machine_learning,LightGBM,2026-04-27 15:51:34,0.9319999999999999,0.8951745061077138,0.036825493892286176,synthetic_full_cycle,synthetic_growth_cycles
BIM-05,OD,machine_learning,LightGBM,2026-04-28 15:12:22,0.965,0.9383008934890231,0.026699106510976844,synthetic_full_cycle,synthetic_growth_cycles
BIM-05,OD,machine_learning,LightGBM,2026-04-29 15:10:01,0.964,0.971058204305487,-0.007058204305486981,synthetic_full_cycle,synthetic_growth_cycles
BIM-05,OD,machine_learning,LightGBM,2026-04-30 17:10:41,1.0295,0.9673851416774455,0.06211485832255459,synthetic_full_cycle,synthetic_growth_cycles
BIM-05,OD,machine_learning,LightGBM,2026-05-04 15:12:00,1.095,1.034859074704942,0.06014092529505799,synthetic_full_cycle,synthetic_growth_cycles
BIM-05,OD,machine_learning,LightGBM,2026-05-05 14:50:00,0.711,1.109224842006001,-0.39822484200600095,synthetic_full_cycle,synthetic_growth_cycles
BIM-05,OD,machine_learning,LightGBM,2026-05-06 14:52:00,0.7,0.6369107673926763,0.06308923260732369,synthetic_full_cycle,synthetic_growth_cycles
BIM-05,OD,machine_learning,LightGBM,2026-05-07 15:01:00,0.63,0.6697004629437003,-0.03970046294370033,synthetic_full_cycle,synthetic_growth_cycles
BIM-05,OD,machine_learning,LightGBM,2026-05-08 16:44:00,0.573,0.650584588223494,-0.07758458822349401,synthetic_full_cycle,synthetic_growth_cycles
BIM-05,OD,machine_learning,LightGBM,2026-05-11 14:58:00,0.519,0.5817920278998228,-0.06279202789982274,synthetic_full_cycle,synthetic_growth_cycles
BIM-05,OD,machine_learning,CatBoost,2026-03-24 13:13:08,0.786,0.5053410031883265,0.2806589968116735,synthetic_full_cycle,synthetic_growth_cycles
BIM-05,OD,machine_learning,CatBoost,2026-03-25 12:06:40,0.677,0.8852410750664578,-0.20824107506645773,synthetic_full_cycle,synthetic_growth_cycles
BIM-05,OD,machine_learning,CatBoost,2026-03-26 12:24:14,0.623,0.7327715843617493,-0.10977158436174927,synthetic_full_cycle,synthetic_growth_cycles
BIM-05,OD,machine_learning,CatBoost,2026-03-27 13:01:35,0.827,0.5565589513817228,0.2704410486182771,synthetic_full_cycle,synthetic_growth_cycles
BIM-05,OD,machine_learning,CatBoost,2026-03-30 12:44:47,0.885,0.8973002591483986,-0.012300259148398607,synthetic_full_cycle,synthetic_growth_cycles
BIM-05,OD,machine_learning,CatBoost,2026-03-31 14:41:43,0.896,0.9396702614777985,-0.04367026147779851,synthetic_full_cycle,synthetic_growth_cycles
BIM-05,OD,machine_learning,CatBoost,2026-04-01 14:33:43,0.912,0.9150978600766472,-0.003097860076647141,synthetic_full_cycle,synthetic_growth_cycles
BIM-05,OD,machine_learning,CatBoost,2026-04-02 13:53:54,0.978,0.9117713305399048,0.0662286694600952,synthetic_full_cycle,synthetic_growth_cycles
BIM-05,OD,machine_learning,CatBoost,2026-04-06 15:03:11,0.928,0.994423982123322,-0.0664239821233219,synthetic_full_cycle,synthetic_growth_cycles
BIM-05,OD,machine_learning,CatBoost,2026-04-07 15:04:51,0.874,0.9175981432315098,-0.04359814323150979,synthetic_full_cycle,synthetic_growth_cycles
BIM-05,OD,machine_learning,CatBoost,2026-04-08 14:32:10,0.916,0.8351549359585598,0.0808450640414402,synthetic_full_cycle,synthetic_growth_cycles
BIM-05,OD,machine_learning,CatBoost,2026-04-09 16:20:49,0.892,0.9053062314536648,-0.01330623145366483,synthetic_full_cycle,synthetic_growth_cycles
BIM-05,OD,machine_learning,CatBoost,2026-04-10 15:10:37,0.874,0.8884956910628432,-0.014495691062843208,synthetic_full_cycle,synthetic_growth_cycles
BIM-05,OD,machine_learning,CatBoost,2026-04-13 15:28:49,0.894,0.8601636735751805,0.033836326424819485,synthetic_full_cycle,synthetic_growth_cycles
BIM-05,OD,machine_learning,CatBoost,2026-04-14 14:58:17,0.874,0.8868735604794926,-0.012873560479492618,synthetic_full_cycle,synthetic_growth_cycles
BIM-05,OD,machine_learning,CatBoost,2026-04-15 14:56:47,0.881,0.8689323220653755,0.012067677934624488,synthetic_full_cycle,synthetic_growth_cycles
BIM-05,OD,machine_learning,CatBoost,2026-04-16 14:45:55,0.881,0.8727188143945243,0.00828118560547575,synthetic_full_cycle,synthetic_growth_cycles
BIM-05,OD,machine_learning,CatBoost,2026-04-20 21:19:14,0.899,0.8790427950470677,0.019957204952932295,synthetic_full_cycle,synthetic_growth_cycles
BIM-05,OD,machine_learning,CatBoost,2026-04-27 15:51:34,0.9319999999999999,0.8934927582742889,0.03850724172571107,synthetic_full_cycle,synthetic_growth_cycles
BIM-05,OD,machine_learning,CatBoost,2026-04-28 15:12:22,0.965,0.9388114911870433,0.026188508812956646,synthetic_full_cycle,synthetic_growth_cycles
BIM-05,OD,machine_learning,CatBoost,2026-04-29 15:10:01,0.964,0.9780127862154568,-0.014012786215456874,synthetic_full_cycle,synthetic_growth_cycles
BIM-05,OD,machine_learning,CatBoost,2026-04-30 17:10:41,1.0295,0.9724463158869816,0.05705368411301848,synthetic_full_cycle,synthetic_growth_cycles
BIM-05,OD,machine_learning,CatBoost,2026-05-04 15:12:00,1.095,1.0340267529278335,0.06097324707216645,synthetic_full_cycle,synthetic_growth_cycles
BIM-05,OD,machine_learning,CatBoost,2026-05-05 14:50:00,0.711,1.1113360615839918,-0.4003360615839918,synthetic_full_cycle,synthetic_growth_cycles
BIM-05,OD,machine_learning,CatBoost,2026-05-06 14:52:00,0.7,0.5783800645051699,0.12161993549483008,synthetic_full_cycle,synthetic_growth_cycles
BIM-05,OD,machine_learning,CatBoost,2026-05-07 15:01:00,0.63,0.7033892671298422,-0.07338926712984217,synthetic_full_cycle,synthetic_growth_cycles
BIM-05,OD,machine_learning,CatBoost,2026-05-08 16:44:00,0.573,0.6426240820754414,-0.06962408207544146,synthetic_full_cycle,synthetic_growth_cycles
BIM-05,OD,machine_learning,CatBoost,2026-05-11 14:58:00,0.519,0.5899253861072603,-0.07092538610726029,synthetic_full_cycle,synthetic_growth_cycles
BIM-05,OD,deep_learning,MLP,2026-03-25 12:06:40,0.677,0.9388413316375266,-0.26184133163752654,synthetic_full_cycle,synthetic_growth_cycles
BIM-05,OD,deep_learning,MLP,2026-03-26 12:24:14,0.623,0.6245560755659267,-0.00155607556592674,synthetic_full_cycle,synthetic_growth_cycles
BIM-05,OD,deep_learning,MLP,2026-03-27 13:01:35,0.827,0.6747134800504953,0.1522865199495047,synthetic_full_cycle,synthetic_growth_cycles
BIM-05,OD,deep_learning,MLP,2026-03-30 12:44:47,0.885,0.9050277417126491,-0.020027741712649094,synthetic_full_cycle,synthetic_growth_cycles
BIM-05,OD,deep_learning,MLP,2026-03-31 14:41:43,0.896,0.9833002047722217,-0.08730020477222167,synthetic_full_cycle,synthetic_growth_cycles
BIM-05,OD,deep_learning,MLP,2026-04-01 14:33:43,0.912,0.9094528939082178,0.002547106091782214,synthetic_full_cycle,synthetic_growth_cycles
BIM-05,OD,deep_learning,MLP,2026-04-02 13:53:54,0.978,0.9349383819153851,0.04306161808461484,synthetic_full_cycle,synthetic_growth_cycles
BIM-05,OD,deep_learning,MLP,2026-04-06 15:03:11,0.928,1.0103975123044047,-0.08239751230440462,synthetic_full_cycle,synthetic_growth_cycles
BIM-05,OD,deep_learning,MLP,2026-04-07 15:04:51,0.874,0.9171057275174814,-0.04310572751748143,synthetic_full_cycle,synthetic_growth_cycles
BIM-05,OD,deep_learning,MLP,2026-04-08 14:32:10,0.916,0.8592332473810878,0.056766752618912286,synthetic_full_cycle,synthetic_growth_cycles
BIM-05,OD,deep_learning,MLP,2026-04-09 16:20:49,0.892,0.8648710838058207,0.027128916194179342,synthetic_full_cycle,synthetic_growth_cycles
BIM-05,OD,deep_learning,MLP,2026-04-10 15:10:37,0.874,0.8421787897040596,0.03182121029594043,synthetic_full_cycle,synthetic_growth_cycles
BIM-05,OD,deep_learning,MLP,2026-04-13 15:28:49,0.894,0.8789227386719642,0.015077261328035774,synthetic_full_cycle,synthetic_growth_cycles
BIM-05,OD,deep_learning,MLP,2026-04-14 14:58:17,0.874,0.8680559516013293,0.005944048398670687,synthetic_full_cycle,synthetic_growth_cycles
BIM-05,OD,deep_learning,MLP,2026-04-15 14:56:47,0.881,0.8502416007041622,0.03075839929583779,synthetic_full_cycle,synthetic_growth_cycles
BIM-05,OD,deep_learning,MLP,2026-04-16 14:45:55,0.881,0.8824543949632033,-0.0014543949632033204,synthetic_full_cycle,synthetic_growth_cycles
BIM-05,OD,deep_learning,MLP,2026-04-20 21:19:14,0.899,0.858273151411107,0.04072684858889297,synthetic_full_cycle,synthetic_growth_cycles
BIM-05,OD,deep_learning,MLP,2026-04-27 15:51:34,0.9319999999999999,0.8948329539933233,0.03716704600667664,synthetic_full_cycle,synthetic_growth_cycles
BIM-05,OD,deep_learning,MLP,2026-04-28 15:12:22,0.965,0.9259343180301547,0.03906568196984528,synthetic_full_cycle,synthetic_growth_cycles
BIM-05,OD,deep_learning,MLP,2026-04-29 15:10:01,0.964,0.9760107157082554,-0.012010715708255404,synthetic_full_cycle,synthetic_growth_cycles
BIM-05,OD,deep_learning,MLP,2026-04-30 17:10:41,1.0295,0.9663616561056705,0.0631383438943296,synthetic_full_cycle,synthetic_growth_cycles
BIM-05,OD,deep_learning,MLP,2026-05-04 15:12:00,1.095,1.0477916134623906,0.04720838653760939,synthetic_full_cycle,synthetic_growth_cycles
BIM-05,OD,deep_learning,MLP,2026-05-05 14:50:00,0.711,1.1153015362244536,-0.40430153622445364,synthetic_full_cycle,synthetic_growth_cycles
BIM-05,OD,deep_learning,MLP,2026-05-06 14:52:00,0.7,0.6302178539301118,0.0697821460698882,synthetic_full_cycle,synthetic_growth_cycles
BIM-05,OD,deep_learning,MLP,2026-05-07 15:01:00,0.63,0.7207925197664637,-0.09079251976646374,synthetic_full_cycle,synthetic_growth_cycles
BIM-05,OD,deep_learning,MLP,2026-05-08 16:44:00,0.573,0.5920527887768072,-0.019052788776807272,synthetic_full_cycle,synthetic_growth_cycles
BIM-05,OD,deep_learning,MLP,2026-05-11 14:58:00,0.519,0.6014061290172958,-0.08240612901729583,synthetic_full_cycle,synthetic_growth_cycles
BIM-07,OD,machine_learning,Linear_Regression,2026-03-26 12:31:08,0.582,0.5487437309495546,0.03325626905044532,synthetic_full_cycle,synthetic_growth_cycles
BIM-07,OD,machine_learning,Linear_Regression,2026-03-27 13:08:16,0.538,0.6400437068832234,-0.1020437068832234,synthetic_full_cycle,synthetic_growth_cycles
BIM-07,OD,machine_learning,Linear_Regression,2026-03-30 12:48:26,0.63,0.5422428203461298,0.0877571796538702,synthetic_full_cycle,synthetic_growth_cycles
BIM-07,OD,machine_learning,Linear_Regression,2026-03-31 14:44:13,0.637,0.6964971632276585,-0.05949716322765852,synthetic_full_cycle,synthetic_growth_cycles
BIM-07,OD,machine_learning,Linear_Regression,2026-04-01 14:38:14,0.662,0.665181729794347,-0.0031817297943469436,synthetic_full_cycle,synthetic_growth_cycles
BIM-07,OD,machine_learning,Linear_Regression,2026-04-02 13:58:29,0.701,0.6924016759560138,0.008598324043986194,synthetic_full_cycle,synthetic_growth_cycles
BIM-07,OD,machine_learning,Linear_Regression,2026-04-06 15:07:39,0.685,0.7379186808323941,-0.05291868083239404,synthetic_full_cycle,synthetic_growth_cycles
BIM-07,OD,machine_learning,Linear_Regression,2026-04-07 15:07:19,0.644,0.6931382192026306,-0.04913821920263062,synthetic_full_cycle,synthetic_growth_cycles
BIM-07,OD,machine_learning,Linear_Regression,2026-04-08 14:35:16,0.704,0.6368865479491859,0.06711345205081409,synthetic_full_cycle,synthetic_growth_cycles
BIM-07,OD,machine_learning,Linear_Regression,2026-04-09 16:22:55,0.724,0.7477045414760909,-0.023704541476090912,synthetic_full_cycle,synthetic_growth_cycles
BIM-07,OD,machine_learning,Linear_Regression,2026-05-13 15:18:00,0.622,0.7512291846513885,-0.12922918465138855,synthetic_full_cycle,synthetic_growth_cycles
BIM-07,OD,machine_learning,Polynomial_Regression,2026-03-26 12:31:08,0.582,0.5406989408268417,0.041301059173158294,synthetic_full_cycle,synthetic_growth_cycles
BIM-07,OD,machine_learning,Polynomial_Regression,2026-03-27 13:08:16,0.538,0.6457863412653576,-0.10778634126535758,synthetic_full_cycle,synthetic_growth_cycles
BIM-07,OD,machine_learning,Polynomial_Regression,2026-03-30 12:48:26,0.63,0.548073393438373,0.08192660656162698,synthetic_full_cycle,synthetic_growth_cycles
BIM-07,OD,machine_learning,Polynomial_Regression,2026-03-31 14:44:13,0.637,0.6987924794069558,-0.06179247940695576,synthetic_full_cycle,synthetic_growth_cycles
BIM-07,OD,machine_learning,Polynomial_Regression,2026-04-01 14:38:14,0.662,0.6780113739101228,-0.01601137391012275,synthetic_full_cycle,synthetic_growth_cycles
BIM-07,OD,machine_learning,Polynomial_Regression,2026-04-02 13:58:29,0.701,0.6908577995087744,0.010142200491225606,synthetic_full_cycle,synthetic_growth_cycles
BIM-07,OD,machine_learning,Polynomial_Regression,2026-04-06 15:07:39,0.685,0.7396308996331897,-0.05463089963318968,synthetic_full_cycle,synthetic_growth_cycles
BIM-07,OD,machine_learning,Polynomial_Regression,2026-04-07 15:07:19,0.644,0.6965482746233356,-0.052548274623335556,synthetic_full_cycle,synthetic_growth_cycles
BIM-07,OD,machine_learning,Polynomial_Regression,2026-04-08 14:35:16,0.704,0.6260839353842306,0.07791606461576939,synthetic_full_cycle,synthetic_growth_cycles
BIM-07,OD,machine_learning,Polynomial_Regression,2026-04-09 16:22:55,0.724,0.7419829636570827,-0.01798296365708274,synthetic_full_cycle,synthetic_growth_cycles
BIM-07,OD,machine_learning,Polynomial_Regression,2026-05-13 15:18:00,0.622,0.7574756507278938,-0.1354756507278938,synthetic_full_cycle,synthetic_growth_cycles
BIM-07,OD,machine_learning,Ridge,2026-03-26 12:31:08,0.582,0.5487271140823684,0.033272885917631556,synthetic_full_cycle,synthetic_growth_cycles
BIM-07,OD,machine_learning,Ridge,2026-03-27 13:08:16,0.538,0.6389793276421437,-0.10097932764214368,synthetic_full_cycle,synthetic_growth_cycles
BIM-07,OD,machine_learning,Ridge,2026-03-30 12:48:26,0.63,0.545338633121021,0.08466136687897896,synthetic_full_cycle,synthetic_growth_cycles
BIM-07,OD,machine_learning,Ridge,2026-03-31 14:44:13,0.637,0.6934615286840573,-0.056461528684057294,synthetic_full_cycle,synthetic_growth_cycles
BIM-07,OD,machine_learning,Ridge,2026-04-01 14:38:14,0.662,0.667274336068871,-0.005274336068870955,synthetic_full_cycle,synthetic_growth_cycles
BIM-07,OD,machine_learning,Ridge,2026-04-02 13:58:29,0.701,0.6922270443925094,0.008772955607490585,synthetic_full_cycle,synthetic_growth_cycles
BIM-07,OD,machine_learning,Ridge,2026-04-06 15:07:39,0.685,0.7376606687802076,-0.05266066878020759,synthetic_full_cycle,synthetic_growth_cycles
BIM-07,OD,machine_learning,Ridge,2026-04-07 15:07:19,0.644,0.6947253488617263,-0.050725348861726305,synthetic_full_cycle,synthetic_growth_cycles
BIM-07,OD,machine_learning,Ridge,2026-04-08 14:35:16,0.704,0.6381156034867045,0.06588439651329547,synthetic_full_cycle,synthetic_growth_cycles
BIM-07,OD,machine_learning,Ridge,2026-04-09 16:22:55,0.724,0.745514190146248,-0.021514190146248002,synthetic_full_cycle,synthetic_growth_cycles
BIM-07,OD,machine_learning,Ridge,2026-05-13 15:18:00,0.622,0.7521791247280089,-0.13017912472800885,synthetic_full_cycle,synthetic_growth_cycles
BIM-07,OD,machine_learning,Lasso,2026-03-26 12:31:08,0.582,0.559409418337198,0.022590581662801923,synthetic_full_cycle,synthetic_growth_cycles
BIM-07,OD,machine_learning,Lasso,2026-03-27 13:08:16,0.538,0.6274874966950023,-0.08948749669500222,synthetic_full_cycle,synthetic_growth_cycles
BIM-07,OD,machine_learning,Lasso,2026-03-30 12:48:26,0.63,0.580601721701567,0.04939827829843302,synthetic_full_cycle,synthetic_growth_cycles
BIM-07,OD,machine_learning,Lasso,2026-03-31 14:44:13,0.637,0.6682467237384417,-0.03124672373844173,synthetic_full_cycle,synthetic_growth_cycles
BIM-07,OD,machine_learning,Lasso,2026-04-01 14:38:14,0.662,0.6807510041940151,-0.018751004194015097,synthetic_full_cycle,synthetic_growth_cycles
BIM-07,OD,machine_learning,Lasso,2026-04-02 13:58:29,0.701,0.6956583668508777,0.005341633149122282,synthetic_full_cycle,synthetic_growth_cycles
BIM-07,OD,machine_learning,Lasso,2026-04-06 15:07:39,0.685,0.7352160527936725,-0.05021605279367247,synthetic_full_cycle,synthetic_growth_cycles
BIM-07,OD,machine_learning,Lasso,2026-04-07 15:07:19,0.644,0.7156590166922863,-0.07165901669228625,synthetic_full_cycle,synthetic_growth_cycles
BIM-07,OD,machine_learning,Lasso,2026-04-08 14:35:16,0.704,0.6685368885097956,0.03546311149020431,synthetic_full_cycle,synthetic_growth_cycles
BIM-07,OD,machine_learning,Lasso,2026-04-09 16:22:55,0.724,0.7325914487698546,-0.008591448769854626,synthetic_full_cycle,synthetic_growth_cycles
BIM-07,OD,machine_learning,Lasso,2026-05-13 15:18:00,0.622,0.7582020161785344,-0.13620201617853445,synthetic_full_cycle,synthetic_growth_cycles
BIM-07,OD,machine_learning,Elastic_Net,2026-03-26 12:31:08,0.582,0.5573649594453978,0.024635040554602194,synthetic_full_cycle,synthetic_growth_cycles
BIM-07,OD,machine_learning,Elastic_Net,2026-03-27 13:08:16,0.538,0.628466850094123,-0.09046685009412292,synthetic_full_cycle,synthetic_growth_cycles
BIM-07,OD,machine_learning,Elastic_Net,2026-03-30 12:48:26,0.63,0.5794744405889117,0.05052555941108827,synthetic_full_cycle,synthetic_growth_cycles
BIM-07,OD,machine_learning,Elastic_Net,2026-03-31 14:44:13,0.637,0.6680108713339816,-0.031010871333981616,synthetic_full_cycle,synthetic_growth_cycles
BIM-07,OD,machine_learning,Elastic_Net,2026-04-01 14:38:14,0.662,0.6825564952577916,-0.020556495257791574,synthetic_full_cycle,synthetic_growth_cycles
BIM-07,OD,machine_learning,Elastic_Net,2026-04-02 13:58:29,0.701,0.6946931439691729,0.006306856030827035,synthetic_full_cycle,synthetic_growth_cycles
BIM-07,OD,machine_learning,Elastic_Net,2026-04-06 15:07:39,0.685,0.735441652815246,-0.05044165281524593,synthetic_full_cycle,synthetic_growth_cycles
BIM-07,OD,machine_learning,Elastic_Net,2026-04-07 15:07:19,0.644,0.7142705171864902,-0.07027051718649013,synthetic_full_cycle,synthetic_growth_cycles
BIM-07,OD,machine_learning,Elastic_Net,2026-04-08 14:35:16,0.704,0.6640243669895575,0.03997563301044249,synthetic_full_cycle,synthetic_growth_cycles
BIM-07,OD,machine_learning,Elastic_Net,2026-04-09 16:22:55,0.724,0.7309919940373365,-0.006991994037336524,synthetic_full_cycle,synthetic_growth_cycles
BIM-07,OD,machine_learning,Elastic_Net,2026-05-13 15:18:00,0.622,0.759013923640298,-0.13701392364029796,synthetic_full_cycle,synthetic_growth_cycles
BIM-07,OD,machine_learning,Decision_Trees,2026-03-26 12:31:08,0.582,0.5457237676475901,0.03627623235240984,synthetic_full_cycle,synthetic_growth_cycles
BIM-07,OD,machine_learning,Decision_Trees,2026-03-27 13:08:16,0.538,0.7183244177547671,-0.18032441775476704,synthetic_full_cycle,synthetic_growth_cycles
BIM-07,OD,machine_learning,Decision_Trees,2026-03-30 12:48:26,0.63,0.5457237676475901,0.08427623235240989,synthetic_full_cycle,synthetic_growth_cycles
BIM-07,OD,machine_learning,Decision_Trees,2026-03-31 14:44:13,0.637,0.6420412900033536,-0.005041290003353627,synthetic_full_cycle,synthetic_growth_cycles
BIM-07,OD,machine_learning,Decision_Trees,2026-04-01 14:38:14,0.662,0.6420412900033536,0.019958709996646395,synthetic_full_cycle,synthetic_growth_cycles
BIM-07,OD,machine_learning,Decision_Trees,2026-04-02 13:58:29,0.701,0.7865185396036304,-0.08551853960363043,synthetic_full_cycle,synthetic_growth_cycles
BIM-07,OD,machine_learning,Decision_Trees,2026-04-06 15:07:39,0.685,0.7865185396036304,-0.10151853960363033,synthetic_full_cycle,synthetic_growth_cycles
BIM-07,OD,machine_learning,Decision_Trees,2026-04-07 15:07:19,0.644,0.7865185396036304,-0.14251853960363037,synthetic_full_cycle,synthetic_growth_cycles
BIM-07,OD,machine_learning,Decision_Trees,2026-04-08 14:35:16,0.704,0.6420412900033536,0.06195870999664632,synthetic_full_cycle,synthetic_growth_cycles
BIM-07,OD,machine_learning,Decision_Trees,2026-04-09 16:22:55,0.724,0.7865185396036304,-0.06251853960363041,synthetic_full_cycle,synthetic_growth_cycles
BIM-07,OD,machine_learning,Decision_Trees,2026-05-13 15:18:00,0.622,0.7865185396036304,-0.1645185396036304,synthetic_full_cycle,synthetic_growth_cycles
BIM-07,OD,machine_learning,Random_Forest,2026-03-26 12:31:08,0.582,0.5229878384502723,0.05901216154972766,synthetic_full_cycle,synthetic_growth_cycles
BIM-07,OD,machine_learning,Random_Forest,2026-03-27 13:08:16,0.538,0.6743220623305901,-0.13632206233059008,synthetic_full_cycle,synthetic_growth_cycles
BIM-07,OD,machine_learning,Random_Forest,2026-03-30 12:48:26,0.63,0.5860483954684954,0.043951604531504596,synthetic_full_cycle,synthetic_growth_cycles
BIM-07,OD,machine_learning,Random_Forest,2026-03-31 14:44:13,0.637,0.7637502628863535,-0.1267502628863535,synthetic_full_cycle,synthetic_growth_cycles
BIM-07,OD,machine_learning,Random_Forest,2026-04-01 14:38:14,0.662,0.6578035733224649,0.00419642667753517,synthetic_full_cycle,synthetic_growth_cycles
BIM-07,OD,machine_learning,Random_Forest,2026-04-02 13:58:29,0.701,0.6926790237555182,0.008320976244481804,synthetic_full_cycle,synthetic_growth_cycles
BIM-07,OD,machine_learning,Random_Forest,2026-04-06 15:07:39,0.685,0.7271334855710545,-0.04213348557105445,synthetic_full_cycle,synthetic_growth_cycles
BIM-07,OD,machine_learning,Random_Forest,2026-04-07 15:07:19,0.644,0.7253660516671588,-0.08136605166715882,synthetic_full_cycle,synthetic_growth_cycles
BIM-07,OD,machine_learning,Random_Forest,2026-04-08 14:35:16,0.704,0.6592151138827134,0.04478488611728659,synthetic_full_cycle,synthetic_growth_cycles
BIM-07,OD,machine_learning,Random_Forest,2026-04-09 16:22:55,0.724,0.7512194208902465,-0.027219420890246537,synthetic_full_cycle,synthetic_growth_cycles
BIM-07,OD,machine_learning,Random_Forest,2026-05-13 15:18:00,0.622,0.7841078325667381,-0.1621078325667381,synthetic_full_cycle,synthetic_growth_cycles
BIM-07,OD,machine_learning,Extra_Trees,2026-03-26 12:31:08,0.582,0.5217901180724109,0.060209881927589026,synthetic_full_cycle,synthetic_growth_cycles
BIM-07,OD,machine_learning,Extra_Trees,2026-03-27 13:08:16,0.538,0.6783551626539235,-0.14035516265392345,synthetic_full_cycle,synthetic_growth_cycles
BIM-07,OD,machine_learning,Extra_Trees,2026-03-30 12:48:26,0.63,0.5928363475743265,0.03716365242567354,synthetic_full_cycle,synthetic_growth_cycles
BIM-07,OD,machine_learning,Extra_Trees,2026-03-31 14:44:13,0.637,0.7549379977166174,-0.1179379977166174,synthetic_full_cycle,synthetic_growth_cycles
BIM-07,OD,machine_learning,Extra_Trees,2026-04-01 14:38:14,0.662,0.6392632633782772,0.02273673662172282,synthetic_full_cycle,synthetic_growth_cycles
BIM-07,OD,machine_learning,Extra_Trees,2026-04-02 13:58:29,0.701,0.6906266249814162,0.010373375018583708,synthetic_full_cycle,synthetic_growth_cycles
BIM-07,OD,machine_learning,Extra_Trees,2026-04-06 15:07:39,0.685,0.7259871104364427,-0.04098711043644265,synthetic_full_cycle,synthetic_growth_cycles
BIM-07,OD,machine_learning,Extra_Trees,2026-04-07 15:07:19,0.644,0.7251251272152431,-0.08112512721524312,synthetic_full_cycle,synthetic_growth_cycles
BIM-07,OD,machine_learning,Extra_Trees,2026-04-08 14:35:16,0.704,0.640601229644313,0.06339877035568697,synthetic_full_cycle,synthetic_growth_cycles
BIM-07,OD,machine_learning,Extra_Trees,2026-04-09 16:22:55,0.724,0.7470820558545839,-0.023082055854583894,synthetic_full_cycle,synthetic_growth_cycles
BIM-07,OD,machine_learning,Extra_Trees,2026-05-13 15:18:00,0.622,0.7794091737945311,-0.15740917379453112,synthetic_full_cycle,synthetic_growth_cycles
BIM-07,OD,machine_learning,Gradient_Boosting,2026-03-26 12:31:08,0.582,0.5406139204415261,0.04138607955847384,synthetic_full_cycle,synthetic_growth_cycles
BIM-07,OD,machine_learning,Gradient_Boosting,2026-03-27 13:08:16,0.538,0.6474542747891862,-0.10945427478918612,synthetic_full_cycle,synthetic_growth_cycles
BIM-07,OD,machine_learning,Gradient_Boosting,2026-03-30 12:48:26,0.63,0.5622122935514449,0.06778770644855514,synthetic_full_cycle,synthetic_growth_cycles
BIM-07,OD,machine_learning,Gradient_Boosting,2026-03-31 14:44:13,0.637,0.6966960301421334,-0.05969603014213343,synthetic_full_cycle,synthetic_growth_cycles
BIM-07,OD,machine_learning,Gradient_Boosting,2026-04-01 14:38:14,0.662,0.7027185251995397,-0.04071852519953967,synthetic_full_cycle,synthetic_growth_cycles
BIM-07,OD,machine_learning,Gradient_Boosting,2026-04-02 13:58:29,0.701,0.7249618437960386,-0.023961843796038607,synthetic_full_cycle,synthetic_growth_cycles
BIM-07,OD,machine_learning,Gradient_Boosting,2026-04-06 15:07:39,0.685,0.758850358954742,-0.0738503589547419,synthetic_full_cycle,synthetic_growth_cycles
BIM-07,OD,machine_learning,Gradient_Boosting,2026-04-07 15:07:19,0.644,0.7429425867531174,-0.0989425867531174,synthetic_full_cycle,synthetic_growth_cycles
BIM-07,OD,machine_learning,Gradient_Boosting,2026-04-08 14:35:16,0.704,0.6917643557636199,0.012235644236380017,synthetic_full_cycle,synthetic_growth_cycles
BIM-07,OD,machine_learning,Gradient_Boosting,2026-04-09 16:22:55,0.724,0.7555238439132055,-0.03152384391320551,synthetic_full_cycle,synthetic_growth_cycles
BIM-07,OD,machine_learning,Gradient_Boosting,2026-05-13 15:18:00,0.622,0.7768126447412484,-0.15481264474124845,synthetic_full_cycle,synthetic_growth_cycles
BIM-07,OD,machine_learning,AdaBoost,2026-03-26 12:31:08,0.582,0.5783172750777742,0.0036827249222257663,synthetic_full_cycle,synthetic_growth_cycles
BIM-07,OD,machine_learning,AdaBoost,2026-03-27 13:08:16,0.538,0.6940196202533231,-0.15601962025332305,synthetic_full_cycle,synthetic_growth_cycles
BIM-07,OD,machine_learning,AdaBoost,2026-03-30 12:48:26,0.63,0.6069267599700251,0.023073240029974906,synthetic_full_cycle,synthetic_growth_cycles
BIM-07,OD,machine_learning,AdaBoost,2026-03-31 14:44:13,0.637,0.729912349751777,-0.09291234975177698,synthetic_full_cycle,synthetic_growth_cycles
BIM-07,OD,machine_learning,AdaBoost,2026-04-01 14:38:14,0.662,0.747289585497004,-0.08528958549700394,synthetic_full_cycle,synthetic_growth_cycles
BIM-07,OD,machine_learning,AdaBoost,2026-04-02 13:58:29,0.701,0.791169545060701,-0.09016954506070107,synthetic_full_cycle,synthetic_growth_cycles
BIM-07,OD,machine_learning,AdaBoost,2026-04-06 15:07:39,0.685,0.791169545060701,-0.10616954506070098,synthetic_full_cycle,synthetic_growth_cycles
BIM-07,OD,machine_learning,AdaBoost,2026-04-07 15:07:19,0.644,0.791169545060701,-0.147169545060701,synthetic_full_cycle,synthetic_growth_cycles
BIM-07,OD,machine_learning,AdaBoost,2026-04-08 14:35:16,0.704,0.7516882900999959,-0.04768829009999598,synthetic_full_cycle,synthetic_growth_cycles
BIM-07,OD,machine_learning,AdaBoost,2026-04-09 16:22:55,0.724,0.8016279686953097,-0.07762796869530975,synthetic_full_cycle,synthetic_growth_cycles
BIM-07,OD,machine_learning,AdaBoost,2026-05-13 15:18:00,0.622,0.8113469816925598,-0.1893469816925598,synthetic_full_cycle,synthetic_growth_cycles
BIM-07,OD,machine_learning,SVR,2026-03-26 12:31:08,0.582,0.5331359611731639,0.0488640388268361,synthetic_full_cycle,synthetic_growth_cycles
BIM-07,OD,machine_learning,SVR,2026-03-27 13:08:16,0.538,0.6458160883772748,-0.10781608837727474,synthetic_full_cycle,synthetic_growth_cycles
BIM-07,OD,machine_learning,SVR,2026-03-30 12:48:26,0.63,0.5607703320959927,0.06922966790400731,synthetic_full_cycle,synthetic_growth_cycles
BIM-07,OD,machine_learning,SVR,2026-03-31 14:44:13,0.637,0.7173253979186409,-0.0803253979186409,synthetic_full_cycle,synthetic_growth_cycles
BIM-07,OD,machine_learning,SVR,2026-04-01 14:38:14,0.662,0.6819269942895521,-0.019926994289552025,synthetic_full_cycle,synthetic_growth_cycles
BIM-07,OD,machine_learning,SVR,2026-04-02 13:58:29,0.701,0.6895920274427497,0.011407972557250234,synthetic_full_cycle,synthetic_growth_cycles
BIM-07,OD,machine_learning,SVR,2026-04-06 15:07:39,0.685,0.7377068476631411,-0.05270684766314104,synthetic_full_cycle,synthetic_growth_cycles
BIM-07,OD,machine_learning,SVR,2026-04-07 15:07:19,0.644,0.6979484807439177,-0.05394848074391767,synthetic_full_cycle,synthetic_growth_cycles
BIM-07,OD,machine_learning,SVR,2026-04-08 14:35:16,0.704,0.630031908139985,0.07396809186001496,synthetic_full_cycle,synthetic_growth_cycles
BIM-07,OD,machine_learning,SVR,2026-04-09 16:22:55,0.724,0.7445889084462655,-0.020588908446265486,synthetic_full_cycle,synthetic_growth_cycles
BIM-07,OD,machine_learning,SVR,2026-05-13 15:18:00,0.622,0.7553995326950469,-0.1333995326950469,synthetic_full_cycle,synthetic_growth_cycles
BIM-07,OD,machine_learning,KNN,2026-03-26 12:31:08,0.582,0.5056190751597054,0.07638092484029457,synthetic_full_cycle,synthetic_growth_cycles
BIM-07,OD,machine_learning,KNN,2026-03-27 13:08:16,0.538,0.6636344007659473,-0.12563440076594723,synthetic_full_cycle,synthetic_growth_cycles
BIM-07,OD,machine_learning,KNN,2026-03-30 12:48:26,0.63,0.6127139448686867,0.017286055131313316,synthetic_full_cycle,synthetic_growth_cycles
BIM-07,OD,machine_learning,KNN,2026-03-31 14:44:13,0.637,0.6935085312346025,-0.05650853123460253,synthetic_full_cycle,synthetic_growth_cycles
BIM-07,OD,machine_learning,KNN,2026-04-01 14:38:14,0.662,0.6475673315232644,0.014432668476735633,synthetic_full_cycle,synthetic_growth_cycles
BIM-07,OD,machine_learning,KNN,2026-04-02 13:58:29,0.701,0.7017256452936795,-0.0007256452936795776,synthetic_full_cycle,synthetic_growth_cycles
BIM-07,OD,machine_learning,KNN,2026-04-06 15:07:39,0.685,0.720354787153992,-0.035354787153991984,synthetic_full_cycle,synthetic_growth_cycles
BIM-07,OD,machine_learning,KNN,2026-04-07 15:07:19,0.644,0.7237227403560799,-0.07972274035607985,synthetic_full_cycle,synthetic_growth_cycles
BIM-07,OD,machine_learning,KNN,2026-04-08 14:35:16,0.704,0.6551701545780283,0.04882984542197166,synthetic_full_cycle,synthetic_growth_cycles
BIM-07,OD,machine_learning,KNN,2026-04-09 16:22:55,0.724,0.7739231879683656,-0.04992318796836559,synthetic_full_cycle,synthetic_growth_cycles
BIM-07,OD,machine_learning,KNN,2026-05-13 15:18:00,0.622,0.7648020895562645,-0.1428020895562645,synthetic_full_cycle,synthetic_growth_cycles
BIM-07,OD,machine_learning,Gaussian_Process_Regression,2026-03-26 12:31:08,0.582,0.5380368911781939,0.043963108821806096,synthetic_full_cycle,synthetic_growth_cycles
BIM-07,OD,machine_learning,Gaussian_Process_Regression,2026-03-27 13:08:16,0.538,0.6544116413214984,-0.1164116413214984,synthetic_full_cycle,synthetic_growth_cycles
BIM-07,OD,machine_learning,Gaussian_Process_Regression,2026-03-30 12:48:26,0.63,0.5682407350774965,0.0617592649225035,synthetic_full_cycle,synthetic_growth_cycles
BIM-07,OD,machine_learning,Gaussian_Process_Regression,2026-03-31 14:44:13,0.637,0.7254540577712529,-0.08845405777125293,synthetic_full_cycle,synthetic_growth_cycles
BIM-07,OD,machine_learning,Gaussian_Process_Regression,2026-04-01 14:38:14,0.662,0.6878795346997405,-0.02587953469974047,synthetic_full_cycle,synthetic_growth_cycles
BIM-07,OD,machine_learning,Gaussian_Process_Regression,2026-04-02 13:58:29,0.701,0.6936713248216726,0.00732867517832736,synthetic_full_cycle,synthetic_growth_cycles
BIM-07,OD,machine_learning,Gaussian_Process_Regression,2026-04-06 15:07:39,0.685,0.7415845348474073,-0.05658453484740722,synthetic_full_cycle,synthetic_growth_cycles
BIM-07,OD,machine_learning,Gaussian_Process_Regression,2026-04-07 15:07:19,0.644,0.6987116244821745,-0.05471162448217448,synthetic_full_cycle,synthetic_growth_cycles
BIM-07,OD,machine_learning,Gaussian_Process_Regression,2026-04-08 14:35:16,0.704,0.6338557204169215,0.07014427958307845,synthetic_full_cycle,synthetic_growth_cycles
BIM-07,OD,machine_learning,Gaussian_Process_Regression,2026-04-09 16:22:55,0.724,0.7528189377051524,-0.028818937705152425,synthetic_full_cycle,synthetic_growth_cycles
BIM-07,OD,machine_learning,Gaussian_Process_Regression,2026-05-13 15:18:00,0.622,0.7576011497324359,-0.13560114973243587,synthetic_full_cycle,synthetic_growth_cycles
BIM-07,OD,machine_learning,PLS,2026-03-26 12:31:08,0.582,0.5969647404648637,-0.014964740464863735,synthetic_full_cycle,synthetic_growth_cycles
BIM-07,OD,machine_learning,PLS,2026-03-27 13:08:16,0.538,0.6166725484644383,-0.07867254846443827,synthetic_full_cycle,synthetic_growth_cycles
BIM-07,OD,machine_learning,PLS,2026-03-30 12:48:26,0.63,0.6246651136602561,0.005334886339743883,synthetic_full_cycle,synthetic_growth_cycles
BIM-07,OD,machine_learning,PLS,2026-03-31 14:44:13,0.637,0.6588637434727729,-0.021863743472772867,synthetic_full_cycle,synthetic_growth_cycles
BIM-07,OD,machine_learning,PLS,2026-04-01 14:38:14,0.662,0.676368997319173,-0.01436899731917296,synthetic_full_cycle,synthetic_growth_cycles
BIM-07,OD,machine_learning,PLS,2026-04-02 13:58:29,0.701,0.7119961051437712,-0.010996105143771251,synthetic_full_cycle,synthetic_growth_cycles
BIM-07,OD,machine_learning,PLS,2026-04-06 15:07:39,0.685,0.7339380034414561,-0.048938003441456046,synthetic_full_cycle,synthetic_growth_cycles
BIM-07,OD,machine_learning,PLS,2026-04-07 15:07:19,0.644,0.7473569878054247,-0.10335698780542468,synthetic_full_cycle,synthetic_growth_cycles
BIM-07,OD,machine_learning,PLS,2026-04-08 14:35:16,0.704,0.7402062192971389,-0.036206219297138964,synthetic_full_cycle,synthetic_growth_cycles
BIM-07,OD,machine_learning,PLS,2026-04-09 16:22:55,0.724,0.7428358815504285,-0.01883588155042848,synthetic_full_cycle,synthetic_growth_cycles
BIM-07,OD,machine_learning,PLS,2026-05-13 15:18:00,0.622,0.7558061585246595,-0.1338061585246595,synthetic_full_cycle,synthetic_growth_cycles
BIM-07,OD,machine_learning,PCR,2026-03-26 12:31:08,0.582,0.5988658332143241,-0.01686583321432411,synthetic_full_cycle,synthetic_growth_cycles
BIM-07,OD,machine_learning,PCR,2026-03-27 13:08:16,0.538,0.6169806955345876,-0.07898069553458753,synthetic_full_cycle,synthetic_growth_cycles
BIM-07,OD,machine_learning,PCR,2026-03-30 12:48:26,0.63,0.6261659614695927,0.0038340385304073132,synthetic_full_cycle,synthetic_growth_cycles
BIM-07,OD,machine_learning,PCR,2026-03-31 14:44:13,0.637,0.6594622797034029,-0.022462279703402865,synthetic_full_cycle,synthetic_growth_cycles
BIM-07,OD,machine_learning,PCR,2026-04-01 14:38:14,0.662,0.6761797526902054,-0.014179752690205327,synthetic_full_cycle,synthetic_growth_cycles
BIM-07,OD,machine_learning,PCR,2026-04-02 13:58:29,0.701,0.7128568641987748,-0.011856864198774852,synthetic_full_cycle,synthetic_growth_cycles
BIM-07,OD,machine_learning,PCR,2026-04-06 15:07:39,0.685,0.7341252854970932,-0.04912528549709316,synthetic_full_cycle,synthetic_growth_cycles
BIM-07,OD,machine_learning,PCR,2026-04-07 15:07:19,0.644,0.7483549991259616,-0.10435499912596158,synthetic_full_cycle,synthetic_growth_cycles
BIM-07,OD,machine_learning,PCR,2026-04-08 14:35:16,0.704,0.7427152354164425,-0.038715235416442506,synthetic_full_cycle,synthetic_growth_cycles
BIM-07,OD,machine_learning,PCR,2026-04-09 16:22:55,0.724,0.7437569274740142,-0.019756927474014252,synthetic_full_cycle,synthetic_growth_cycles
BIM-07,OD,machine_learning,PCR,2026-05-13 15:18:00,0.622,0.7556779294397014,-0.13367792943970136,synthetic_full_cycle,synthetic_growth_cycles
BIM-07,OD,machine_learning,XGBoost,2026-03-26 12:31:08,0.582,0.5345420241355896,0.04745797586441036,synthetic_full_cycle,synthetic_growth_cycles
BIM-07,OD,machine_learning,XGBoost,2026-03-27 13:08:16,0.538,0.6616208553314209,-0.12362085533142086,synthetic_full_cycle,synthetic_growth_cycles
BIM-07,OD,machine_learning,XGBoost,2026-03-30 12:48:26,0.63,0.5786713361740112,0.051328663825988774,synthetic_full_cycle,synthetic_growth_cycles
BIM-07,OD,machine_learning,XGBoost,2026-03-31 14:44:13,0.637,0.7555997967720032,-0.11859979677200316,synthetic_full_cycle,synthetic_growth_cycles
BIM-07,OD,machine_learning,XGBoost,2026-04-01 14:38:14,0.662,0.673694372177124,-0.01169437217712399,synthetic_full_cycle,synthetic_growth_cycles
BIM-07,OD,machine_learning,XGBoost,2026-04-02 13:58:29,0.701,0.7046603560447693,-0.0036603560447693306,synthetic_full_cycle,synthetic_growth_cycles
BIM-07,OD,machine_learning,XGBoost,2026-04-06 15:07:39,0.685,0.7460375428199768,-0.06103754281997675,synthetic_full_cycle,synthetic_growth_cycles
BIM-07,OD,machine_learning,XGBoost,2026-04-07 15:07:19,0.644,0.745988667011261,-0.10198866701126097,synthetic_full_cycle,synthetic_growth_cycles
BIM-07,OD,machine_learning,XGBoost,2026-04-08 14:35:16,0.704,0.6403589248657227,0.0636410751342773,synthetic_full_cycle,synthetic_growth_cycles
BIM-07,OD,machine_learning,XGBoost,2026-04-09 16:22:55,0.724,0.7605946660041809,-0.03659466600418093,synthetic_full_cycle,synthetic_growth_cycles
BIM-07,OD,machine_learning,XGBoost,2026-05-13 15:18:00,0.622,0.7666670680046082,-0.14466706800460816,synthetic_full_cycle,synthetic_growth_cycles
BIM-07,OD,machine_learning,LightGBM,2026-03-26 12:31:08,0.582,0.5363159603979186,0.04568403960208134,synthetic_full_cycle,synthetic_growth_cycles
BIM-07,OD,machine_learning,LightGBM,2026-03-27 13:08:16,0.538,0.6556354175810408,-0.11763541758104079,synthetic_full_cycle,synthetic_growth_cycles
BIM-07,OD,machine_learning,LightGBM,2026-03-30 12:48:26,0.63,0.5666809930568891,0.06331900694311088,synthetic_full_cycle,synthetic_growth_cycles
BIM-07,OD,machine_learning,LightGBM,2026-03-31 14:44:13,0.637,0.7329015862162546,-0.09590158621625455,synthetic_full_cycle,synthetic_growth_cycles
BIM-07,OD,machine_learning,LightGBM,2026-04-01 14:38:14,0.662,0.689655946021424,-0.02765594602142396,synthetic_full_cycle,synthetic_growth_cycles
BIM-07,OD,machine_learning,LightGBM,2026-04-02 13:58:29,0.701,0.7093503998906381,-0.008350399890638127,synthetic_full_cycle,synthetic_growth_cycles
BIM-07,OD,machine_learning,LightGBM,2026-04-06 15:07:39,0.685,0.7460700591940913,-0.06107005919409125,synthetic_full_cycle,synthetic_growth_cycles
BIM-07,OD,machine_learning,LightGBM,2026-04-07 15:07:19,0.644,0.7268483380996822,-0.08284833809968217,synthetic_full_cycle,synthetic_growth_cycles
BIM-07,OD,machine_learning,LightGBM,2026-04-08 14:35:16,0.704,0.675153375307437,0.02884662469256294,synthetic_full_cycle,synthetic_growth_cycles
BIM-07,OD,machine_learning,LightGBM,2026-04-09 16:22:55,0.724,0.7372723479737133,-0.01327234797371335,synthetic_full_cycle,synthetic_growth_cycles
BIM-07,OD,machine_learning,LightGBM,2026-05-13 15:18:00,0.622,0.7736914157363282,-0.15169141573632816,synthetic_full_cycle,synthetic_growth_cycles
BIM-07,OD,machine_learning,CatBoost,2026-03-26 12:31:08,0.582,0.5329309266040909,0.049069073395909046,synthetic_full_cycle,synthetic_growth_cycles
BIM-07,OD,machine_learning,CatBoost,2026-03-27 13:08:16,0.538,0.6603944233548247,-0.12239442335482464,synthetic_full_cycle,synthetic_growth_cycles
BIM-07,OD,machine_learning,CatBoost,2026-03-30 12:48:26,0.63,0.549430597562367,0.080569402437633,synthetic_full_cycle,synthetic_growth_cycles
BIM-07,OD,machine_learning,CatBoost,2026-03-31 14:44:13,0.637,0.7475816535738067,-0.11058165357380667,synthetic_full_cycle,synthetic_growth_cycles
BIM-07,OD,machine_learning,CatBoost,2026-04-01 14:38:14,0.662,0.6841329880323838,-0.022132988032383727,synthetic_full_cycle,synthetic_growth_cycles
BIM-07,OD,machine_learning,CatBoost,2026-04-02 13:58:29,0.701,0.7218657679098142,-0.020865767909814203,synthetic_full_cycle,synthetic_growth_cycles
BIM-07,OD,machine_learning,CatBoost,2026-04-06 15:07:39,0.685,0.7480632518650885,-0.06306325186508843,synthetic_full_cycle,synthetic_growth_cycles
BIM-07,OD,machine_learning,CatBoost,2026-04-07 15:07:19,0.644,0.7130816695722689,-0.06908166957226891,synthetic_full_cycle,synthetic_growth_cycles
BIM-07,OD,machine_learning,CatBoost,2026-04-08 14:35:16,0.704,0.6476878359419025,0.05631216405809747,synthetic_full_cycle,synthetic_growth_cycles
BIM-07,OD,machine_learning,CatBoost,2026-04-09 16:22:55,0.724,0.7457686160064712,-0.021768616006471175,synthetic_full_cycle,synthetic_growth_cycles
BIM-07,OD,machine_learning,CatBoost,2026-05-13 15:18:00,0.622,0.7624928642289824,-0.14049286422898244,synthetic_full_cycle,synthetic_growth_cycles
BIM-07,OD,deep_learning,MLP,2026-03-27 13:08:16,0.538,0.649340236346561,-0.11134023634656098,synthetic_full_cycle,synthetic_growth_cycles
BIM-07,OD,deep_learning,MLP,2026-03-30 12:48:26,0.63,0.5421174054781721,0.0878825945218279,synthetic_full_cycle,synthetic_growth_cycles
BIM-07,OD,deep_learning,MLP,2026-03-31 14:44:13,0.637,0.6929975767282588,-0.05599757672825878,synthetic_full_cycle,synthetic_growth_cycles
BIM-07,OD,deep_learning,MLP,2026-04-01 14:38:14,0.662,0.6920075922392697,-0.03000759223926963,synthetic_full_cycle,synthetic_growth_cycles
BIM-07,OD,deep_learning,MLP,2026-04-02 13:58:29,0.701,0.6933626342251273,0.007637365774872618,synthetic_full_cycle,synthetic_growth_cycles
BIM-07,OD,deep_learning,MLP,2026-04-06 15:07:39,0.685,0.7692708663671375,-0.08427086636713743,synthetic_full_cycle,synthetic_growth_cycles
BIM-07,OD,deep_learning,MLP,2026-04-07 15:07:19,0.644,0.7261160484482387,-0.08211604844823872,synthetic_full_cycle,synthetic_growth_cycles
BIM-07,OD,deep_learning,MLP,2026-04-08 14:35:16,0.704,0.6654007034535061,0.038599296546493855,synthetic_full_cycle,synthetic_growth_cycles
BIM-07,OD,deep_learning,MLP,2026-04-09 16:22:55,0.724,0.7670607784803591,-0.04306077848035916,synthetic_full_cycle,synthetic_growth_cycles
BIM-07,OD,deep_learning,MLP,2026-05-13 15:18:00,0.622,0.767451202652901,-0.145451202652901,synthetic_full_cycle,synthetic_growth_cycles
BIM-09,OD,machine_learning,Linear_Regression,2026-03-31 14:47:22,0.791,0.936541634033943,-0.14554163403394293,synthetic_full_cycle,synthetic_growth_cycles
BIM-09,OD,machine_learning,Linear_Regression,2026-04-01 14:42:36,0.868,0.8142462009220894,0.05375379907791056,synthetic_full_cycle,synthetic_growth_cycles
BIM-09,OD,machine_learning,Linear_Regression,2026-04-02 14:02:36,0.846,0.9129955350716908,-0.06699553507169087,synthetic_full_cycle,synthetic_growth_cycles
BIM-09,OD,machine_learning,Polynomial_Regression,2026-03-31 14:47:22,0.791,0.9458986529790222,-0.15489865297902217,synthetic_full_cycle,synthetic_growth_cycles
BIM-09,OD,machine_learning,Polynomial_Regression,2026-04-01 14:42:36,0.868,0.8433535301134951,0.024646469886504874,synthetic_full_cycle,synthetic_growth_cycles
BIM-09,OD,machine_learning,Polynomial_Regression,2026-04-02 14:02:36,0.846,0.9078822301611573,-0.06188223016115735,synthetic_full_cycle,synthetic_growth_cycles
BIM-09,OD,machine_learning,Ridge,2026-03-31 14:47:22,0.791,0.9326399298223472,-0.1416399298223472,synthetic_full_cycle,synthetic_growth_cycles
BIM-09,OD,machine_learning,Ridge,2026-04-01 14:42:36,0.868,0.8191377286541999,0.04886227134580012,synthetic_full_cycle,synthetic_growth_cycles
BIM-09,OD,machine_learning,Ridge,2026-04-02 14:02:36,0.846,0.9108993842017064,-0.06489938420170638,synthetic_full_cycle,synthetic_growth_cycles
BIM-09,OD,machine_learning,Lasso,2026-03-31 14:47:22,0.791,0.8521561077721619,-0.06115610777216185,synthetic_full_cycle,synthetic_growth_cycles
BIM-09,OD,machine_learning,Lasso,2026-04-01 14:42:36,0.868,0.8373879328124059,0.030612067187594127,synthetic_full_cycle,synthetic_growth_cycles
BIM-09,OD,machine_learning,Lasso,2026-04-02 14:02:36,0.846,0.8896744630226886,-0.043674463022688625,synthetic_full_cycle,synthetic_growth_cycles
BIM-09,OD,machine_learning,Elastic_Net,2026-03-31 14:47:22,0.791,0.8634927283785878,-0.07249272837858778,synthetic_full_cycle,synthetic_growth_cycles
BIM-09,OD,machine_learning,Elastic_Net,2026-04-01 14:42:36,0.868,0.8440426845066938,0.023957315493306153,synthetic_full_cycle,synthetic_growth_cycles
BIM-09,OD,machine_learning,Elastic_Net,2026-04-02 14:02:36,0.846,0.8899502719916973,-0.04395027199169732,synthetic_full_cycle,synthetic_growth_cycles
BIM-09,OD,machine_learning,Decision_Trees,2026-03-31 14:47:22,0.791,0.840027132436049,-0.04902713243604895,synthetic_full_cycle,synthetic_growth_cycles
BIM-09,OD,machine_learning,Decision_Trees,2026-04-01 14:42:36,0.868,0.840027132436049,0.02797286756395101,synthetic_full_cycle,synthetic_growth_cycles
BIM-09,OD,machine_learning,Decision_Trees,2026-04-02 14:02:36,0.846,0.8975511641109808,-0.05155116411098082,synthetic_full_cycle,synthetic_growth_cycles
BIM-09,OD,machine_learning,Random_Forest,2026-03-31 14:47:22,0.791,0.9496471861622185,-0.1586471861622185,synthetic_full_cycle,synthetic_growth_cycles
BIM-09,OD,machine_learning,Random_Forest,2026-04-01 14:42:36,0.868,0.8372590573004408,0.03074094269955918,synthetic_full_cycle,synthetic_growth_cycles
BIM-09,OD,machine_learning,Random_Forest,2026-04-02 14:02:36,0.846,0.8874913714579401,-0.04149137145794013,synthetic_full_cycle,synthetic_growth_cycles
BIM-09,OD,machine_learning,Extra_Trees,2026-03-31 14:47:22,0.791,0.928026163706749,-0.13702616370674892,synthetic_full_cycle,synthetic_growth_cycles
BIM-09,OD,machine_learning,Extra_Trees,2026-04-01 14:42:36,0.868,0.8287683970542206,0.03923160294577943,synthetic_full_cycle,synthetic_growth_cycles
BIM-09,OD,machine_learning,Extra_Trees,2026-04-02 14:02:36,0.846,0.8885977315141972,-0.04259773151419721,synthetic_full_cycle,synthetic_growth_cycles
BIM-09,OD,machine_learning,Gradient_Boosting,2026-03-31 14:47:22,0.791,0.9230013765416567,-0.13200137654165667,synthetic_full_cycle,synthetic_growth_cycles
BIM-09,OD,machine_learning,Gradient_Boosting,2026-04-01 14:42:36,0.868,0.8530110623942831,0.014988937605716846,synthetic_full_cycle,synthetic_growth_cycles
BIM-09,OD,machine_learning,Gradient_Boosting,2026-04-02 14:02:36,0.846,0.8826980713023285,-0.036698071302328494,synthetic_full_cycle,synthetic_growth_cycles
BIM-09,OD,machine_learning,AdaBoost,2026-03-31 14:47:22,0.791,0.8563794005122107,-0.0653794005122107,synthetic_full_cycle,synthetic_growth_cycles
BIM-09,OD,machine_learning,AdaBoost,2026-04-01 14:42:36,0.868,0.8315443518462192,0.03645564815378077,synthetic_full_cycle,synthetic_growth_cycles
BIM-09,OD,machine_learning,AdaBoost,2026-04-02 14:02:36,0.846,0.9072299899440134,-0.06122998994401341,synthetic_full_cycle,synthetic_growth_cycles
BIM-09,OD,machine_learning,SVR,2026-03-31 14:47:22,0.791,0.9311218128374203,-0.1401218128374203,synthetic_full_cycle,synthetic_growth_cycles
BIM-09,OD,machine_learning,SVR,2026-04-01 14:42:36,0.868,0.8423979223876339,0.025602077612366103,synthetic_full_cycle,synthetic_growth_cycles
BIM-09,OD,machine_learning,SVR,2026-04-02 14:02:36,0.846,0.8902717584011135,-0.044271758401113526,synthetic_full_cycle,synthetic_growth_cycles
BIM-09,OD,machine_learning,KNN,2026-03-31 14:47:22,0.791,0.9327103065943914,-0.14171030659439132,synthetic_full_cycle,synthetic_growth_cycles
BIM-09,OD,machine_learning,KNN,2026-04-01 14:42:36,0.868,0.8479988546244571,0.020001145375542873,synthetic_full_cycle,synthetic_growth_cycles
BIM-09,OD,machine_learning,KNN,2026-04-02 14:02:36,0.846,0.9076877520045343,-0.06168775200453436,synthetic_full_cycle,synthetic_growth_cycles
BIM-09,OD,machine_learning,Gaussian_Process_Regression,2026-03-31 14:47:22,0.791,0.929905008156731,-0.138905008156731,synthetic_full_cycle,synthetic_growth_cycles
BIM-09,OD,machine_learning,Gaussian_Process_Regression,2026-04-01 14:42:36,0.868,0.8761544631326139,-0.00815446313261392,synthetic_full_cycle,synthetic_growth_cycles
BIM-09,OD,machine_learning,Gaussian_Process_Regression,2026-04-02 14:02:36,0.846,0.8909717296044508,-0.04497172960445084,synthetic_full_cycle,synthetic_growth_cycles
BIM-09,OD,machine_learning,PLS,2026-03-31 14:47:22,0.791,0.6807095935173486,0.11029040648265143,synthetic_full_cycle,synthetic_growth_cycles
BIM-09,OD,machine_learning,PLS,2026-04-01 14:42:36,0.868,0.7808828481554889,0.08711715184451108,synthetic_full_cycle,synthetic_growth_cycles
BIM-09,OD,machine_learning,PLS,2026-04-02 14:02:36,0.846,0.8690944070030804,-0.02309440700308041,synthetic_full_cycle,synthetic_growth_cycles
BIM-09,OD,machine_learning,PCR,2026-03-31 14:47:22,0.791,0.6756164937467783,0.11538350625322169,synthetic_full_cycle,synthetic_growth_cycles
BIM-09,OD,machine_learning,PCR,2026-04-01 14:42:36,0.868,0.7780480289733211,0.08995197102667885,synthetic_full_cycle,synthetic_growth_cycles
BIM-09,OD,machine_learning,PCR,2026-04-02 14:02:36,0.846,0.8685564801255643,-0.022556480125564327,synthetic_full_cycle,synthetic_growth_cycles
BIM-09,OD,machine_learning,XGBoost,2026-03-31 14:47:22,0.791,0.9297783970832825,-0.13877839708328243,synthetic_full_cycle,synthetic_growth_cycles
BIM-09,OD,machine_learning,XGBoost,2026-04-01 14:42:36,0.868,0.835265040397644,0.03273495960235595,synthetic_full_cycle,synthetic_growth_cycles
BIM-09,OD,machine_learning,XGBoost,2026-04-02 14:02:36,0.846,0.8862689137458801,-0.04026891374588015,synthetic_full_cycle,synthetic_growth_cycles
BIM-09,OD,machine_learning,LightGBM,2026-03-31 14:47:22,0.791,0.9388559926672431,-0.14785599266724303,synthetic_full_cycle,synthetic_growth_cycles
BIM-09,OD,machine_learning,LightGBM,2026-04-01 14:42:36,0.868,0.8420005381156185,0.025999461884381514,synthetic_full_cycle,synthetic_growth_cycles
BIM-09,OD,machine_learning,LightGBM,2026-04-02 14:02:36,0.846,0.8890690073291765,-0.04306900732917651,synthetic_full_cycle,synthetic_growth_cycles
BIM-09,OD,machine_learning,CatBoost,2026-03-31 14:47:22,0.791,0.9204382796692527,-0.1294382796692527,synthetic_full_cycle,synthetic_growth_cycles
BIM-09,OD,machine_learning,CatBoost,2026-04-01 14:42:36,0.868,0.830929638506022,0.03707036149397802,synthetic_full_cycle,synthetic_growth_cycles
BIM-09,OD,machine_learning,CatBoost,2026-04-02 14:02:36,0.846,0.888400026722566,-0.04240002672256604,synthetic_full_cycle,synthetic_growth_cycles
BIM-09,OD,deep_learning,MLP,2026-04-01 14:42:36,0.868,0.8240730737056012,0.04392692629439876,synthetic_full_cycle,synthetic_growth_cycles
BIM-09,OD,deep_learning,MLP,2026-04-02 14:02:36,0.846,0.9084843411429888,-0.06248434114298884,synthetic_full_cycle,synthetic_growth_cycles
BIM-12,OD,machine_learning,Linear_Regression,2026-04-01 14:49:40,0.674,0.5712917627287121,0.10270823727128797,synthetic_full_cycle,synthetic_growth_cycles
BIM-12,OD,machine_learning,Linear_Regression,2026-04-02 14:09:21,0.657,0.7349012798256557,-0.07790127982565564,synthetic_full_cycle,synthetic_growth_cycles
BIM-12,OD,machine_learning,Linear_Regression,2026-04-06 15:22:03,0.667,0.6702681600684673,-0.0032681600684673073,synthetic_full_cycle,synthetic_growth_cycles
BIM-12,OD,machine_learning,Linear_Regression,2026-04-07 15:18:02,0.637,0.6868900656731132,-0.04989006567311316,synthetic_full_cycle,synthetic_growth_cycles
BIM-12,OD,machine_learning,Linear_Regression,2026-04-08 14:40:56,0.669,0.6384334497276781,0.030566550272321913,synthetic_full_cycle,synthetic_growth_cycles
BIM-12,OD,machine_learning,Linear_Regression,2026-04-09 16:39:17,0.652,0.7001632661196674,-0.04816326611966737,synthetic_full_cycle,synthetic_growth_cycles
BIM-12,OD,machine_learning,Linear_Regression,2026-04-10 15:28:16,0.647,0.6613143094033525,-0.014314309403352432,synthetic_full_cycle,synthetic_growth_cycles
BIM-12,OD,machine_learning,Linear_Regression,2026-04-13 15:44:57,0.66,0.6598277329991395,0.00017226700086048208,synthetic_full_cycle,synthetic_growth_cycles
BIM-12,OD,machine_learning,Linear_Regression,2026-04-14 15:16:37,0.66,0.6829250252791764,-0.022925025279176392,synthetic_full_cycle,synthetic_growth_cycles
BIM-12,OD,machine_learning,Linear_Regression,2026-04-15 15:12:47,0.685,0.6769341228087943,0.008065877191205773,synthetic_full_cycle,synthetic_growth_cycles
BIM-12,OD,machine_learning,Linear_Regression,2026-04-16 15:02:28,0.579,0.7133259438363411,-0.1343259438363411,synthetic_full_cycle,synthetic_growth_cycles
BIM-12,OD,machine_learning,Linear_Regression,2026-04-20 21:19:58,0.62,0.5427918678942683,0.07720813210573174,synthetic_full_cycle,synthetic_growth_cycles
BIM-12,OD,machine_learning,Polynomial_Regression,2026-04-01 14:49:40,0.674,0.5899035459386894,0.08409645406131061,synthetic_full_cycle,synthetic_growth_cycles
BIM-12,OD,machine_learning,Polynomial_Regression,2026-04-02 14:09:21,0.657,0.7318131105117569,-0.07481311051175688,synthetic_full_cycle,synthetic_growth_cycles
BIM-12,OD,machine_learning,Polynomial_Regression,2026-04-06 15:22:03,0.667,0.6837797383845186,-0.016779738384518517,synthetic_full_cycle,synthetic_growth_cycles
BIM-12,OD,machine_learning,Polynomial_Regression,2026-04-07 15:18:02,0.637,0.679670167192489,-0.04267016719248895,synthetic_full_cycle,synthetic_growth_cycles
BIM-12,OD,machine_learning,Polynomial_Regression,2026-04-08 14:40:56,0.669,0.6342064499842015,0.034793550015798536,synthetic_full_cycle,synthetic_growth_cycles
BIM-12,OD,machine_learning,Polynomial_Regression,2026-04-09 16:39:17,0.652,0.6928188670746844,-0.040818867074684406,synthetic_full_cycle,synthetic_growth_cycles
BIM-12,OD,machine_learning,Polynomial_Regression,2026-04-10 15:28:16,0.647,0.6627043278238056,-0.015704327823805597,synthetic_full_cycle,synthetic_growth_cycles
BIM-12,OD,machine_learning,Polynomial_Regression,2026-04-13 15:44:57,0.66,0.6510560764418728,0.008943923558127231,synthetic_full_cycle,synthetic_growth_cycles
BIM-12,OD,machine_learning,Polynomial_Regression,2026-04-14 15:16:37,0.66,0.6782313078472118,-0.01823130784721172,synthetic_full_cycle,synthetic_growth_cycles
BIM-12,OD,machine_learning,Polynomial_Regression,2026-04-15 15:12:47,0.685,0.6749546730470031,0.01004532695299698,synthetic_full_cycle,synthetic_growth_cycles
BIM-12,OD,machine_learning,Polynomial_Regression,2026-04-16 15:02:28,0.579,0.710457065723253,-0.131457065723253,synthetic_full_cycle,synthetic_growth_cycles
BIM-12,OD,machine_learning,Polynomial_Regression,2026-04-20 21:19:58,0.62,0.5398617268745438,0.08013827312545618,synthetic_full_cycle,synthetic_growth_cycles
BIM-12,OD,machine_learning,Ridge,2026-04-01 14:49:40,0.674,0.575895632494083,0.098104367505917,synthetic_full_cycle,synthetic_growth_cycles
BIM-12,OD,machine_learning,Ridge,2026-04-02 14:09:21,0.657,0.7312593197454811,-0.07425931974548106,synthetic_full_cycle,synthetic_growth_cycles
BIM-12,OD,machine_learning,Ridge,2026-04-06 15:22:03,0.667,0.6729814042676966,-0.005981404267696555,synthetic_full_cycle,synthetic_growth_cycles
BIM-12,OD,machine_learning,Ridge,2026-04-07 15:18:02,0.637,0.6866395097790626,-0.04963950977906262,synthetic_full_cycle,synthetic_growth_cycles
BIM-12,OD,machine_learning,Ridge,2026-04-08 14:40:56,0.669,0.6398938132912146,0.029106186708785398,synthetic_full_cycle,synthetic_growth_cycles
BIM-12,OD,machine_learning,Ridge,2026-04-09 16:39:17,0.652,0.6990308254279212,-0.04703082542792114,synthetic_full_cycle,synthetic_growth_cycles
BIM-12,OD,machine_learning,Ridge,2026-04-10 15:28:16,0.647,0.6628361496342838,-0.015836149634283814,synthetic_full_cycle,synthetic_growth_cycles
BIM-12,OD,machine_learning,Ridge,2026-04-13 15:44:57,0.66,0.6600260333345627,-2.6033334562636234e-05,synthetic_full_cycle,synthetic_growth_cycles
BIM-12,OD,machine_learning,Ridge,2026-04-14 15:16:37,0.66,0.6828448611235026,-0.02284486112350259,synthetic_full_cycle,synthetic_growth_cycles
BIM-12,OD,machine_learning,Ridge,2026-04-15 15:12:47,0.685,0.6775829739689678,0.007417026031032226,synthetic_full_cycle,synthetic_growth_cycles
BIM-12,OD,machine_learning,Ridge,2026-04-16 15:02:28,0.579,0.7129749265402353,-0.13397492654023535,synthetic_full_cycle,synthetic_growth_cycles
BIM-12,OD,machine_learning,Ridge,2026-04-20 21:19:58,0.62,0.5467668791074255,0.0732331208925745,synthetic_full_cycle,synthetic_growth_cycles
BIM-12,OD,machine_learning,Lasso,2026-04-01 14:49:40,0.674,0.6231496649766571,0.05085033502334291,synthetic_full_cycle,synthetic_growth_cycles
BIM-12,OD,machine_learning,Lasso,2026-04-02 14:09:21,0.657,0.7051018452258742,-0.04810184522587413,synthetic_full_cycle,synthetic_growth_cycles
BIM-12,OD,machine_learning,Lasso,2026-04-06 15:22:03,0.667,0.6960920930132156,-0.02909209301321558,synthetic_full_cycle,synthetic_growth_cycles
BIM-12,OD,machine_learning,Lasso,2026-04-07 15:18:02,0.637,0.6955828783137539,-0.05858287831375386,synthetic_full_cycle,synthetic_growth_cycles
BIM-12,OD,machine_learning,Lasso,2026-04-08 14:40:56,0.669,0.6665409117271776,0.002459088272822485,synthetic_full_cycle,synthetic_growth_cycles
BIM-12,OD,machine_learning,Lasso,2026-04-09 16:39:17,0.652,0.6984902314256625,-0.04649023142566244,synthetic_full_cycle,synthetic_growth_cycles
BIM-12,OD,machine_learning,Lasso,2026-04-10 15:28:16,0.647,0.6844651524600025,-0.03746515246000248,synthetic_full_cycle,synthetic_growth_cycles
BIM-12,OD,machine_learning,Lasso,2026-04-13 15:44:57,0.66,0.6754652878250282,-0.015465287825028207,synthetic_full_cycle,synthetic_growth_cycles
BIM-12,OD,machine_learning,Lasso,2026-04-14 15:16:37,0.66,0.690959825612897,-0.030959825612897007,synthetic_full_cycle,synthetic_growth_cycles
BIM-12,OD,machine_learning,Lasso,2026-04-15 15:12:47,0.685,0.6915568883215877,-0.006556888321587628,synthetic_full_cycle,synthetic_growth_cycles
BIM-12,OD,machine_learning,Lasso,2026-04-16 15:02:28,0.579,0.7158978417757625,-0.13689784177576259,synthetic_full_cycle,synthetic_growth_cycles
BIM-12,OD,machine_learning,Lasso,2026-04-20 21:19:58,0.62,0.6061101798294558,0.013889820170544187,synthetic_full_cycle,synthetic_growth_cycles
BIM-12,OD,machine_learning,Elastic_Net,2026-04-01 14:49:40,0.674,0.6223495492765141,0.05165045072348595,synthetic_full_cycle,synthetic_growth_cycles
BIM-12,OD,machine_learning,Elastic_Net,2026-04-02 14:09:21,0.657,0.703580424877204,-0.04658042487720393,synthetic_full_cycle,synthetic_growth_cycles
BIM-12,OD,machine_learning,Elastic_Net,2026-04-06 15:22:03,0.667,0.6968359770901453,-0.029835977090145294,synthetic_full_cycle,synthetic_growth_cycles
BIM-12,OD,machine_learning,Elastic_Net,2026-04-07 15:18:02,0.637,0.6930296985611288,-0.05602969856112883,synthetic_full_cycle,synthetic_growth_cycles
BIM-12,OD,machine_learning,Elastic_Net,2026-04-08 14:40:56,0.669,0.6635407826449738,0.005459217355026191,synthetic_full_cycle,synthetic_growth_cycles
BIM-12,OD,machine_learning,Elastic_Net,2026-04-09 16:39:17,0.652,0.6962952996439221,-0.04429529964392209,synthetic_full_cycle,synthetic_growth_cycles
BIM-12,OD,machine_learning,Elastic_Net,2026-04-10 15:28:16,0.647,0.682839423875869,-0.035839423875869025,synthetic_full_cycle,synthetic_growth_cycles
BIM-12,OD,machine_learning,Elastic_Net,2026-04-13 15:44:57,0.66,0.6723583805563994,-0.012358380556399373,synthetic_full_cycle,synthetic_growth_cycles
BIM-12,OD,machine_learning,Elastic_Net,2026-04-14 15:16:37,0.66,0.6890306043217387,-0.02903060432173865,synthetic_full_cycle,synthetic_growth_cycles
BIM-12,OD,machine_learning,Elastic_Net,2026-04-15 15:12:47,0.685,0.6898295838432857,-0.00482958384328569,synthetic_full_cycle,synthetic_growth_cycles
BIM-12,OD,machine_learning,Elastic_Net,2026-04-16 15:02:28,0.579,0.714590108995109,-0.13559010899510904,synthetic_full_cycle,synthetic_growth_cycles
BIM-12,OD,machine_learning,Elastic_Net,2026-04-20 21:19:58,0.62,0.6007975321058444,0.019202467894155584,synthetic_full_cycle,synthetic_growth_cycles
BIM-12,OD,machine_learning,Decision_Trees,2026-04-01 14:49:40,0.674,0.6420412900033536,0.031958709996646406,synthetic_full_cycle,synthetic_growth_cycles
BIM-12,OD,machine_learning,Decision_Trees,2026-04-02 14:09:21,0.657,0.7865185396036304,-0.12951853960363036,synthetic_full_cycle,synthetic_growth_cycles
BIM-12,OD,machine_learning,Decision_Trees,2026-04-06 15:22:03,0.667,0.7865185396036304,-0.11951853960363035,synthetic_full_cycle,synthetic_growth_cycles
BIM-12,OD,machine_learning,Decision_Trees,2026-04-07 15:18:02,0.637,0.7865185396036304,-0.14951853960363037,synthetic_full_cycle,synthetic_growth_cycles
BIM-12,OD,machine_learning,Decision_Trees,2026-04-08 14:40:56,0.669,0.6420412900033536,0.0269587099966464,synthetic_full_cycle,synthetic_growth_cycles
BIM-12,OD,machine_learning,Decision_Trees,2026-04-09 16:39:17,0.652,0.7865185396036304,-0.13451853960363036,synthetic_full_cycle,synthetic_growth_cycles
BIM-12,OD,machine_learning,Decision_Trees,2026-04-10 15:28:16,0.647,0.6420412900033536,0.004958709996646382,synthetic_full_cycle,synthetic_growth_cycles
BIM-12,OD,machine_learning,Decision_Trees,2026-04-13 15:44:57,0.66,0.6420412900033536,0.017958709996646394,synthetic_full_cycle,synthetic_growth_cycles
BIM-12,OD,machine_learning,Decision_Trees,2026-04-14 15:16:37,0.66,0.7865185396036304,-0.12651853960363035,synthetic_full_cycle,synthetic_growth_cycles
BIM-12,OD,machine_learning,Decision_Trees,2026-04-15 15:12:47,0.685,0.7865185396036304,-0.10151853960363033,synthetic_full_cycle,synthetic_growth_cycles
BIM-12,OD,machine_learning,Decision_Trees,2026-04-16 15:02:28,0.579,0.7865185396036304,-0.20751853960363043,synthetic_full_cycle,synthetic_growth_cycles
BIM-12,OD,machine_learning,Decision_Trees,2026-04-20 21:19:58,0.62,0.6420412900033536,-0.022041290003353642,synthetic_full_cycle,synthetic_growth_cycles
BIM-12,OD,machine_learning,Random_Forest,2026-04-01 14:49:40,0.674,0.6057490213935806,0.06825097860641949,synthetic_full_cycle,synthetic_growth_cycles
BIM-12,OD,machine_learning,Random_Forest,2026-04-02 14:09:21,0.657,0.7602399305458322,-0.10323993054583214,synthetic_full_cycle,synthetic_growth_cycles
BIM-12,OD,machine_learning,Random_Forest,2026-04-06 15:22:03,0.667,0.7141799662114252,-0.04717996621142517,synthetic_full_cycle,synthetic_growth_cycles
BIM-12,OD,machine_learning,Random_Forest,2026-04-07 15:18:02,0.637,0.6815697107370027,-0.044569710737002666,synthetic_full_cycle,synthetic_growth_cycles
BIM-12,OD,machine_learning,Random_Forest,2026-04-08 14:40:56,0.669,0.6649249435029949,0.004075056497005125,synthetic_full_cycle,synthetic_growth_cycles
BIM-12,OD,machine_learning,Random_Forest,2026-04-09 16:39:17,0.652,0.6934835415067947,-0.041483541506794674,synthetic_full_cycle,synthetic_growth_cycles
BIM-12,OD,machine_learning,Random_Forest,2026-04-10 15:28:16,0.647,0.730182199047167,-0.08318219904716695,synthetic_full_cycle,synthetic_growth_cycles
BIM-12,OD,machine_learning,Random_Forest,2026-04-13 15:44:57,0.66,0.6914476505333007,-0.031447650533300675,synthetic_full_cycle,synthetic_growth_cycles
BIM-12,OD,machine_learning,Random_Forest,2026-04-14 15:16:37,0.66,0.6943968812090727,-0.034396881209072694,synthetic_full_cycle,synthetic_growth_cycles
BIM-12,OD,machine_learning,Random_Forest,2026-04-15 15:12:47,0.685,0.6940403554706251,-0.009040355470625094,synthetic_full_cycle,synthetic_growth_cycles
BIM-12,OD,machine_learning,Random_Forest,2026-04-16 15:02:28,0.579,0.7433954881292073,-0.16439548812920735,synthetic_full_cycle,synthetic_growth_cycles
BIM-12,OD,machine_learning,Random_Forest,2026-04-20 21:19:58,0.62,0.702491521107125,-0.08249152110712499,synthetic_full_cycle,synthetic_growth_cycles
BIM-12,OD,machine_learning,Extra_Trees,2026-04-01 14:49:40,0.674,0.6145400949732379,0.05945990502676213,synthetic_full_cycle,synthetic_growth_cycles
BIM-12,OD,machine_learning,Extra_Trees,2026-04-02 14:09:21,0.657,0.7709444614903153,-0.11394446149031523,synthetic_full_cycle,synthetic_growth_cycles
BIM-12,OD,machine_learning,Extra_Trees,2026-04-06 15:22:03,0.667,0.7191448669741853,-0.0521448669741853,synthetic_full_cycle,synthetic_growth_cycles
BIM-12,OD,machine_learning,Extra_Trees,2026-04-07 15:18:02,0.637,0.6753357427377656,-0.03833574273776563,synthetic_full_cycle,synthetic_growth_cycles
BIM-12,OD,machine_learning,Extra_Trees,2026-04-08 14:40:56,0.669,0.6725419663423824,-0.003541966342382352,synthetic_full_cycle,synthetic_growth_cycles
BIM-12,OD,machine_learning,Extra_Trees,2026-04-09 16:39:17,0.652,0.6892768593055392,-0.037276859305539145,synthetic_full_cycle,synthetic_growth_cycles
BIM-12,OD,machine_learning,Extra_Trees,2026-04-10 15:28:16,0.647,0.738136875151229,-0.09113687515122904,synthetic_full_cycle,synthetic_growth_cycles
BIM-12,OD,machine_learning,Extra_Trees,2026-04-13 15:44:57,0.66,0.6874246048602844,-0.02742460486028442,synthetic_full_cycle,synthetic_growth_cycles
BIM-12,OD,machine_learning,Extra_Trees,2026-04-14 15:16:37,0.66,0.7025288958317694,-0.04252889583176933,synthetic_full_cycle,synthetic_growth_cycles
BIM-12,OD,machine_learning,Extra_Trees,2026-04-15 15:12:47,0.685,0.7063191572376675,-0.02131915723766742,synthetic_full_cycle,synthetic_growth_cycles
BIM-12,OD,machine_learning,Extra_Trees,2026-04-16 15:02:28,0.579,0.737069425954362,-0.15806942595436202,synthetic_full_cycle,synthetic_growth_cycles
BIM-12,OD,machine_learning,Extra_Trees,2026-04-20 21:19:58,0.62,0.66066137208217,-0.04066137208217002,synthetic_full_cycle,synthetic_growth_cycles
BIM-12,OD,machine_learning,Gradient_Boosting,2026-04-01 14:49:40,0.674,0.6102349620825563,0.0637650379174437,synthetic_full_cycle,synthetic_growth_cycles
BIM-12,OD,machine_learning,Gradient_Boosting,2026-04-02 14:09:21,0.657,0.7330016837491817,-0.0760016837491817,synthetic_full_cycle,synthetic_growth_cycles
BIM-12,OD,machine_learning,Gradient_Boosting,2026-04-06 15:22:03,0.667,0.7238246832493515,-0.056824683249351415,synthetic_full_cycle,synthetic_growth_cycles
BIM-12,OD,machine_learning,Gradient_Boosting,2026-04-07 15:18:02,0.637,0.7265601195411971,-0.08956011954119714,synthetic_full_cycle,synthetic_growth_cycles
BIM-12,OD,machine_learning,Gradient_Boosting,2026-04-08 14:40:56,0.669,0.6859246201161524,-0.016924620116152367,synthetic_full_cycle,synthetic_growth_cycles
BIM-12,OD,machine_learning,Gradient_Boosting,2026-04-09 16:39:17,0.652,0.7298866345827336,-0.0778866345827336,synthetic_full_cycle,synthetic_growth_cycles
BIM-12,OD,machine_learning,Gradient_Boosting,2026-04-10 15:28:16,0.647,0.709197349248947,-0.06219734924894693,synthetic_full_cycle,synthetic_growth_cycles
BIM-12,OD,machine_learning,Gradient_Boosting,2026-04-13 15:44:57,0.66,0.6999354266218509,-0.0399354266218509,synthetic_full_cycle,synthetic_growth_cycles
BIM-12,OD,machine_learning,Gradient_Boosting,2026-04-14 15:16:37,0.66,0.7238246832493515,-0.06382468324935142,synthetic_full_cycle,synthetic_growth_cycles
BIM-12,OD,machine_learning,Gradient_Boosting,2026-04-15 15:12:47,0.685,0.7238246832493515,-0.0388246832493514,synthetic_full_cycle,synthetic_growth_cycles
BIM-12,OD,machine_learning,Gradient_Boosting,2026-04-16 15:02:28,0.579,0.7429425867531174,-0.16394258675311746,synthetic_full_cycle,synthetic_growth_cycles
BIM-12,OD,machine_learning,Gradient_Boosting,2026-04-20 21:19:58,0.62,0.6013172709867584,0.01868272901324164,synthetic_full_cycle,synthetic_growth_cycles
BIM-12,OD,machine_learning,AdaBoost,2026-04-01 14:49:40,0.674,0.6940196202533231,-0.020019620253323045,synthetic_full_cycle,synthetic_growth_cycles
BIM-12,OD,machine_learning,AdaBoost,2026-04-02 14:09:21,0.657,0.791169545060701,-0.134169545060701,synthetic_full_cycle,synthetic_growth_cycles
BIM-12,OD,machine_learning,AdaBoost,2026-04-06 15:22:03,0.667,0.792681066584018,-0.125681066584018,synthetic_full_cycle,synthetic_growth_cycles
BIM-12,OD,machine_learning,AdaBoost,2026-04-07 15:18:02,0.637,0.791169545060701,-0.15416954506070102,synthetic_full_cycle,synthetic_growth_cycles
BIM-12,OD,machine_learning,AdaBoost,2026-04-08 14:40:56,0.669,0.729912349751777,-0.06091234975177695,synthetic_full_cycle,synthetic_growth_cycles
BIM-12,OD,machine_learning,AdaBoost,2026-04-09 16:39:17,0.652,0.791169545060701,-0.139169545060701,synthetic_full_cycle,synthetic_growth_cycles
BIM-12,OD,machine_learning,AdaBoost,2026-04-10 15:28:16,0.647,0.7754466055664649,-0.12844660556646492,synthetic_full_cycle,synthetic_growth_cycles
BIM-12,OD,machine_learning,AdaBoost,2026-04-13 15:44:57,0.66,0.7754466055664649,-0.11544660556646491,synthetic_full_cycle,synthetic_growth_cycles
BIM-12,OD,machine_learning,AdaBoost,2026-04-14 15:16:37,0.66,0.791169545060701,-0.131169545060701,synthetic_full_cycle,synthetic_growth_cycles
BIM-12,OD,machine_learning,AdaBoost,2026-04-15 15:12:47,0.685,0.791169545060701,-0.10616954506070098,synthetic_full_cycle,synthetic_growth_cycles
BIM-12,OD,machine_learning,AdaBoost,2026-04-16 15:02:28,0.579,0.791169545060701,-0.21216954506070107,synthetic_full_cycle,synthetic_growth_cycles
BIM-12,OD,machine_learning,AdaBoost,2026-04-20 21:19:58,0.62,0.6940196202533231,-0.07401962025332309,synthetic_full_cycle,synthetic_growth_cycles
BIM-12,OD,machine_learning,SVR,2026-04-01 14:49:40,0.674,0.6268613149807732,0.0471386850192268,synthetic_full_cycle,synthetic_growth_cycles
BIM-12,OD,machine_learning,SVR,2026-04-02 14:09:21,0.657,0.7526897452265734,-0.09568974522657336,synthetic_full_cycle,synthetic_growth_cycles
BIM-12,OD,machine_learning,SVR,2026-04-06 15:22:03,0.667,0.6924837750034931,-0.02548377500349308,synthetic_full_cycle,synthetic_growth_cycles
BIM-12,OD,machine_learning,SVR,2026-04-07 15:18:02,0.637,0.6777514746974036,-0.04075147469740359,synthetic_full_cycle,synthetic_growth_cycles
BIM-12,OD,machine_learning,SVR,2026-04-08 14:40:56,0.669,0.6373934764114747,0.03160652358852534,synthetic_full_cycle,synthetic_growth_cycles
BIM-12,OD,machine_learning,SVR,2026-04-09 16:39:17,0.652,0.6928740882054404,-0.04087408820544036,synthetic_full_cycle,synthetic_growth_cycles
BIM-12,OD,machine_learning,SVR,2026-04-10 15:28:16,0.647,0.6647378460818069,-0.01773784608180684,synthetic_full_cycle,synthetic_growth_cycles
BIM-12,OD,machine_learning,SVR,2026-04-13 15:44:57,0.66,0.6500644570525532,0.009935542947446807,synthetic_full_cycle,synthetic_growth_cycles
BIM-12,OD,machine_learning,SVR,2026-04-14 15:16:37,0.66,0.6764599198744287,-0.01645991987442863,synthetic_full_cycle,synthetic_growth_cycles
BIM-12,OD,machine_learning,SVR,2026-04-15 15:12:47,0.685,0.6737698171992503,0.011230182800749722,synthetic_full_cycle,synthetic_growth_cycles
BIM-12,OD,machine_learning,SVR,2026-04-16 15:02:28,0.579,0.7082478045714734,-0.12924780457147345,synthetic_full_cycle,synthetic_growth_cycles
BIM-12,OD,machine_learning,SVR,2026-04-20 21:19:58,0.62,0.5866811588918831,0.03331884110811689,synthetic_full_cycle,synthetic_growth_cycles
BIM-12,OD,machine_learning,KNN,2026-04-01 14:49:40,0.674,0.6142539759426188,0.059746024057381275,synthetic_full_cycle,synthetic_growth_cycles
BIM-12,OD,machine_learning,KNN,2026-04-02 14:09:21,0.657,0.7537985487490501,-0.09679854874905003,synthetic_full_cycle,synthetic_growth_cycles
BIM-12,OD,machine_learning,KNN,2026-04-06 15:22:03,0.667,0.7252236833811182,-0.05822368338111816,synthetic_full_cycle,synthetic_growth_cycles
BIM-12,OD,machine_learning,KNN,2026-04-07 15:18:02,0.637,0.6915070182657029,-0.05450701826570292,synthetic_full_cycle,synthetic_growth_cycles
BIM-12,OD,machine_learning,KNN,2026-04-08 14:40:56,0.669,0.6775285600785103,-0.008528560078510217,synthetic_full_cycle,synthetic_growth_cycles
BIM-12,OD,machine_learning,KNN,2026-04-09 16:39:17,0.652,0.728698260127957,-0.076698260127957,synthetic_full_cycle,synthetic_growth_cycles
BIM-12,OD,machine_learning,KNN,2026-04-10 15:28:16,0.647,0.718141387101288,-0.07114138710128803,synthetic_full_cycle,synthetic_growth_cycles
BIM-12,OD,machine_learning,KNN,2026-04-13 15:44:57,0.66,0.6644508118834002,-0.00445081188340013,synthetic_full_cycle,synthetic_growth_cycles
BIM-12,OD,machine_learning,KNN,2026-04-14 15:16:37,0.66,0.6895761027042262,-0.02957610270422617,synthetic_full_cycle,synthetic_growth_cycles
BIM-12,OD,machine_learning,KNN,2026-04-15 15:12:47,0.685,0.6991245105208023,-0.014124510520802214,synthetic_full_cycle,synthetic_growth_cycles
BIM-12,OD,machine_learning,KNN,2026-04-16 15:02:28,0.579,0.775262688257795,-0.19626268825779503,synthetic_full_cycle,synthetic_growth_cycles
BIM-12,OD,machine_learning,KNN,2026-04-20 21:19:58,0.62,0.6203142529159039,-0.0003142529159039231,synthetic_full_cycle,synthetic_growth_cycles
BIM-12,OD,machine_learning,Gaussian_Process_Regression,2026-04-01 14:49:40,0.674,0.6448548080796733,0.02914519192032672,synthetic_full_cycle,synthetic_growth_cycles
BIM-12,OD,machine_learning,Gaussian_Process_Regression,2026-04-02 14:09:21,0.657,0.7635978917983943,-0.1065978917983943,synthetic_full_cycle,synthetic_growth_cycles
BIM-12,OD,machine_learning,Gaussian_Process_Regression,2026-04-06 15:22:03,0.667,0.6975957750091417,-0.03059577500914168,synthetic_full_cycle,synthetic_growth_cycles
BIM-12,OD,machine_learning,Gaussian_Process_Regression,2026-04-07 15:18:02,0.637,0.6833478194929339,-0.04634781949293387,synthetic_full_cycle,synthetic_growth_cycles
BIM-12,OD,machine_learning,Gaussian_Process_Regression,2026-04-08 14:40:56,0.669,0.6393514688419265,0.029648531158073532,synthetic_full_cycle,synthetic_growth_cycles
BIM-12,OD,machine_learning,Gaussian_Process_Regression,2026-04-09 16:39:17,0.652,0.7001235156521344,-0.04812351565213435,synthetic_full_cycle,synthetic_growth_cycles
BIM-12,OD,machine_learning,Gaussian_Process_Regression,2026-04-10 15:28:16,0.647,0.6663595805769652,-0.019359580576965185,synthetic_full_cycle,synthetic_growth_cycles
BIM-12,OD,machine_learning,Gaussian_Process_Regression,2026-04-13 15:44:57,0.66,0.6552921755995379,0.004707824400462135,synthetic_full_cycle,synthetic_growth_cycles
BIM-12,OD,machine_learning,Gaussian_Process_Regression,2026-04-14 15:16:37,0.66,0.6817233855662058,-0.02172338556620579,synthetic_full_cycle,synthetic_growth_cycles
BIM-12,OD,machine_learning,Gaussian_Process_Regression,2026-04-15 15:12:47,0.685,0.67754843855826,0.007451561441740084,synthetic_full_cycle,synthetic_growth_cycles
BIM-12,OD,machine_learning,Gaussian_Process_Regression,2026-04-16 15:02:28,0.579,0.7128457178072566,-0.13384571780725663,synthetic_full_cycle,synthetic_growth_cycles
BIM-12,OD,machine_learning,Gaussian_Process_Regression,2026-04-20 21:19:58,0.62,0.582579780346605,0.03742021965339504,synthetic_full_cycle,synthetic_growth_cycles
BIM-12,OD,machine_learning,PLS,2026-04-01 14:49:40,0.674,0.6703409964887714,0.003659003511228609,synthetic_full_cycle,synthetic_growth_cycles
BIM-12,OD,machine_learning,PLS,2026-04-02 14:09:21,0.657,0.7066730898694004,-0.04967308986940033,synthetic_full_cycle,synthetic_growth_cycles
BIM-12,OD,machine_learning,PLS,2026-04-06 15:22:03,0.667,0.7084009308680255,-0.04140093086802543,synthetic_full_cycle,synthetic_growth_cycles
BIM-12,OD,machine_learning,PLS,2026-04-07 15:18:02,0.637,0.7317661353152571,-0.09476613531525713,synthetic_full_cycle,synthetic_growth_cycles
BIM-12,OD,machine_learning,PLS,2026-04-08 14:40:56,0.669,0.7203896766581045,-0.051389676658104455,synthetic_full_cycle,synthetic_growth_cycles
BIM-12,OD,machine_learning,PLS,2026-04-09 16:39:17,0.652,0.7245021427940889,-0.07250214279408884,synthetic_full_cycle,synthetic_growth_cycles
BIM-12,OD,machine_learning,PLS,2026-04-10 15:28:16,0.647,0.7202674738983769,-0.07326747389837684,synthetic_full_cycle,synthetic_growth_cycles
BIM-12,OD,machine_learning,PLS,2026-04-13 15:44:57,0.66,0.7224563206903751,-0.0624563206903751,synthetic_full_cycle,synthetic_growth_cycles
BIM-12,OD,machine_learning,PLS,2026-04-14 15:16:37,0.66,0.7204338628109436,-0.06043386281094354,synthetic_full_cycle,synthetic_growth_cycles
BIM-12,OD,machine_learning,PLS,2026-04-15 15:12:47,0.685,0.722926720846053,-0.037926720846052975,synthetic_full_cycle,synthetic_growth_cycles
BIM-12,OD,machine_learning,PLS,2026-04-16 15:02:28,0.579,0.7345700595225182,-0.15557005952251823,synthetic_full_cycle,synthetic_growth_cycles
BIM-12,OD,machine_learning,PLS,2026-04-20 21:19:58,0.62,0.707938020143889,-0.08793802014388896,synthetic_full_cycle,synthetic_growth_cycles
BIM-12,OD,machine_learning,PCR,2026-04-01 14:49:40,0.674,0.6715598312625358,0.002440168737464221,synthetic_full_cycle,synthetic_growth_cycles
BIM-12,OD,machine_learning,PCR,2026-04-02 14:09:21,0.657,0.7076422819785884,-0.05064228197858833,synthetic_full_cycle,synthetic_growth_cycles
BIM-12,OD,machine_learning,PCR,2026-04-06 15:22:03,0.667,0.7086099651860603,-0.041609965186060305,synthetic_full_cycle,synthetic_growth_cycles
BIM-12,OD,machine_learning,PCR,2026-04-07 15:18:02,0.637,0.7332958139700689,-0.09629581397006892,synthetic_full_cycle,synthetic_growth_cycles
BIM-12,OD,machine_learning,PCR,2026-04-08 14:40:56,0.669,0.7222743689969859,-0.0532743689969859,synthetic_full_cycle,synthetic_growth_cycles
BIM-12,OD,machine_learning,PCR,2026-04-09 16:39:17,0.652,0.7258462521202075,-0.07384625212020746,synthetic_full_cycle,synthetic_growth_cycles
BIM-12,OD,machine_learning,PCR,2026-04-10 15:28:16,0.647,0.721496982774345,-0.07449698277434502,synthetic_full_cycle,synthetic_growth_cycles
BIM-12,OD,machine_learning,PCR,2026-04-13 15:44:57,0.66,0.7243166992019806,-0.06431669920198058,synthetic_full_cycle,synthetic_growth_cycles
BIM-12,OD,machine_learning,PCR,2026-04-14 15:16:37,0.66,0.7217240253929027,-0.06172402539290267,synthetic_full_cycle,synthetic_growth_cycles
BIM-12,OD,machine_learning,PCR,2026-04-15 15:12:47,0.685,0.7241471986308475,-0.03914719863084748,synthetic_full_cycle,synthetic_growth_cycles
BIM-12,OD,machine_learning,PCR,2026-04-16 15:02:28,0.579,0.7354847890940959,-0.1564847890940959,synthetic_full_cycle,synthetic_growth_cycles
BIM-12,OD,machine_learning,PCR,2026-04-20 21:19:58,0.62,0.7111191845447183,-0.09111918454471835,synthetic_full_cycle,synthetic_growth_cycles
BIM-12,OD,machine_learning,XGBoost,2026-04-01 14:49:40,0.674,0.6052199602127075,0.06878003978729252,synthetic_full_cycle,synthetic_growth_cycles
BIM-12,OD,machine_learning,XGBoost,2026-04-02 14:09:21,0.657,0.7813562750816345,-0.1243562750816345,synthetic_full_cycle,synthetic_growth_cycles
BIM-12,OD,machine_learning,XGBoost,2026-04-06 15:22:03,0.667,0.7153415083885193,-0.04834150838851925,synthetic_full_cycle,synthetic_growth_cycles
BIM-12,OD,machine_learning,XGBoost,2026-04-07 15:18:02,0.637,0.6865794062614441,-0.04957940626144408,synthetic_full_cycle,synthetic_growth_cycles
BIM-12,OD,machine_learning,XGBoost,2026-04-08 14:40:56,0.669,0.6583925485610962,0.010607451438903848,synthetic_full_cycle,synthetic_growth_cycles
BIM-12,OD,machine_learning,XGBoost,2026-04-09 16:39:17,0.652,0.7150700688362122,-0.06307006883621213,synthetic_full_cycle,synthetic_growth_cycles
BIM-12,OD,machine_learning,XGBoost,2026-04-10 15:28:16,0.647,0.6995406746864319,-0.052540674686431865,synthetic_full_cycle,synthetic_growth_cycles
BIM-12,OD,machine_learning,XGBoost,2026-04-13 15:44:57,0.66,0.6568803191184998,0.0031196808815002752,synthetic_full_cycle,synthetic_growth_cycles
BIM-12,OD,machine_learning,XGBoost,2026-04-14 15:16:37,0.66,0.7113104462623596,-0.05131044626235959,synthetic_full_cycle,synthetic_growth_cycles
BIM-12,OD,machine_learning,XGBoost,2026-04-15 15:12:47,0.685,0.7004665732383728,-0.01546657323837275,synthetic_full_cycle,synthetic_growth_cycles
BIM-12,OD,machine_learning,XGBoost,2026-04-16 15:02:28,0.579,0.7822783589363098,-0.20327835893630986,synthetic_full_cycle,synthetic_growth_cycles
BIM-12,OD,machine_learning,XGBoost,2026-04-20 21:19:58,0.62,0.6099437475204468,0.010056252479553218,synthetic_full_cycle,synthetic_growth_cycles
BIM-12,OD,machine_learning,LightGBM,2026-04-01 14:49:40,0.674,0.6025059123822128,0.0714940876177872,synthetic_full_cycle,synthetic_growth_cycles
BIM-12,OD,machine_learning,LightGBM,2026-04-02 14:09:21,0.657,0.7442545427118314,-0.08725454271183142,synthetic_full_cycle,synthetic_growth_cycles
BIM-12,OD,machine_learning,LightGBM,2026-04-06 15:22:03,0.667,0.716904845809357,-0.049904845809356946,synthetic_full_cycle,synthetic_growth_cycles
BIM-12,OD,machine_learning,LightGBM,2026-04-07 15:18:02,0.637,0.7021057451865879,-0.06510574518658785,synthetic_full_cycle,synthetic_growth_cycles
BIM-12,OD,machine_learning,LightGBM,2026-04-08 14:40:56,0.669,0.668119962283358,0.0008800377166420237,synthetic_full_cycle,synthetic_growth_cycles
BIM-12,OD,machine_learning,LightGBM,2026-04-09 16:39:17,0.652,0.7101711898839275,-0.05817118988392744,synthetic_full_cycle,synthetic_growth_cycles
BIM-12,OD,machine_learning,LightGBM,2026-04-10 15:28:16,0.647,0.7011861258410447,-0.05418612584104465,synthetic_full_cycle,synthetic_growth_cycles
BIM-12,OD,machine_learning,LightGBM,2026-04-13 15:44:57,0.66,0.6814733248498741,-0.021473324849874076,synthetic_full_cycle,synthetic_growth_cycles
BIM-12,OD,machine_learning,LightGBM,2026-04-14 15:16:37,0.66,0.7047960273225657,-0.04479602732256571,synthetic_full_cycle,synthetic_growth_cycles
BIM-12,OD,machine_learning,LightGBM,2026-04-15 15:12:47,0.685,0.7047960273225657,-0.01979602732256569,synthetic_full_cycle,synthetic_growth_cycles
BIM-12,OD,machine_learning,LightGBM,2026-04-16 15:02:28,0.579,0.72407278523205,-0.14507278523205003,synthetic_full_cycle,synthetic_growth_cycles
BIM-12,OD,machine_learning,LightGBM,2026-04-20 21:19:58,0.62,0.5927930747380479,0.02720692526195212,synthetic_full_cycle,synthetic_growth_cycles
BIM-12,OD,machine_learning,CatBoost,2026-04-01 14:49:40,0.674,0.6096152324347823,0.06438476756521772,synthetic_full_cycle,synthetic_growth_cycles
BIM-12,OD,machine_learning,CatBoost,2026-04-02 14:09:21,0.657,0.7623309349371235,-0.10533093493712342,synthetic_full_cycle,synthetic_growth_cycles
BIM-12,OD,machine_learning,CatBoost,2026-04-06 15:22:03,0.667,0.7209227049342227,-0.05392270493422269,synthetic_full_cycle,synthetic_growth_cycles
BIM-12,OD,machine_learning,CatBoost,2026-04-07 15:18:02,0.637,0.7027546816836562,-0.06575468168365617,synthetic_full_cycle,synthetic_growth_cycles
BIM-12,OD,machine_learning,CatBoost,2026-04-08 14:40:56,0.669,0.6592263137409464,0.009773686259053616,synthetic_full_cycle,synthetic_growth_cycles
BIM-12,OD,machine_learning,CatBoost,2026-04-09 16:39:17,0.652,0.7293772682532308,-0.07737726825323077,synthetic_full_cycle,synthetic_growth_cycles
BIM-12,OD,machine_learning,CatBoost,2026-04-10 15:28:16,0.647,0.7018044307276813,-0.054804430727681264,synthetic_full_cycle,synthetic_growth_cycles
BIM-12,OD,machine_learning,CatBoost,2026-04-13 15:44:57,0.66,0.6892178800949174,-0.029217880094917326,synthetic_full_cycle,synthetic_growth_cycles
BIM-12,OD,machine_learning,CatBoost,2026-04-14 15:16:37,0.66,0.7018234699365559,-0.041823469936555835,synthetic_full_cycle,synthetic_growth_cycles
BIM-12,OD,machine_learning,CatBoost,2026-04-15 15:12:47,0.685,0.6956694172518265,-0.010669417251826463,synthetic_full_cycle,synthetic_growth_cycles
BIM-12,OD,machine_learning,CatBoost,2026-04-16 15:02:28,0.579,0.7197611280742964,-0.14076112807429642,synthetic_full_cycle,synthetic_growth_cycles
BIM-12,OD,machine_learning,CatBoost,2026-04-20 21:19:58,0.62,0.579861808061864,0.04013819193813595,synthetic_full_cycle,synthetic_growth_cycles
BIM-12,OD,deep_learning,MLP,2026-04-02 14:09:21,0.657,0.7156748995593276,-0.05867489955932759,synthetic_full_cycle,synthetic_growth_cycles
BIM-12,OD,deep_learning,MLP,2026-04-06 15:22:03,0.667,0.7028289567217509,-0.035828956721750904,synthetic_full_cycle,synthetic_growth_cycles
BIM-12,OD,deep_learning,MLP,2026-04-07 15:18:02,0.637,0.6950622034016216,-0.058062203401621604,synthetic_full_cycle,synthetic_growth_cycles
BIM-12,OD,deep_learning,MLP,2026-04-08 14:40:56,0.669,0.6725286291506916,-0.00352862915069152,synthetic_full_cycle,synthetic_growth_cycles
BIM-12,OD,deep_learning,MLP,2026-04-09 16:39:17,0.652,0.7343340478129166,-0.08233404781291653,synthetic_full_cycle,synthetic_growth_cycles
BIM-12,OD,deep_learning,MLP,2026-04-10 15:28:16,0.647,0.6962846426842557,-0.0492846426842557,synthetic_full_cycle,synthetic_growth_cycles
BIM-12,OD,deep_learning,MLP,2026-04-13 15:44:57,0.66,0.6953105626922431,-0.035310562692243086,synthetic_full_cycle,synthetic_growth_cycles
BIM-12,OD,deep_learning,MLP,2026-04-14 15:16:37,0.66,0.7203502260088392,-0.060350226008839214,synthetic_full_cycle,synthetic_growth_cycles
BIM-12,OD,deep_learning,MLP,2026-04-15 15:12:47,0.685,0.7131032512918785,-0.028103251291878406,synthetic_full_cycle,synthetic_growth_cycles
BIM-12,OD,deep_learning,MLP,2026-04-16 15:02:28,0.579,0.7411865445211772,-0.1621865445211772,synthetic_full_cycle,synthetic_growth_cycles
BIM-12,OD,deep_learning,MLP,2026-04-20 21:19:58,0.62,0.5697955247388653,0.050204475261134696,synthetic_full_cycle,synthetic_growth_cycles
BIM-13,OD,machine_learning,Linear_Regression,2026-03-26 12:49:00,0.487,0.5714730028898398,-0.08447300288983983,synthetic_full_cycle,synthetic_growth_cycles
BIM-13,OD,machine_learning,Linear_Regression,2026-03-27 13:20:00,0.544,0.49595404552665423,0.04804595447334581,synthetic_full_cycle,synthetic_growth_cycles
BIM-13,OD,machine_learning,Linear_Regression,2026-03-30 13:02:00,0.446,0.5972063726472937,-0.1512063726472937,synthetic_full_cycle,synthetic_growth_cycles
BIM-13,OD,machine_learning,Linear_Regression,2026-03-31 14:51:00,0.539,0.42567086828507344,0.11332913171492659,synthetic_full_cycle,synthetic_growth_cycles
BIM-13,OD,machine_learning,Linear_Regression,2026-04-01 14:51:00,0.597,0.6083252131350912,-0.011325213135091272,synthetic_full_cycle,synthetic_growth_cycles
BIM-13,OD,machine_learning,Linear_Regression,2026-04-02 14:12:00,0.621,0.6566209390393235,-0.03562093903932351,synthetic_full_cycle,synthetic_growth_cycles
BIM-13,OD,machine_learning,Linear_Regression,2026-04-06 15:24:00,0.739,0.6573440944794423,0.08165590552055768,synthetic_full_cycle,synthetic_growth_cycles
BIM-13,OD,machine_learning,Linear_Regression,2026-04-07 15:20:00,0.734,0.8176260560197521,-0.08362605601975215,synthetic_full_cycle,synthetic_growth_cycles
BIM-13,OD,machine_learning,Linear_Regression,2026-04-08 14:42:00,0.845,0.7507293045370235,0.0942706954629765,synthetic_full_cycle,synthetic_growth_cycles
BIM-13,OD,machine_learning,Linear_Regression,2026-04-09 16:39:00,0.5,0.9103656533022983,-0.41036565330229835,synthetic_full_cycle,synthetic_growth_cycles
BIM-13,OD,machine_learning,Linear_Regression,2026-04-10 15:30:00,0.534,0.3412042902846571,0.19279570971534293,synthetic_full_cycle,synthetic_growth_cycles
BIM-13,OD,machine_learning,Linear_Regression,2026-04-13 15:47:00,0.651,0.552552229397533,0.09844777060246701,synthetic_full_cycle,synthetic_growth_cycles
BIM-13,OD,machine_learning,Linear_Regression,2026-04-14 15:19:00,0.651,0.7357848409492829,-0.08478484094928285,synthetic_full_cycle,synthetic_growth_cycles
BIM-13,OD,machine_learning,Linear_Regression,2026-04-15 15:14:00,0.73,0.676116675004792,0.05388332499520798,synthetic_full_cycle,synthetic_growth_cycles
BIM-13,OD,machine_learning,Linear_Regression,2026-04-16 15:04:50,0.676,0.7855889646601545,-0.10958896466015444,synthetic_full_cycle,synthetic_growth_cycles
BIM-13,OD,machine_learning,Linear_Regression,2026-04-20 21:20:08,0.674,0.6663210094881687,0.007678990511831296,synthetic_full_cycle,synthetic_growth_cycles
BIM-13,OD,machine_learning,Linear_Regression,2026-04-27 16:30:31,0.577,0.6839809065113301,-0.10698090651133019,synthetic_full_cycle,synthetic_growth_cycles
BIM-13,OD,machine_learning,Linear_Regression,2026-04-28 15:27:06,0.607,0.5440174228625005,0.06298257713749944,synthetic_full_cycle,synthetic_growth_cycles
BIM-13,OD,machine_learning,Linear_Regression,2026-04-29 15:33:16,0.605,0.6363854336374132,-0.031385433637413196,synthetic_full_cycle,synthetic_growth_cycles
BIM-13,OD,machine_learning,Linear_Regression,2026-05-13 15:21:00,0.414,0.6257935807665043,-0.21179358076650429,synthetic_full_cycle,synthetic_growth_cycles
BIM-13,OD,machine_learning,Polynomial_Regression,2026-03-26 12:49:00,0.487,0.5880485822175058,-0.10104858221750579,synthetic_full_cycle,synthetic_growth_cycles
BIM-13,OD,machine_learning,Polynomial_Regression,2026-03-27 13:20:00,0.544,0.49073736654500844,0.053262633454991604,synthetic_full_cycle,synthetic_growth_cycles
BIM-13,OD,machine_learning,Polynomial_Regression,2026-03-30 13:02:00,0.446,0.5946338861691907,-0.14863388616919065,synthetic_full_cycle,synthetic_growth_cycles
BIM-13,OD,machine_learning,Polynomial_Regression,2026-03-31 14:51:00,0.539,0.42341588876286695,0.11558411123713308,synthetic_full_cycle,synthetic_growth_cycles
BIM-13,OD,machine_learning,Polynomial_Regression,2026-04-01 14:51:00,0.597,0.6065733929238144,-0.009573392923814428,synthetic_full_cycle,synthetic_growth_cycles
BIM-13,OD,machine_learning,Polynomial_Regression,2026-04-02 14:12:00,0.621,0.6721200190178016,-0.05112001901780161,synthetic_full_cycle,synthetic_growth_cycles
BIM-13,OD,machine_learning,Polynomial_Regression,2026-04-06 15:24:00,0.739,0.6649098053501062,0.07409019464989375,synthetic_full_cycle,synthetic_growth_cycles
BIM-13,OD,machine_learning,Polynomial_Regression,2026-04-07 15:20:00,0.734,0.8239770099969448,-0.0899770099969448,synthetic_full_cycle,synthetic_growth_cycles
BIM-13,OD,machine_learning,Polynomial_Regression,2026-04-08 14:42:00,0.845,0.767642231452371,0.07735776854762899,synthetic_full_cycle,synthetic_growth_cycles
BIM-13,OD,machine_learning,Polynomial_Regression,2026-04-09 16:39:00,0.5,0.907419298095625,-0.40741929809562505,synthetic_full_cycle,synthetic_growth_cycles
BIM-13,OD,machine_learning,Polynomial_Regression,2026-04-10 15:30:00,0.534,0.41296611861260013,0.1210338813873999,synthetic_full_cycle,synthetic_growth_cycles
BIM-13,OD,machine_learning,Polynomial_Regression,2026-04-13 15:47:00,0.651,0.4654807708783535,0.18551922912164653,synthetic_full_cycle,synthetic_growth_cycles
BIM-13,OD,machine_learning,Polynomial_Regression,2026-04-14 15:19:00,0.651,0.7492637540046911,-0.09826375400469112,synthetic_full_cycle,synthetic_growth_cycles
BIM-13,OD,machine_learning,Polynomial_Regression,2026-04-15 15:14:00,0.73,0.693312660029528,0.03668733997047202,synthetic_full_cycle,synthetic_growth_cycles
BIM-13,OD,machine_learning,Polynomial_Regression,2026-04-16 15:04:50,0.676,0.7863838362302066,-0.11038383623020653,synthetic_full_cycle,synthetic_growth_cycles
BIM-13,OD,machine_learning,Polynomial_Regression,2026-04-20 21:20:08,0.674,0.6806563854715193,-0.006656385471519255,synthetic_full_cycle,synthetic_growth_cycles
BIM-13,OD,machine_learning,Polynomial_Regression,2026-04-27 16:30:31,0.577,0.6680062640110076,-0.09100626401100764,synthetic_full_cycle,synthetic_growth_cycles
BIM-13,OD,machine_learning,Polynomial_Regression,2026-04-28 15:27:06,0.607,0.5318242755214584,0.0751757244785416,synthetic_full_cycle,synthetic_growth_cycles
BIM-13,OD,machine_learning,Polynomial_Regression,2026-04-29 15:33:16,0.605,0.6152343688877907,-0.010234368887790724,synthetic_full_cycle,synthetic_growth_cycles
BIM-13,OD,machine_learning,Polynomial_Regression,2026-05-13 15:21:00,0.414,0.6266843206528037,-0.21268432065280368,synthetic_full_cycle,synthetic_growth_cycles
BIM-13,OD,machine_learning,Ridge,2026-03-26 12:49:00,0.487,0.5732761157903011,-0.08627611579030114,synthetic_full_cycle,synthetic_growth_cycles
BIM-13,OD,machine_learning,Ridge,2026-03-27 13:20:00,0.544,0.49817817127519437,0.04582182872480567,synthetic_full_cycle,synthetic_growth_cycles
BIM-13,OD,machine_learning,Ridge,2026-03-30 13:02:00,0.446,0.5954187078142182,-0.14941870781421823,synthetic_full_cycle,synthetic_growth_cycles
BIM-13,OD,machine_learning,Ridge,2026-03-31 14:51:00,0.539,0.43027002689797356,0.10872997310202648,synthetic_full_cycle,synthetic_growth_cycles
BIM-13,OD,machine_learning,Ridge,2026-04-01 14:51:00,0.597,0.604299524599584,-0.007299524599584051,synthetic_full_cycle,synthetic_growth_cycles
BIM-13,OD,machine_learning,Ridge,2026-04-02 14:12:00,0.621,0.6573681185503294,-0.0363681185503294,synthetic_full_cycle,synthetic_growth_cycles
BIM-13,OD,machine_learning,Ridge,2026-04-06 15:24:00,0.739,0.6582945615622898,0.08070543843771016,synthetic_full_cycle,synthetic_growth_cycles
BIM-13,OD,machine_learning,Ridge,2026-04-07 15:20:00,0.734,0.8150837295330872,-0.08108372953308718,synthetic_full_cycle,synthetic_growth_cycles
BIM-13,OD,machine_learning,Ridge,2026-04-08 14:42:00,0.845,0.7535415033942298,0.09145849660577021,synthetic_full_cycle,synthetic_growth_cycles
BIM-13,OD,machine_learning,Ridge,2026-04-09 16:39:00,0.5,0.9072722841795341,-0.4072722841795341,synthetic_full_cycle,synthetic_growth_cycles
BIM-13,OD,machine_learning,Ridge,2026-04-10 15:30:00,0.534,0.3537226496795485,0.18027735032045156,synthetic_full_cycle,synthetic_growth_cycles
BIM-13,OD,machine_learning,Ridge,2026-04-13 15:47:00,0.651,0.5451638335544167,0.10583616644558336,synthetic_full_cycle,synthetic_growth_cycles
BIM-13,OD,machine_learning,Ridge,2026-04-14 15:19:00,0.651,0.7336043176446341,-0.08260431764463405,synthetic_full_cycle,synthetic_growth_cycles
BIM-13,OD,machine_learning,Ridge,2026-04-15 15:14:00,0.73,0.6788920787850297,0.05110792121497032,synthetic_full_cycle,synthetic_growth_cycles
BIM-13,OD,machine_learning,Ridge,2026-04-16 15:04:50,0.676,0.7836621562612384,-0.10766215626123832,synthetic_full_cycle,synthetic_growth_cycles
BIM-13,OD,machine_learning,Ridge,2026-04-20 21:20:08,0.674,0.669796137209821,0.004203862790179036,synthetic_full_cycle,synthetic_growth_cycles
BIM-13,OD,machine_learning,Ridge,2026-04-27 16:30:31,0.577,0.6833034761627865,-0.10630347616278657,synthetic_full_cycle,synthetic_growth_cycles
BIM-13,OD,machine_learning,Ridge,2026-04-28 15:27:06,0.607,0.5471952920966094,0.05980470790339054,synthetic_full_cycle,synthetic_growth_cycles
BIM-13,OD,machine_learning,Ridge,2026-04-29 15:33:16,0.605,0.6340395610877033,-0.029039561087703336,synthetic_full_cycle,synthetic_growth_cycles
BIM-13,OD,machine_learning,Ridge,2026-05-13 15:21:00,0.414,0.6269254123972532,-0.2129254123972532,synthetic_full_cycle,synthetic_growth_cycles
BIM-13,OD,machine_learning,Lasso,2026-03-26 12:49:00,0.487,0.580192144388475,-0.093192144388475,synthetic_full_cycle,synthetic_growth_cycles
BIM-13,OD,machine_learning,Lasso,2026-03-27 13:20:00,0.544,0.5302870194246561,0.01371298057534398,synthetic_full_cycle,synthetic_growth_cycles
BIM-13,OD,machine_learning,Lasso,2026-03-30 13:02:00,0.446,0.586099642410363,-0.14009964241036305,synthetic_full_cycle,synthetic_growth_cycles
BIM-13,OD,machine_learning,Lasso,2026-03-31 14:51:00,0.539,0.48901610578733384,0.04998389421266619,synthetic_full_cycle,synthetic_growth_cycles
BIM-13,OD,machine_learning,Lasso,2026-04-01 14:51:00,0.597,0.5785327282762464,0.01846727172375362,synthetic_full_cycle,synthetic_growth_cycles
BIM-13,OD,machine_learning,Lasso,2026-04-02 14:12:00,0.621,0.6503076516390905,-0.02930765163909055,synthetic_full_cycle,synthetic_growth_cycles
BIM-13,OD,machine_learning,Lasso,2026-04-06 15:24:00,0.739,0.664059869094344,0.07494013090565599,synthetic_full_cycle,synthetic_growth_cycles
BIM-13,OD,machine_learning,Lasso,2026-04-07 15:20:00,0.734,0.7793503955382889,-0.0453503955382889,synthetic_full_cycle,synthetic_growth_cycles
BIM-13,OD,machine_learning,Lasso,2026-04-08 14:42:00,0.845,0.7713058312372195,0.07369416876278045,synthetic_full_cycle,synthetic_growth_cycles
BIM-13,OD,machine_learning,Lasso,2026-04-09 16:39:00,0.5,0.8721814765577809,-0.3721814765577809,synthetic_full_cycle,synthetic_growth_cycles
BIM-13,OD,machine_learning,Lasso,2026-04-10 15:30:00,0.534,0.5154507716110396,0.018549228388960448,synthetic_full_cycle,synthetic_growth_cycles
BIM-13,OD,machine_learning,Lasso,2026-04-13 15:47:00,0.651,0.5374108899137149,0.11358911008628514,synthetic_full_cycle,synthetic_growth_cycles
BIM-13,OD,machine_learning,Lasso,2026-04-14 15:19:00,0.651,0.6997889380182556,-0.04878893801825557,synthetic_full_cycle,synthetic_growth_cycles
BIM-13,OD,machine_learning,Lasso,2026-04-15 15:14:00,0.73,0.6957289115991592,0.03427108840084081,synthetic_full_cycle,synthetic_growth_cycles
BIM-13,OD,machine_learning,Lasso,2026-04-16 15:04:50,0.676,0.7635805243455924,-0.08758052434559238,synthetic_full_cycle,synthetic_growth_cycles
BIM-13,OD,machine_learning,Lasso,2026-04-20 21:20:08,0.674,0.7076509607125684,-0.033650960712568345,synthetic_full_cycle,synthetic_growth_cycles
BIM-13,OD,machine_learning,Lasso,2026-04-27 16:30:31,0.577,0.6961459045955144,-0.11914590459551444,synthetic_full_cycle,synthetic_growth_cycles
BIM-13,OD,machine_learning,Lasso,2026-04-28 15:27:06,0.607,0.602128113841904,0.004871886158095973,synthetic_full_cycle,synthetic_growth_cycles
BIM-13,OD,machine_learning,Lasso,2026-04-29 15:33:16,0.605,0.6334389187215048,-0.028438918721504836,synthetic_full_cycle,synthetic_growth_cycles
BIM-13,OD,machine_learning,Lasso,2026-05-13 15:21:00,0.414,0.6429504699503619,-0.2289504699503619,synthetic_full_cycle,synthetic_growth_cycles
BIM-13,OD,machine_learning,Elastic_Net,2026-03-26 12:49:00,0.487,0.5833011490290265,-0.09630114902902653,synthetic_full_cycle,synthetic_growth_cycles
BIM-13,OD,machine_learning,Elastic_Net,2026-03-27 13:20:00,0.544,0.5280808958874044,0.015919104112595672,synthetic_full_cycle,synthetic_growth_cycles
BIM-13,OD,machine_learning,Elastic_Net,2026-03-30 13:02:00,0.446,0.5849567544209383,-0.1389567544209383,synthetic_full_cycle,synthetic_growth_cycles
BIM-13,OD,machine_learning,Elastic_Net,2026-03-31 14:51:00,0.539,0.4856647450016318,0.05333525499836822,synthetic_full_cycle,synthetic_growth_cycles
BIM-13,OD,machine_learning,Elastic_Net,2026-04-01 14:51:00,0.597,0.5763932619531813,0.020606738046818673,synthetic_full_cycle,synthetic_growth_cycles
BIM-13,OD,machine_learning,Elastic_Net,2026-04-02 14:12:00,0.621,0.654317123401703,-0.03331712340170301,synthetic_full_cycle,synthetic_growth_cycles
BIM-13,OD,machine_learning,Elastic_Net,2026-04-06 15:24:00,0.739,0.6652204613324612,0.07377953866753884,synthetic_full_cycle,synthetic_growth_cycles
BIM-13,OD,machine_learning,Elastic_Net,2026-04-07 15:20:00,0.734,0.7826270542875468,-0.04862705428754677,synthetic_full_cycle,synthetic_growth_cycles
BIM-13,OD,machine_learning,Elastic_Net,2026-04-08 14:42:00,0.845,0.7734243782025522,0.07157562179744781,synthetic_full_cycle,synthetic_growth_cycles
BIM-13,OD,machine_learning,Elastic_Net,2026-04-09 16:39:00,0.5,0.8737286127648773,-0.37372861276487734,synthetic_full_cycle,synthetic_growth_cycles
BIM-13,OD,machine_learning,Elastic_Net,2026-04-10 15:30:00,0.534,0.5041649599581579,0.02983504004184212,synthetic_full_cycle,synthetic_growth_cycles
BIM-13,OD,machine_learning,Elastic_Net,2026-04-13 15:47:00,0.651,0.5229271203744852,0.12807287962551483,synthetic_full_cycle,synthetic_growth_cycles
BIM-13,OD,machine_learning,Elastic_Net,2026-04-14 15:19:00,0.651,0.703657947889942,-0.052657947889941936,synthetic_full_cycle,synthetic_growth_cycles
BIM-13,OD,machine_learning,Elastic_Net,2026-04-15 15:14:00,0.73,0.6982248871434227,0.0317751128565773,synthetic_full_cycle,synthetic_growth_cycles
BIM-13,OD,machine_learning,Elastic_Net,2026-04-16 15:04:50,0.676,0.7643364415680152,-0.08833644156801512,synthetic_full_cycle,synthetic_growth_cycles
BIM-13,OD,machine_learning,Elastic_Net,2026-04-20 21:20:08,0.674,0.7063666382470691,-0.03236663824706909,synthetic_full_cycle,synthetic_growth_cycles
BIM-13,OD,machine_learning,Elastic_Net,2026-04-27 16:30:31,0.577,0.6915957320539995,-0.11459573205399953,synthetic_full_cycle,synthetic_growth_cycles
BIM-13,OD,machine_learning,Elastic_Net,2026-04-28 15:27:06,0.607,0.5960937678842665,0.010906232115733494,synthetic_full_cycle,synthetic_growth_cycles
BIM-13,OD,machine_learning,Elastic_Net,2026-04-29 15:33:16,0.605,0.6286188059822997,-0.023618805982299707,synthetic_full_cycle,synthetic_growth_cycles
BIM-13,OD,machine_learning,Elastic_Net,2026-05-13 15:21:00,0.414,0.6419719789476832,-0.22797197894768323,synthetic_full_cycle,synthetic_growth_cycles
BIM-13,OD,machine_learning,Decision_Trees,2026-03-26 12:49:00,0.487,0.6212661213278564,-0.13426612132785642,synthetic_full_cycle,synthetic_growth_cycles
BIM-13,OD,machine_learning,Decision_Trees,2026-03-27 13:20:00,0.544,0.5457237676475901,-0.0017237676475900798,synthetic_full_cycle,synthetic_growth_cycles
BIM-13,OD,machine_learning,Decision_Trees,2026-03-30 13:02:00,0.446,0.5457237676475901,-0.09972376764759011,synthetic_full_cycle,synthetic_growth_cycles
BIM-13,OD,machine_learning,Decision_Trees,2026-03-31 14:51:00,0.539,0.4884450066857326,0.05055499331426744,synthetic_full_cycle,synthetic_growth_cycles
BIM-13,OD,machine_learning,Decision_Trees,2026-04-01 14:51:00,0.597,0.5457237676475901,0.051276232352409856,synthetic_full_cycle,synthetic_growth_cycles
BIM-13,OD,machine_learning,Decision_Trees,2026-04-02 14:12:00,0.621,0.7183244177547671,-0.09732441775476708,synthetic_full_cycle,synthetic_growth_cycles
BIM-13,OD,machine_learning,Decision_Trees,2026-04-06 15:24:00,0.739,0.6420412900033536,0.09695870999664635,synthetic_full_cycle,synthetic_growth_cycles
BIM-13,OD,machine_learning,Decision_Trees,2026-04-07 15:20:00,0.734,0.7865185396036304,-0.0525185396036304,synthetic_full_cycle,synthetic_growth_cycles
BIM-13,OD,machine_learning,Decision_Trees,2026-04-08 14:42:00,0.845,0.7865185396036304,0.05848146039636959,synthetic_full_cycle,synthetic_growth_cycles
BIM-13,OD,machine_learning,Decision_Trees,2026-04-09 16:39:00,0.5,0.840027132436049,-0.340027132436049,synthetic_full_cycle,synthetic_growth_cycles
BIM-13,OD,machine_learning,Decision_Trees,2026-04-10 15:30:00,0.534,0.5457237676475901,-0.011723767647590089,synthetic_full_cycle,synthetic_growth_cycles
BIM-13,OD,machine_learning,Decision_Trees,2026-04-13 15:47:00,0.651,0.5457237676475901,0.1052762323524099,synthetic_full_cycle,synthetic_growth_cycles
BIM-13,OD,machine_learning,Decision_Trees,2026-04-14 15:19:00,0.651,0.7183244177547671,-0.06732441775476705,synthetic_full_cycle,synthetic_growth_cycles
BIM-13,OD,machine_learning,Decision_Trees,2026-04-15 15:14:00,0.73,0.6420412900033536,0.08795870999664634,synthetic_full_cycle,synthetic_growth_cycles
BIM-13,OD,machine_learning,Decision_Trees,2026-04-16 15:04:50,0.676,0.7865185396036304,-0.11051853960363034,synthetic_full_cycle,synthetic_growth_cycles
BIM-13,OD,machine_learning,Decision_Trees,2026-04-20 21:20:08,0.674,0.7865185396036304,-0.11251853960363034,synthetic_full_cycle,synthetic_growth_cycles
BIM-13,OD,machine_learning,Decision_Trees,2026-04-27 16:30:31,0.577,0.7865185396036304,-0.20951853960363043,synthetic_full_cycle,synthetic_growth_cycles
BIM-13,OD,machine_learning,Decision_Trees,2026-04-28 15:27:06,0.607,0.6420412900033536,-0.03504129000335365,synthetic_full_cycle,synthetic_growth_cycles
BIM-13,OD,machine_learning,Decision_Trees,2026-04-29 15:33:16,0.605,0.6420412900033536,-0.037041290003353655,synthetic_full_cycle,synthetic_growth_cycles
BIM-13,OD,machine_learning,Decision_Trees,2026-05-13 15:21:00,0.414,0.6420412900033536,-0.22804129000335366,synthetic_full_cycle,synthetic_growth_cycles
BIM-13,OD,machine_learning,Random_Forest,2026-03-26 12:49:00,0.487,0.5905823336163007,-0.10358233361630076,synthetic_full_cycle,synthetic_growth_cycles
BIM-13,OD,machine_learning,Random_Forest,2026-03-27 13:20:00,0.544,0.5255383775425152,0.01846162245748484,synthetic_full_cycle,synthetic_growth_cycles
BIM-13,OD,machine_learning,Random_Forest,2026-03-30 13:02:00,0.446,0.6000438407231404,-0.15404384072314042,synthetic_full_cycle,synthetic_growth_cycles
BIM-13,OD,machine_learning,Random_Forest,2026-03-31 14:51:00,0.539,0.4702278636944201,0.06877213630557993,synthetic_full_cycle,synthetic_growth_cycles
BIM-13,OD,machine_learning,Random_Forest,2026-04-01 14:51:00,0.597,0.5599904994775232,0.03700950052247676,synthetic_full_cycle,synthetic_growth_cycles
BIM-13,OD,machine_learning,Random_Forest,2026-04-02 14:12:00,0.621,0.7086324801529357,-0.08763248015293568,synthetic_full_cycle,synthetic_growth_cycles
BIM-13,OD,machine_learning,Random_Forest,2026-04-06 15:24:00,0.739,0.6740000189284866,0.06499998107151339,synthetic_full_cycle,synthetic_growth_cycles
BIM-13,OD,machine_learning,Random_Forest,2026-04-07 15:20:00,0.734,0.8271418816569718,-0.09314188165697179,synthetic_full_cycle,synthetic_growth_cycles
BIM-13,OD,machine_learning,Random_Forest,2026-04-08 14:42:00,0.845,0.7873547934286914,0.05764520657130856,synthetic_full_cycle,synthetic_growth_cycles
BIM-13,OD,machine_learning,Random_Forest,2026-04-09 16:39:00,0.5,0.8619619566890733,-0.36196195668907327,synthetic_full_cycle,synthetic_growth_cycles
BIM-13,OD,machine_learning,Random_Forest,2026-04-10 15:30:00,0.534,0.4985029964635592,0.03549700353644081,synthetic_full_cycle,synthetic_growth_cycles
BIM-13,OD,machine_learning,Random_Forest,2026-04-13 15:47:00,0.651,0.5832542163904102,0.06774578360958983,synthetic_full_cycle,synthetic_growth_cycles
BIM-13,OD,machine_learning,Random_Forest,2026-04-14 15:19:00,0.651,0.7508532736381048,-0.09985327363810481,synthetic_full_cycle,synthetic_growth_cycles
BIM-13,OD,machine_learning,Random_Forest,2026-04-15 15:14:00,0.73,0.7095715661218911,0.020428433878108887,synthetic_full_cycle,synthetic_growth_cycles
BIM-13,OD,machine_learning,Random_Forest,2026-04-16 15:04:50,0.676,0.791798294295929,-0.11579829429592892,synthetic_full_cycle,synthetic_growth_cycles
BIM-13,OD,machine_learning,Random_Forest,2026-04-20 21:20:08,0.674,0.6967038946837174,-0.022703894683717363,synthetic_full_cycle,synthetic_growth_cycles
BIM-13,OD,machine_learning,Random_Forest,2026-04-27 16:30:31,0.577,0.660913006495246,-0.08391300649524602,synthetic_full_cycle,synthetic_growth_cycles
BIM-13,OD,machine_learning,Random_Forest,2026-04-28 15:27:06,0.607,0.7014895470713618,-0.09448954707136181,synthetic_full_cycle,synthetic_growth_cycles
BIM-13,OD,machine_learning,Random_Forest,2026-04-29 15:33:16,0.605,0.7191244990021848,-0.1141244990021848,synthetic_full_cycle,synthetic_growth_cycles
BIM-13,OD,machine_learning,Random_Forest,2026-05-13 15:21:00,0.414,0.6189198250332136,-0.20491982503321365,synthetic_full_cycle,synthetic_growth_cycles
BIM-13,OD,machine_learning,Extra_Trees,2026-03-26 12:49:00,0.487,0.5721789759804065,-0.08517897598040647,synthetic_full_cycle,synthetic_growth_cycles
BIM-13,OD,machine_learning,Extra_Trees,2026-03-27 13:20:00,0.544,0.5270502140127699,0.01694978598723018,synthetic_full_cycle,synthetic_growth_cycles
BIM-13,OD,machine_learning,Extra_Trees,2026-03-30 13:02:00,0.446,0.5914041619468992,-0.14540416194689915,synthetic_full_cycle,synthetic_growth_cycles
BIM-13,OD,machine_learning,Extra_Trees,2026-03-31 14:51:00,0.539,0.48242197148477184,0.056578028515228196,synthetic_full_cycle,synthetic_growth_cycles
BIM-13,OD,machine_learning,Extra_Trees,2026-04-01 14:51:00,0.597,0.5773334594319612,0.019666540568038737,synthetic_full_cycle,synthetic_growth_cycles
BIM-13,OD,machine_learning,Extra_Trees,2026-04-02 14:12:00,0.621,0.7084284985062078,-0.08742849850620782,synthetic_full_cycle,synthetic_growth_cycles
BIM-13,OD,machine_learning,Extra_Trees,2026-04-06 15:24:00,0.739,0.6793174492998011,0.0596825507001989,synthetic_full_cycle,synthetic_growth_cycles
BIM-13,OD,machine_learning,Extra_Trees,2026-04-07 15:20:00,0.734,0.8236820758901712,-0.08968207589017119,synthetic_full_cycle,synthetic_growth_cycles
BIM-13,OD,machine_learning,Extra_Trees,2026-04-08 14:42:00,0.845,0.7949217025089887,0.050078297491011226,synthetic_full_cycle,synthetic_growth_cycles
BIM-13,OD,machine_learning,Extra_Trees,2026-04-09 16:39:00,0.5,0.8684346927409977,-0.3684346927409977,synthetic_full_cycle,synthetic_growth_cycles
BIM-13,OD,machine_learning,Extra_Trees,2026-04-10 15:30:00,0.534,0.5641816037945111,-0.03018160379451107,synthetic_full_cycle,synthetic_growth_cycles
BIM-13,OD,machine_learning,Extra_Trees,2026-04-13 15:47:00,0.651,0.5798712838609535,0.07112871613904648,synthetic_full_cycle,synthetic_growth_cycles
BIM-13,OD,machine_learning,Extra_Trees,2026-04-14 15:19:00,0.651,0.7512587689943936,-0.10025876899439357,synthetic_full_cycle,synthetic_growth_cycles
BIM-13,OD,machine_learning,Extra_Trees,2026-04-15 15:14:00,0.73,0.7163803937092653,0.013619606290734665,synthetic_full_cycle,synthetic_growth_cycles
BIM-13,OD,machine_learning,Extra_Trees,2026-04-16 15:04:50,0.676,0.7800172807342023,-0.10401728073420224,synthetic_full_cycle,synthetic_growth_cycles
BIM-13,OD,machine_learning,Extra_Trees,2026-04-20 21:20:08,0.674,0.7420420863048239,-0.06804208630482389,synthetic_full_cycle,synthetic_growth_cycles
BIM-13,OD,machine_learning,Extra_Trees,2026-04-27 16:30:31,0.577,0.6522198329451069,-0.07521983294510692,synthetic_full_cycle,synthetic_growth_cycles
BIM-13,OD,machine_learning,Extra_Trees,2026-04-28 15:27:06,0.607,0.6403938889423009,-0.03339388894230089,synthetic_full_cycle,synthetic_growth_cycles
BIM-13,OD,machine_learning,Extra_Trees,2026-04-29 15:33:16,0.605,0.7111595149518134,-0.10615951495181342,synthetic_full_cycle,synthetic_growth_cycles
BIM-13,OD,machine_learning,Extra_Trees,2026-05-13 15:21:00,0.414,0.6129714895120396,-0.19897148951203963,synthetic_full_cycle,synthetic_growth_cycles
BIM-13,OD,machine_learning,Gradient_Boosting,2026-03-26 12:49:00,0.487,0.578587657907611,-0.09158765790761103,synthetic_full_cycle,synthetic_growth_cycles
BIM-13,OD,machine_learning,Gradient_Boosting,2026-03-27 13:20:00,0.544,0.5072531881796425,0.03674681182035755,synthetic_full_cycle,synthetic_growth_cycles
BIM-13,OD,machine_learning,Gradient_Boosting,2026-03-30 13:02:00,0.446,0.5820239809419705,-0.1360239809419705,synthetic_full_cycle,synthetic_growth_cycles
BIM-13,OD,machine_learning,Gradient_Boosting,2026-03-31 14:51:00,0.539,0.48277883354148166,0.05622116645851838,synthetic_full_cycle,synthetic_growth_cycles
BIM-13,OD,machine_learning,Gradient_Boosting,2026-04-01 14:51:00,0.597,0.6028556288278516,-0.005855628827851622,synthetic_full_cycle,synthetic_growth_cycles
BIM-13,OD,machine_learning,Gradient_Boosting,2026-04-02 14:12:00,0.621,0.6960275880567423,-0.07502758805674226,synthetic_full_cycle,synthetic_growth_cycles
BIM-13,OD,machine_learning,Gradient_Boosting,2026-04-06 15:24:00,0.739,0.6781801454141172,0.06081985458588279,synthetic_full_cycle,synthetic_growth_cycles
BIM-13,OD,machine_learning,Gradient_Boosting,2026-04-07 15:20:00,0.734,0.8049465744839324,-0.07094657448393238,synthetic_full_cycle,synthetic_growth_cycles
BIM-13,OD,machine_learning,Gradient_Boosting,2026-04-08 14:42:00,0.845,0.7790729311461827,0.06592706885381727,synthetic_full_cycle,synthetic_growth_cycles
BIM-13,OD,machine_learning,Gradient_Boosting,2026-04-09 16:39:00,0.5,0.8753220022141479,-0.3753220022141479,synthetic_full_cycle,synthetic_growth_cycles
BIM-13,OD,machine_learning,Gradient_Boosting,2026-04-10 15:30:00,0.534,0.48643616569443504,0.04756383430556499,synthetic_full_cycle,synthetic_growth_cycles
BIM-13,OD,machine_learning,Gradient_Boosting,2026-04-13 15:47:00,0.651,0.49543345190317406,0.15556654809682596,synthetic_full_cycle,synthetic_growth_cycles
BIM-13,OD,machine_learning,Gradient_Boosting,2026-04-14 15:19:00,0.651,0.7498447088961198,-0.09884470889611974,synthetic_full_cycle,synthetic_growth_cycles
BIM-13,OD,machine_learning,Gradient_Boosting,2026-04-15 15:14:00,0.73,0.7259912543323342,0.004008745667665736,synthetic_full_cycle,synthetic_growth_cycles
BIM-13,OD,machine_learning,Gradient_Boosting,2026-04-16 15:04:50,0.676,0.7794368127976882,-0.10343681279768813,synthetic_full_cycle,synthetic_growth_cycles
BIM-13,OD,machine_learning,Gradient_Boosting,2026-04-20 21:20:08,0.674,0.726035110708771,-0.05203511070877098,synthetic_full_cycle,synthetic_growth_cycles
BIM-13,OD,machine_learning,Gradient_Boosting,2026-04-27 16:30:31,0.577,0.7024085425070661,-0.12540854250706612,synthetic_full_cycle,synthetic_growth_cycles
BIM-13,OD,machine_learning,Gradient_Boosting,2026-04-28 15:27:06,0.607,0.5979907559452219,0.009009244054778098,synthetic_full_cycle,synthetic_growth_cycles
BIM-13,OD,machine_learning,Gradient_Boosting,2026-04-29 15:33:16,0.605,0.6526830779243844,-0.04768307792438442,synthetic_full_cycle,synthetic_growth_cycles
BIM-13,OD,machine_learning,Gradient_Boosting,2026-05-13 15:21:00,0.414,0.6347186129117987,-0.22071861291179867,synthetic_full_cycle,synthetic_growth_cycles
BIM-13,OD,machine_learning,AdaBoost,2026-03-26 12:49:00,0.487,0.5850525346631469,-0.0980525346631469,synthetic_full_cycle,synthetic_growth_cycles
BIM-13,OD,machine_learning,AdaBoost,2026-03-27 13:20:00,0.544,0.574170876852585,-0.030170876852585016,synthetic_full_cycle,synthetic_growth_cycles
BIM-13,OD,machine_learning,AdaBoost,2026-03-30 13:02:00,0.446,0.6456079620932329,-0.1996079620932329,synthetic_full_cycle,synthetic_growth_cycles
BIM-13,OD,machine_learning,AdaBoost,2026-03-31 14:51:00,0.539,0.574170876852585,-0.03517087685258502,synthetic_full_cycle,synthetic_growth_cycles
BIM-13,OD,machine_learning,AdaBoost,2026-04-01 14:51:00,0.597,0.6069267599700251,-0.009926759970025123,synthetic_full_cycle,synthetic_growth_cycles
BIM-13,OD,machine_learning,AdaBoost,2026-04-02 14:12:00,0.621,0.6991652153294831,-0.07816521532948306,synthetic_full_cycle,synthetic_growth_cycles
BIM-13,OD,machine_learning,AdaBoost,2026-04-06 15:24:00,0.739,0.7211345589014937,0.017865441098506296,synthetic_full_cycle,synthetic_growth_cycles
BIM-13,OD,machine_learning,AdaBoost,2026-04-07 15:20:00,0.734,0.8113469816925598,-0.07734698169255982,synthetic_full_cycle,synthetic_growth_cycles
BIM-13,OD,machine_learning,AdaBoost,2026-04-08 14:42:00,0.845,0.8113469816925598,0.03365301830744016,synthetic_full_cycle,synthetic_growth_cycles
BIM-13,OD,machine_learning,AdaBoost,2026-04-09 16:39:00,0.5,0.85129834090839,-0.35129834090838996,synthetic_full_cycle,synthetic_growth_cycles
BIM-13,OD,machine_learning,AdaBoost,2026-04-10 15:30:00,0.534,0.574170876852585,-0.040170876852585025,synthetic_full_cycle,synthetic_growth_cycles
BIM-13,OD,machine_learning,AdaBoost,2026-04-13 15:47:00,0.651,0.6069267599700251,0.044073240029974925,synthetic_full_cycle,synthetic_growth_cycles
BIM-13,OD,machine_learning,AdaBoost,2026-04-14 15:19:00,0.651,0.8016279686953097,-0.1506279686953097,synthetic_full_cycle,synthetic_growth_cycles
BIM-13,OD,machine_learning,AdaBoost,2026-04-15 15:14:00,0.73,0.792681066584018,-0.06268106658401806,synthetic_full_cycle,synthetic_growth_cycles
BIM-13,OD,machine_learning,AdaBoost,2026-04-16 15:04:50,0.676,0.8113469816925598,-0.13534698169255976,synthetic_full_cycle,synthetic_growth_cycles
BIM-13,OD,machine_learning,AdaBoost,2026-04-20 21:20:08,0.674,0.791169545060701,-0.11716954506070099,synthetic_full_cycle,synthetic_growth_cycles
BIM-13,OD,machine_learning,AdaBoost,2026-04-27 16:30:31,0.577,0.791169545060701,-0.21416954506070107,synthetic_full_cycle,synthetic_growth_cycles
BIM-13,OD,machine_learning,AdaBoost,2026-04-28 15:27:06,0.607,0.664713792755274,-0.057713792755273996,synthetic_full_cycle,synthetic_growth_cycles
BIM-13,OD,machine_learning,AdaBoost,2026-04-29 15:33:16,0.605,0.7160639705117863,-0.11106397051178629,synthetic_full_cycle,synthetic_growth_cycles
BIM-13,OD,machine_learning,AdaBoost,2026-05-13 15:21:00,0.414,0.6967402539246434,-0.28274025392464347,synthetic_full_cycle,synthetic_growth_cycles
BIM-13,OD,machine_learning,SVR,2026-03-26 12:49:00,0.487,0.588444269090248,-0.10144426909024806,synthetic_full_cycle,synthetic_growth_cycles
BIM-13,OD,machine_learning,SVR,2026-03-27 13:20:00,0.544,0.49734892521795593,0.04665107478204411,synthetic_full_cycle,synthetic_growth_cycles
BIM-13,OD,machine_learning,SVR,2026-03-30 13:02:00,0.446,0.5912660277530454,-0.14526602775304537,synthetic_full_cycle,synthetic_growth_cycles
BIM-13,OD,machine_learning,SVR,2026-03-31 14:51:00,0.539,0.48867281786319416,0.05032718213680587,synthetic_full_cycle,synthetic_growth_cycles
BIM-13,OD,machine_learning,SVR,2026-04-01 14:51:00,0.597,0.6198999133259402,-0.022899913325940213,synthetic_full_cycle,synthetic_growth_cycles
BIM-13,OD,machine_learning,SVR,2026-04-02 14:12:00,0.621,0.6722069981768826,-0.05120699817688257,synthetic_full_cycle,synthetic_growth_cycles
BIM-13,OD,machine_learning,SVR,2026-04-06 15:24:00,0.739,0.6644240089200303,0.0745759910799697,synthetic_full_cycle,synthetic_growth_cycles
BIM-13,OD,machine_learning,SVR,2026-04-07 15:20:00,0.734,0.8323461933308842,-0.09834619333088424,synthetic_full_cycle,synthetic_growth_cycles
BIM-13,OD,machine_learning,SVR,2026-04-08 14:42:00,0.845,0.7725644651562349,0.07243553484376508,synthetic_full_cycle,synthetic_growth_cycles
BIM-13,OD,machine_learning,SVR,2026-04-09 16:39:00,0.5,0.8874070396591509,-0.3874070396591509,synthetic_full_cycle,synthetic_growth_cycles
BIM-13,OD,machine_learning,SVR,2026-04-10 15:30:00,0.534,0.7257876540498908,-0.19178765404989073,synthetic_full_cycle,synthetic_growth_cycles
BIM-13,OD,machine_learning,SVR,2026-04-13 15:47:00,0.651,0.7341005307338977,-0.08310053073389767,synthetic_full_cycle,synthetic_growth_cycles
BIM-13,OD,machine_learning,SVR,2026-04-14 15:19:00,0.651,0.7624681624508777,-0.11146816245087765,synthetic_full_cycle,synthetic_growth_cycles
BIM-13,OD,machine_learning,SVR,2026-04-15 15:14:00,0.73,0.7009540827182581,0.029045917281741884,synthetic_full_cycle,synthetic_growth_cycles
BIM-13,OD,machine_learning,SVR,2026-04-16 15:04:50,0.676,0.7875164464063733,-0.11151644640637326,synthetic_full_cycle,synthetic_growth_cycles
BIM-13,OD,machine_learning,SVR,2026-04-20 21:20:08,0.674,0.6966960441187713,-0.02269604411877124,synthetic_full_cycle,synthetic_growth_cycles
BIM-13,OD,machine_learning,SVR,2026-04-27 16:30:31,0.577,0.6683434418911449,-0.09134344189114496,synthetic_full_cycle,synthetic_growth_cycles
BIM-13,OD,machine_learning,SVR,2026-04-28 15:27:06,0.607,0.571851154049883,0.035148845950117025,synthetic_full_cycle,synthetic_growth_cycles
BIM-13,OD,machine_learning,SVR,2026-04-29 15:33:16,0.605,0.6271649575136061,-0.022164957513606143,synthetic_full_cycle,synthetic_growth_cycles
BIM-13,OD,machine_learning,SVR,2026-05-13 15:21:00,0.414,0.6262018207721304,-0.2122018207721304,synthetic_full_cycle,synthetic_growth_cycles
BIM-13,OD,machine_learning,KNN,2026-03-26 12:49:00,0.487,0.6154426986401891,-0.1284426986401891,synthetic_full_cycle,synthetic_growth_cycles
BIM-13,OD,machine_learning,KNN,2026-03-27 13:20:00,0.544,0.5587985953593116,-0.014798595359311606,synthetic_full_cycle,synthetic_growth_cycles
BIM-13,OD,machine_learning,KNN,2026-03-30 13:02:00,0.446,0.6246298824536316,-0.1786298824536316,synthetic_full_cycle,synthetic_growth_cycles
BIM-13,OD,machine_learning,KNN,2026-03-31 14:51:00,0.539,0.5111331506743034,0.027866849325696608,synthetic_full_cycle,synthetic_growth_cycles
BIM-13,OD,machine_learning,KNN,2026-04-01 14:51:00,0.597,0.5721430412725638,0.024856958727436207,synthetic_full_cycle,synthetic_growth_cycles
BIM-13,OD,machine_learning,KNN,2026-04-02 14:12:00,0.621,0.7027890077461519,-0.08178900774615194,synthetic_full_cycle,synthetic_growth_cycles
BIM-13,OD,machine_learning,KNN,2026-04-06 15:24:00,0.739,0.7029504301192441,0.036049569880755916,synthetic_full_cycle,synthetic_growth_cycles
BIM-13,OD,machine_learning,KNN,2026-04-07 15:20:00,0.734,0.8182450193977532,-0.0842450193977532,synthetic_full_cycle,synthetic_growth_cycles
BIM-13,OD,machine_learning,KNN,2026-04-08 14:42:00,0.845,0.766589574349989,0.078410425650011,synthetic_full_cycle,synthetic_growth_cycles
BIM-13,OD,machine_learning,KNN,2026-04-09 16:39:00,0.5,0.8565831302096578,-0.3565831302096578,synthetic_full_cycle,synthetic_growth_cycles
BIM-13,OD,machine_learning,KNN,2026-04-10 15:30:00,0.534,0.6323215368173593,-0.09832153681735922,synthetic_full_cycle,synthetic_growth_cycles
BIM-13,OD,machine_learning,KNN,2026-04-13 15:47:00,0.651,0.6636974798535858,-0.012697479853585825,synthetic_full_cycle,synthetic_growth_cycles
BIM-13,OD,machine_learning,KNN,2026-04-14 15:19:00,0.651,0.7408522022106402,-0.08985220221064016,synthetic_full_cycle,synthetic_growth_cycles
BIM-13,OD,machine_learning,KNN,2026-04-15 15:14:00,0.73,0.7159909708460956,0.01400902915390434,synthetic_full_cycle,synthetic_growth_cycles
BIM-13,OD,machine_learning,KNN,2026-04-16 15:04:50,0.676,0.785785601320694,-0.10978560132069393,synthetic_full_cycle,synthetic_growth_cycles
BIM-13,OD,machine_learning,KNN,2026-04-20 21:20:08,0.674,0.7711273795177385,-0.09712737951773842,synthetic_full_cycle,synthetic_growth_cycles
BIM-13,OD,machine_learning,KNN,2026-04-27 16:30:31,0.577,0.6710547421923029,-0.09405474219230292,synthetic_full_cycle,synthetic_growth_cycles
BIM-13,OD,machine_learning,KNN,2026-04-28 15:27:06,0.607,0.6599675087734233,-0.052967508773423266,synthetic_full_cycle,synthetic_growth_cycles
BIM-13,OD,machine_learning,KNN,2026-04-29 15:33:16,0.605,0.6170029214522909,-0.012002921452290871,synthetic_full_cycle,synthetic_growth_cycles
BIM-13,OD,machine_learning,KNN,2026-05-13 15:21:00,0.414,0.5937054970463246,-0.1797054970463246,synthetic_full_cycle,synthetic_growth_cycles
BIM-13,OD,machine_learning,Gaussian_Process_Regression,2026-03-26 12:49:00,0.487,0.5950970305577007,-0.1080970305577007,synthetic_full_cycle,synthetic_growth_cycles
BIM-13,OD,machine_learning,Gaussian_Process_Regression,2026-03-27 13:20:00,0.544,0.5000524642186285,0.04394753578137156,synthetic_full_cycle,synthetic_growth_cycles
BIM-13,OD,machine_learning,Gaussian_Process_Regression,2026-03-30 13:02:00,0.446,0.598717848235501,-0.152717848235501,synthetic_full_cycle,synthetic_growth_cycles
BIM-13,OD,machine_learning,Gaussian_Process_Regression,2026-03-31 14:51:00,0.539,0.4928032380502862,0.04619676194971384,synthetic_full_cycle,synthetic_growth_cycles
BIM-13,OD,machine_learning,Gaussian_Process_Regression,2026-04-01 14:51:00,0.597,0.6197519903428063,-0.022751990342806283,synthetic_full_cycle,synthetic_growth_cycles
BIM-13,OD,machine_learning,Gaussian_Process_Regression,2026-04-02 14:12:00,0.621,0.6784062003980743,-0.057406200398074314,synthetic_full_cycle,synthetic_growth_cycles
BIM-13,OD,machine_learning,Gaussian_Process_Regression,2026-04-06 15:24:00,0.739,0.6684166908299712,0.07058330917002875,synthetic_full_cycle,synthetic_growth_cycles
BIM-13,OD,machine_learning,Gaussian_Process_Regression,2026-04-07 15:20:00,0.734,0.8366442828119629,-0.10264428281196292,synthetic_full_cycle,synthetic_growth_cycles
BIM-13,OD,machine_learning,Gaussian_Process_Regression,2026-04-08 14:42:00,0.845,0.7768818140964039,0.06811818590359608,synthetic_full_cycle,synthetic_growth_cycles
BIM-13,OD,machine_learning,Gaussian_Process_Regression,2026-04-09 16:39:00,0.5,0.8927024349095628,-0.3927024349095628,synthetic_full_cycle,synthetic_growth_cycles
BIM-13,OD,machine_learning,Gaussian_Process_Regression,2026-04-10 15:30:00,0.534,0.11046918187534893,0.4235308181246511,synthetic_full_cycle,synthetic_growth_cycles
BIM-13,OD,machine_learning,Gaussian_Process_Regression,2026-04-13 15:47:00,0.651,1.4170833699203007,-0.7660833699203007,synthetic_full_cycle,synthetic_growth_cycles
BIM-13,OD,machine_learning,Gaussian_Process_Regression,2026-04-14 15:19:00,0.651,0.7692834105419424,-0.11828341054194236,synthetic_full_cycle,synthetic_growth_cycles
BIM-13,OD,machine_learning,Gaussian_Process_Regression,2026-04-15 15:14:00,0.73,0.7105153382955486,0.0194846617044514,synthetic_full_cycle,synthetic_growth_cycles
BIM-13,OD,machine_learning,Gaussian_Process_Regression,2026-04-16 15:04:50,0.676,0.7934146042478694,-0.11741460424786931,synthetic_full_cycle,synthetic_growth_cycles
BIM-13,OD,machine_learning,Gaussian_Process_Regression,2026-04-20 21:20:08,0.674,0.6970416456789962,-0.023041645678996137,synthetic_full_cycle,synthetic_growth_cycles
BIM-13,OD,machine_learning,Gaussian_Process_Regression,2026-04-27 16:30:31,0.577,0.6779887056972798,-0.1009887056972798,synthetic_full_cycle,synthetic_growth_cycles
BIM-13,OD,machine_learning,Gaussian_Process_Regression,2026-04-28 15:27:06,0.607,0.5741312057650709,0.032868794234929055,synthetic_full_cycle,synthetic_growth_cycles
BIM-13,OD,machine_learning,Gaussian_Process_Regression,2026-04-29 15:33:16,0.605,0.647868360738136,-0.042868360738136047,synthetic_full_cycle,synthetic_growth_cycles
BIM-13,OD,machine_learning,Gaussian_Process_Regression,2026-05-13 15:21:00,0.414,0.6297187274726842,-0.21571872747268422,synthetic_full_cycle,synthetic_growth_cycles
BIM-13,OD,machine_learning,PLS,2026-03-26 12:49:00,0.487,0.562097897802526,-0.07509789780252596,synthetic_full_cycle,synthetic_growth_cycles
BIM-13,OD,machine_learning,PLS,2026-03-27 13:20:00,0.544,0.5851379218466732,-0.0411379218466732,synthetic_full_cycle,synthetic_growth_cycles
BIM-13,OD,machine_learning,PLS,2026-03-30 13:02:00,0.446,0.5999138524191225,-0.15391385241912253,synthetic_full_cycle,synthetic_growth_cycles
BIM-13,OD,machine_learning,PLS,2026-03-31 14:51:00,0.539,0.5751473756144676,-0.03614737561446757,synthetic_full_cycle,synthetic_growth_cycles
BIM-13,OD,machine_learning,PLS,2026-04-01 14:51:00,0.597,0.5916162782652611,0.005383721734738889,synthetic_full_cycle,synthetic_growth_cycles
BIM-13,OD,machine_learning,PLS,2026-04-02 14:12:00,0.621,0.610855749923066,0.01014425007693398,synthetic_full_cycle,synthetic_growth_cycles
BIM-13,OD,machine_learning,PLS,2026-04-06 15:24:00,0.739,0.6616545831696297,0.07734541683037033,synthetic_full_cycle,synthetic_growth_cycles
BIM-13,OD,machine_learning,PLS,2026-04-07 15:20:00,0.734,0.722840456333599,0.01115954366640104,synthetic_full_cycle,synthetic_growth_cycles
BIM-13,OD,machine_learning,PLS,2026-04-08 14:42:00,0.845,0.7630901912404677,0.08190980875953224,synthetic_full_cycle,synthetic_growth_cycles
BIM-13,OD,machine_learning,PLS,2026-04-09 16:39:00,0.5,0.8300017574556651,-0.33000175745566507,synthetic_full_cycle,synthetic_growth_cycles
BIM-13,OD,machine_learning,PLS,2026-04-10 15:30:00,0.534,0.7507771529393477,-0.21677715293934763,synthetic_full_cycle,synthetic_growth_cycles
BIM-13,OD,machine_learning,PLS,2026-04-13 15:47:00,0.651,0.6895432303279058,-0.03854323032790574,synthetic_full_cycle,synthetic_growth_cycles
BIM-13,OD,machine_learning,PLS,2026-04-14 15:19:00,0.651,0.6416974457746765,0.009302554225323556,synthetic_full_cycle,synthetic_growth_cycles
BIM-13,OD,machine_learning,PLS,2026-04-15 15:14:00,0.73,0.6860284415574385,0.04397155844256151,synthetic_full_cycle,synthetic_growth_cycles
BIM-13,OD,machine_learning,PLS,2026-04-16 15:04:50,0.676,0.7438630267320014,-0.0678630267320014,synthetic_full_cycle,synthetic_growth_cycles
BIM-13,OD,machine_learning,PLS,2026-04-20 21:20:08,0.674,0.7500661032558875,-0.07606610325588747,synthetic_full_cycle,synthetic_growth_cycles
BIM-13,OD,machine_learning,PLS,2026-04-27 16:30:31,0.577,0.755206898804267,-0.178206898804267,synthetic_full_cycle,synthetic_growth_cycles
BIM-13,OD,machine_learning,PLS,2026-04-28 15:27:06,0.607,0.7084473586049593,-0.10144735860495935,synthetic_full_cycle,synthetic_growth_cycles
BIM-13,OD,machine_learning,PLS,2026-04-29 15:33:16,0.605,0.6886008476616745,-0.08360084766167453,synthetic_full_cycle,synthetic_growth_cycles
BIM-13,OD,machine_learning,PLS,2026-05-13 15:21:00,0.414,0.6700242479666723,-0.2560242479666723,synthetic_full_cycle,synthetic_growth_cycles
BIM-13,OD,machine_learning,PCR,2026-03-26 12:49:00,0.487,0.5617796777004581,-0.07477967770045812,synthetic_full_cycle,synthetic_growth_cycles
BIM-13,OD,machine_learning,PCR,2026-03-27 13:20:00,0.544,0.5872870808199442,-0.043287080819944146,synthetic_full_cycle,synthetic_growth_cycles
BIM-13,OD,machine_learning,PCR,2026-03-30 13:02:00,0.446,0.6012765056366631,-0.15527650563666312,synthetic_full_cycle,synthetic_growth_cycles
BIM-13,OD,machine_learning,PCR,2026-03-31 14:51:00,0.539,0.5780150120177872,-0.03901501201778712,synthetic_full_cycle,synthetic_growth_cycles
BIM-13,OD,machine_learning,PCR,2026-04-01 14:51:00,0.597,0.5933763560420156,0.0036236439579844237,synthetic_full_cycle,synthetic_growth_cycles
BIM-13,OD,machine_learning,PCR,2026-04-02 14:12:00,0.621,0.6098322391910378,0.011167760808962202,synthetic_full_cycle,synthetic_growth_cycles
BIM-13,OD,machine_learning,PCR,2026-04-06 15:24:00,0.739,0.6617803943643548,0.07721960563564523,synthetic_full_cycle,synthetic_growth_cycles
BIM-13,OD,machine_learning,PCR,2026-04-07 15:20:00,0.734,0.721494613949643,0.012505386050357004,synthetic_full_cycle,synthetic_growth_cycles
BIM-13,OD,machine_learning,PCR,2026-04-08 14:42:00,0.845,0.7624006832971328,0.08259931670286713,synthetic_full_cycle,synthetic_growth_cycles
BIM-13,OD,machine_learning,PCR,2026-04-09 16:39:00,0.5,0.8289768153092767,-0.3289768153092767,synthetic_full_cycle,synthetic_growth_cycles
BIM-13,OD,machine_learning,PCR,2026-04-10 15:30:00,0.534,0.7570790768305365,-0.22307907683053652,synthetic_full_cycle,synthetic_growth_cycles
BIM-13,OD,machine_learning,PCR,2026-04-13 15:47:00,0.651,0.696607163384114,-0.04560716338411397,synthetic_full_cycle,synthetic_growth_cycles
BIM-13,OD,machine_learning,PCR,2026-04-14 15:19:00,0.651,0.640449591845908,0.010550408154092028,synthetic_full_cycle,synthetic_growth_cycles
BIM-13,OD,machine_learning,PCR,2026-04-15 15:14:00,0.73,0.6855007812256051,0.04449921877439489,synthetic_full_cycle,synthetic_growth_cycles
BIM-13,OD,machine_learning,PCR,2026-04-16 15:04:50,0.676,0.7436640289588831,-0.06766402895888302,synthetic_full_cycle,synthetic_growth_cycles
BIM-13,OD,machine_learning,PCR,2026-04-20 21:20:08,0.674,0.7511011751982377,-0.07710117519823767,synthetic_full_cycle,synthetic_growth_cycles
BIM-13,OD,machine_learning,PCR,2026-04-27 16:30:31,0.577,0.7575667623312459,-0.1805667623312459,synthetic_full_cycle,synthetic_growth_cycles
BIM-13,OD,machine_learning,PCR,2026-04-28 15:27:06,0.607,0.7119304102613975,-0.10493041026139749,synthetic_full_cycle,synthetic_growth_cycles
BIM-13,OD,machine_learning,PCR,2026-04-29 15:33:16,0.605,0.6913004983826373,-0.08630049838263731,synthetic_full_cycle,synthetic_growth_cycles
BIM-13,OD,machine_learning,PCR,2026-05-13 15:21:00,0.414,0.6711477255565969,-0.2571477255565969,synthetic_full_cycle,synthetic_growth_cycles
BIM-13,OD,machine_learning,XGBoost,2026-03-26 12:49:00,0.487,0.5748329162597656,-0.08783291625976564,synthetic_full_cycle,synthetic_growth_cycles
BIM-13,OD,machine_learning,XGBoost,2026-03-27 13:20:00,0.544,0.49608519673347473,0.04791480326652531,synthetic_full_cycle,synthetic_growth_cycles
BIM-13,OD,machine_learning,XGBoost,2026-03-30 13:02:00,0.446,0.5809662342071533,-0.1349662342071533,synthetic_full_cycle,synthetic_growth_cycles
BIM-13,OD,machine_learning,XGBoost,2026-03-31 14:51:00,0.539,0.48280778527259827,0.05619221472740177,synthetic_full_cycle,synthetic_growth_cycles
BIM-13,OD,machine_learning,XGBoost,2026-04-01 14:51:00,0.597,0.534967303276062,0.06203269672393796,synthetic_full_cycle,synthetic_growth_cycles
BIM-13,OD,machine_learning,XGBoost,2026-04-02 14:12:00,0.621,0.6833189725875854,-0.06231897258758545,synthetic_full_cycle,synthetic_growth_cycles
BIM-13,OD,machine_learning,XGBoost,2026-04-06 15:24:00,0.739,0.6729151606559753,0.06608483934402465,synthetic_full_cycle,synthetic_growth_cycles
BIM-13,OD,machine_learning,XGBoost,2026-04-07 15:20:00,0.734,0.8237691521644592,-0.08976915216445924,synthetic_full_cycle,synthetic_growth_cycles
BIM-13,OD,machine_learning,XGBoost,2026-04-08 14:42:00,0.845,0.7870377898216248,0.05796221017837522,synthetic_full_cycle,synthetic_growth_cycles
BIM-13,OD,machine_learning,XGBoost,2026-04-09 16:39:00,0.5,0.88493412733078,-0.38493412733078003,synthetic_full_cycle,synthetic_growth_cycles
BIM-13,OD,machine_learning,XGBoost,2026-04-10 15:30:00,0.534,0.5537667274475098,-0.019766727447509735,synthetic_full_cycle,synthetic_growth_cycles
BIM-13,OD,machine_learning,XGBoost,2026-04-13 15:47:00,0.651,0.6420091390609741,0.008990860939025902,synthetic_full_cycle,synthetic_growth_cycles
BIM-13,OD,machine_learning,XGBoost,2026-04-14 15:19:00,0.651,0.7575284242630005,-0.10652842426300047,synthetic_full_cycle,synthetic_growth_cycles
BIM-13,OD,machine_learning,XGBoost,2026-04-15 15:14:00,0.73,0.6918381452560425,0.0381618547439575,synthetic_full_cycle,synthetic_growth_cycles
BIM-13,OD,machine_learning,XGBoost,2026-04-16 15:04:50,0.676,0.7783085703849792,-0.1023085703849792,synthetic_full_cycle,synthetic_growth_cycles
BIM-13,OD,machine_learning,XGBoost,2026-04-20 21:20:08,0.674,0.7405158877372742,-0.06651588773727413,synthetic_full_cycle,synthetic_growth_cycles
BIM-13,OD,machine_learning,XGBoost,2026-04-27 16:30:31,0.577,0.659076452255249,-0.08207645225524907,synthetic_full_cycle,synthetic_growth_cycles
BIM-13,OD,machine_learning,XGBoost,2026-04-28 15:27:06,0.607,0.5941144227981567,0.012885577201843246,synthetic_full_cycle,synthetic_growth_cycles
BIM-13,OD,machine_learning,XGBoost,2026-04-29 15:33:16,0.605,0.6638182997703552,-0.05881829977035524,synthetic_full_cycle,synthetic_growth_cycles
BIM-13,OD,machine_learning,XGBoost,2026-05-13 15:21:00,0.414,0.6332595348358154,-0.21925953483581545,synthetic_full_cycle,synthetic_growth_cycles
BIM-13,OD,machine_learning,LightGBM,2026-03-26 12:49:00,0.487,0.5905116734773596,-0.10351167347735957,synthetic_full_cycle,synthetic_growth_cycles
BIM-13,OD,machine_learning,LightGBM,2026-03-27 13:20:00,0.544,0.5105100472339478,0.03348995276605227,synthetic_full_cycle,synthetic_growth_cycles
BIM-13,OD,machine_learning,LightGBM,2026-03-30 13:02:00,0.446,0.5903743732701279,-0.14437437327012786,synthetic_full_cycle,synthetic_growth_cycles
BIM-13,OD,machine_learning,LightGBM,2026-03-31 14:51:00,0.539,0.486754613879062,0.05224538612093804,synthetic_full_cycle,synthetic_growth_cycles
BIM-13,OD,machine_learning,LightGBM,2026-04-01 14:51:00,0.597,0.6095289594739706,-0.012528959473970591,synthetic_full_cycle,synthetic_growth_cycles
BIM-13,OD,machine_learning,LightGBM,2026-04-02 14:12:00,0.621,0.6925201644418617,-0.07152016444186171,synthetic_full_cycle,synthetic_growth_cycles
BIM-13,OD,machine_learning,LightGBM,2026-04-06 15:24:00,0.739,0.6766247412260226,0.06237525877397743,synthetic_full_cycle,synthetic_growth_cycles
BIM-13,OD,machine_learning,LightGBM,2026-04-07 15:20:00,0.734,0.8271624032180868,-0.09316240321808678,synthetic_full_cycle,synthetic_growth_cycles
BIM-13,OD,machine_learning,LightGBM,2026-04-08 14:42:00,0.845,0.7752077256693737,0.06979227433062629,synthetic_full_cycle,synthetic_growth_cycles
BIM-13,OD,machine_learning,LightGBM,2026-04-09 16:39:00,0.5,0.8914234298541442,-0.39142342985414424,synthetic_full_cycle,synthetic_growth_cycles
BIM-13,OD,machine_learning,LightGBM,2026-04-10 15:30:00,0.534,0.5069749496485879,0.027025050351412117,synthetic_full_cycle,synthetic_growth_cycles
BIM-13,OD,machine_learning,LightGBM,2026-04-13 15:47:00,0.651,0.5514055443485333,0.09959445565146674,synthetic_full_cycle,synthetic_growth_cycles
BIM-13,OD,machine_learning,LightGBM,2026-04-14 15:19:00,0.651,0.7477943382392579,-0.09679433823925787,synthetic_full_cycle,synthetic_growth_cycles
BIM-13,OD,machine_learning,LightGBM,2026-04-15 15:14:00,0.73,0.7171578748855532,0.012842125114446823,synthetic_full_cycle,synthetic_growth_cycles
BIM-13,OD,machine_learning,LightGBM,2026-04-16 15:04:50,0.676,0.783526530901714,-0.10752653090171393,synthetic_full_cycle,synthetic_growth_cycles
BIM-13,OD,machine_learning,LightGBM,2026-04-20 21:20:08,0.674,0.7160400690385139,-0.04204006903851387,synthetic_full_cycle,synthetic_growth_cycles
BIM-13,OD,machine_learning,LightGBM,2026-04-27 16:30:31,0.577,0.6764470193562403,-0.09944701935624034,synthetic_full_cycle,synthetic_growth_cycles
BIM-13,OD,machine_learning,LightGBM,2026-04-28 15:27:06,0.607,0.5868634063901942,0.020136593609805797,synthetic_full_cycle,synthetic_growth_cycles
BIM-13,OD,machine_learning,LightGBM,2026-04-29 15:33:16,0.605,0.6277257947052564,-0.022725794705256375,synthetic_full_cycle,synthetic_growth_cycles
BIM-13,OD,machine_learning,LightGBM,2026-05-13 15:21:00,0.414,0.6292346955923407,-0.2152346955923407,synthetic_full_cycle,synthetic_growth_cycles
BIM-13,OD,machine_learning,CatBoost,2026-03-26 12:49:00,0.487,0.5889970901968721,-0.10199709019687209,synthetic_full_cycle,synthetic_growth_cycles
BIM-13,OD,machine_learning,CatBoost,2026-03-27 13:20:00,0.544,0.49899091604114865,0.04500908395885139,synthetic_full_cycle,synthetic_growth_cycles
BIM-13,OD,machine_learning,CatBoost,2026-03-30 13:02:00,0.446,0.5976805997343322,-0.15168059973433218,synthetic_full_cycle,synthetic_growth_cycles
BIM-13,OD,machine_learning,CatBoost,2026-03-31 14:51:00,0.539,0.4890485542739707,0.04995144572602933,synthetic_full_cycle,synthetic_growth_cycles
BIM-13,OD,machine_learning,CatBoost,2026-04-01 14:51:00,0.597,0.5750380895449109,0.021961910455089106,synthetic_full_cycle,synthetic_growth_cycles
BIM-13,OD,machine_learning,CatBoost,2026-04-02 14:12:00,0.621,0.6894666783441853,-0.0684666783441853,synthetic_full_cycle,synthetic_growth_cycles
BIM-13,OD,machine_learning,CatBoost,2026-04-06 15:24:00,0.739,0.6575504610552981,0.08144953894470186,synthetic_full_cycle,synthetic_growth_cycles
BIM-13,OD,machine_learning,CatBoost,2026-04-07 15:20:00,0.734,0.8193104305234272,-0.08531043052342724,synthetic_full_cycle,synthetic_growth_cycles
BIM-13,OD,machine_learning,CatBoost,2026-04-08 14:42:00,0.845,0.7856449213886393,0.05935507861136069,synthetic_full_cycle,synthetic_growth_cycles
BIM-13,OD,machine_learning,CatBoost,2026-04-09 16:39:00,0.5,0.8869334971176966,-0.38693349711769665,synthetic_full_cycle,synthetic_growth_cycles
BIM-13,OD,machine_learning,CatBoost,2026-04-10 15:30:00,0.534,0.47047616295848227,0.06352383704151776,synthetic_full_cycle,synthetic_growth_cycles
BIM-13,OD,machine_learning,CatBoost,2026-04-13 15:47:00,0.651,0.6166242555779079,0.034375744422092125,synthetic_full_cycle,synthetic_growth_cycles
BIM-13,OD,machine_learning,CatBoost,2026-04-14 15:19:00,0.651,0.772591768238343,-0.12159176823834295,synthetic_full_cycle,synthetic_growth_cycles
BIM-13,OD,machine_learning,CatBoost,2026-04-15 15:14:00,0.73,0.7113551008177603,0.01864489918223966,synthetic_full_cycle,synthetic_growth_cycles
BIM-13,OD,machine_learning,CatBoost,2026-04-16 15:04:50,0.676,0.7961631786262817,-0.12016317862628167,synthetic_full_cycle,synthetic_growth_cycles
BIM-13,OD,machine_learning,CatBoost,2026-04-20 21:20:08,0.674,0.7053768329838956,-0.0313768329838956,synthetic_full_cycle,synthetic_growth_cycles
BIM-13,OD,machine_learning,CatBoost,2026-04-27 16:30:31,0.577,0.6808568786852887,-0.1038568786852887,synthetic_full_cycle,synthetic_growth_cycles
BIM-13,OD,machine_learning,CatBoost,2026-04-28 15:27:06,0.607,0.5668028418531257,0.0401971581468743,synthetic_full_cycle,synthetic_growth_cycles
BIM-13,OD,machine_learning,CatBoost,2026-04-29 15:33:16,0.605,0.6526368328208535,-0.047636832820853514,synthetic_full_cycle,synthetic_growth_cycles
BIM-13,OD,machine_learning,CatBoost,2026-05-13 15:21:00,0.414,0.6464731990994051,-0.23247319909940517,synthetic_full_cycle,synthetic_growth_cycles
BIM-13,OD,deep_learning,MLP,2026-03-27 13:20:00,0.544,0.5071001228279293,0.03689987717207077,synthetic_full_cycle,synthetic_growth_cycles
BIM-13,OD,deep_learning,MLP,2026-03-30 13:02:00,0.446,0.5974885412344022,-0.1514885412344022,synthetic_full_cycle,synthetic_growth_cycles
BIM-13,OD,deep_learning,MLP,2026-03-31 14:51:00,0.539,0.4190599231199833,0.11994007688001673,synthetic_full_cycle,synthetic_growth_cycles
BIM-13,OD,deep_learning,MLP,2026-04-01 14:51:00,0.597,0.6147426302098571,-0.017742630209857113,synthetic_full_cycle,synthetic_growth_cycles
BIM-13,OD,deep_learning,MLP,2026-04-02 14:12:00,0.621,0.6746438684961549,-0.05364386849615488,synthetic_full_cycle,synthetic_growth_cycles
BIM-13,OD,deep_learning,MLP,2026-04-06 15:24:00,0.739,0.6713429880623936,0.06765701193760643,synthetic_full_cycle,synthetic_growth_cycles
BIM-13,OD,deep_learning,MLP,2026-04-07 15:20:00,0.734,0.8117065098795635,-0.07770650987956351,synthetic_full_cycle,synthetic_growth_cycles
BIM-13,OD,deep_learning,MLP,2026-04-08 14:42:00,0.845,0.7821367945724156,0.06286320542758439,synthetic_full_cycle,synthetic_growth_cycles
BIM-13,OD,deep_learning,MLP,2026-04-09 16:39:00,0.5,0.8744876710692033,-0.37448767106920333,synthetic_full_cycle,synthetic_growth_cycles
BIM-13,OD,deep_learning,MLP,2026-04-10 15:30:00,0.534,0.5292383376799031,0.004761662320096893,synthetic_full_cycle,synthetic_growth_cycles
BIM-13,OD,deep_learning,MLP,2026-04-13 15:47:00,0.651,0.5900283683923822,0.06097163160761787,synthetic_full_cycle,synthetic_growth_cycles
BIM-13,OD,deep_learning,MLP,2026-04-14 15:19:00,0.651,0.777290929782823,-0.12629092978282297,synthetic_full_cycle,synthetic_growth_cycles
BIM-13,OD,deep_learning,MLP,2026-04-15 15:14:00,0.73,0.6898407575041674,0.04015924249583258,synthetic_full_cycle,synthetic_growth_cycles
BIM-13,OD,deep_learning,MLP,2026-04-16 15:04:50,0.676,0.7730975331690386,-0.09709753316903857,synthetic_full_cycle,synthetic_growth_cycles
BIM-13,OD,deep_learning,MLP,2026-04-20 21:20:08,0.674,0.692248491599923,-0.018248491599922922,synthetic_full_cycle,synthetic_growth_cycles
BIM-13,OD,deep_learning,MLP,2026-04-27 16:30:31,0.577,0.6781112499402495,-0.10111124994024956,synthetic_full_cycle,synthetic_growth_cycles
BIM-13,OD,deep_learning,MLP,2026-04-28 15:27:06,0.607,0.5911806702300267,0.015819329769973245,synthetic_full_cycle,synthetic_growth_cycles
BIM-13,OD,deep_learning,MLP,2026-04-29 15:33:16,0.605,0.6845754794816379,-0.0795754794816379,synthetic_full_cycle,synthetic_growth_cycles
BIM-13,OD,deep_learning,MLP,2026-05-13 15:21:00,0.414,0.6591881232645342,-0.24518812326453426,synthetic_full_cycle,synthetic_growth_cycles
BIM-14,OD,machine_learning,Linear_Regression,2026-03-27 13:21:46,0.642,0.5987234775537935,0.0432765224462065,synthetic_full_cycle,synthetic_growth_cycles
BIM-14,OD,machine_learning,Linear_Regression,2026-03-30 13:03:49,0.594,0.7063994789928355,-0.11239947899283553,synthetic_full_cycle,synthetic_growth_cycles
BIM-14,OD,machine_learning,Linear_Regression,2026-03-31 14:52:45,0.702,0.5933474719128851,0.1086525280871149,synthetic_full_cycle,synthetic_growth_cycles
BIM-14,OD,machine_learning,Linear_Regression,2026-04-01 14:54:33,0.689,0.7722889207493662,-0.08328892074936622,synthetic_full_cycle,synthetic_growth_cycles
BIM-14,OD,machine_learning,Linear_Regression,2026-04-02 14:14:59,0.719,0.7035728758141667,0.015427124185833252,synthetic_full_cycle,synthetic_growth_cycles
BIM-14,OD,machine_learning,Linear_Regression,2026-04-06 15:27:44,0.589,0.7468725227537318,-0.15787252275373187,synthetic_full_cycle,synthetic_growth_cycles
BIM-14,OD,machine_learning,Linear_Regression,2026-04-07 15:22:31,0.608,0.5389959819036076,0.06900401809639234,synthetic_full_cycle,synthetic_growth_cycles
BIM-14,OD,machine_learning,Linear_Regression,2026-04-08 14:43:44,0.631,0.6287376172476835,0.002262382752316494,synthetic_full_cycle,synthetic_growth_cycles
BIM-14,OD,machine_learning,Linear_Regression,2026-04-09 16:42:01,0.622,0.6632628753654496,-0.04126287536544959,synthetic_full_cycle,synthetic_growth_cycles
BIM-14,OD,machine_learning,Linear_Regression,2026-04-10 15:33:07,0.648,0.6371951028807662,0.010804897119233825,synthetic_full_cycle,synthetic_growth_cycles
BIM-14,OD,machine_learning,Linear_Regression,2026-04-13 15:49:57,0.674,0.6787520887031525,-0.004752088703152468,synthetic_full_cycle,synthetic_growth_cycles
BIM-14,OD,machine_learning,Linear_Regression,2026-04-14 15:22:24,0.674,0.7055290503811934,-0.03152905038119336,synthetic_full_cycle,synthetic_growth_cycles
BIM-14,OD,machine_learning,Linear_Regression,2026-04-15 15:16:49,0.581,0.6909269723569118,-0.10992697235691185,synthetic_full_cycle,synthetic_growth_cycles
BIM-14,OD,machine_learning,Linear_Regression,2026-04-16 15:06:32,0.527,0.5501370785097066,-0.023137078509706588,synthetic_full_cycle,synthetic_growth_cycles
BIM-14,OD,machine_learning,Linear_Regression,2026-04-20 21:20:18,0.437,0.5149484031420601,-0.07794840314206014,synthetic_full_cycle,synthetic_growth_cycles
BIM-14,OD,machine_learning,Polynomial_Regression,2026-03-27 13:21:46,0.642,0.5881996029481728,0.053800397051827265,synthetic_full_cycle,synthetic_growth_cycles
BIM-14,OD,machine_learning,Polynomial_Regression,2026-03-30 13:03:49,0.594,0.7146517918402733,-0.1206517918402733,synthetic_full_cycle,synthetic_growth_cycles
BIM-14,OD,machine_learning,Polynomial_Regression,2026-03-31 14:52:45,0.702,0.6049122825880072,0.09708771741199274,synthetic_full_cycle,synthetic_growth_cycles
BIM-14,OD,machine_learning,Polynomial_Regression,2026-04-01 14:54:33,0.689,0.7743641453281818,-0.08536414532818182,synthetic_full_cycle,synthetic_growth_cycles
BIM-14,OD,machine_learning,Polynomial_Regression,2026-04-02 14:14:59,0.719,0.7199814910667163,-0.0009814910667163002,synthetic_full_cycle,synthetic_growth_cycles
BIM-14,OD,machine_learning,Polynomial_Regression,2026-04-06 15:27:44,0.589,0.7420292434967538,-0.15302924349675384,synthetic_full_cycle,synthetic_growth_cycles
BIM-14,OD,machine_learning,Polynomial_Regression,2026-04-07 15:22:31,0.608,0.5400767073951662,0.06792329260483376,synthetic_full_cycle,synthetic_growth_cycles
BIM-14,OD,machine_learning,Polynomial_Regression,2026-04-08 14:43:44,0.631,0.5973964177054982,0.03360358229450178,synthetic_full_cycle,synthetic_growth_cycles
BIM-14,OD,machine_learning,Polynomial_Regression,2026-04-09 16:42:01,0.622,0.6638767969830744,-0.04187679698307445,synthetic_full_cycle,synthetic_growth_cycles
BIM-14,OD,machine_learning,Polynomial_Regression,2026-04-10 15:33:07,0.648,0.6363973070588816,0.011602692941118375,synthetic_full_cycle,synthetic_growth_cycles
BIM-14,OD,machine_learning,Polynomial_Regression,2026-04-13 15:49:57,0.674,0.6745253132566009,-0.0005253132566008789,synthetic_full_cycle,synthetic_growth_cycles
BIM-14,OD,machine_learning,Polynomial_Regression,2026-04-14 15:22:24,0.674,0.7071591230419818,-0.033159123041981764,synthetic_full_cycle,synthetic_growth_cycles
BIM-14,OD,machine_learning,Polynomial_Regression,2026-04-15 15:16:49,0.581,0.691626383235341,-0.11062638323534102,synthetic_full_cycle,synthetic_growth_cycles
BIM-14,OD,machine_learning,Polynomial_Regression,2026-04-16 15:06:32,0.527,0.5389401304237891,-0.011940130423789053,synthetic_full_cycle,synthetic_growth_cycles
BIM-14,OD,machine_learning,Polynomial_Regression,2026-04-20 21:20:18,0.437,0.4733135703757272,-0.03631357037572719,synthetic_full_cycle,synthetic_growth_cycles
BIM-14,OD,machine_learning,Ridge,2026-03-27 13:21:46,0.642,0.5974527552453438,0.04454724475465621,synthetic_full_cycle,synthetic_growth_cycles
BIM-14,OD,machine_learning,Ridge,2026-03-30 13:03:49,0.594,0.7052052875093707,-0.11120528750937075,synthetic_full_cycle,synthetic_growth_cycles
BIM-14,OD,machine_learning,Ridge,2026-03-31 14:52:45,0.702,0.596797014010577,0.1052029859894229,synthetic_full_cycle,synthetic_growth_cycles
BIM-14,OD,machine_learning,Ridge,2026-04-01 14:54:33,0.689,0.7686179966330948,-0.07961799663309488,synthetic_full_cycle,synthetic_growth_cycles
BIM-14,OD,machine_learning,Ridge,2026-04-02 14:14:59,0.719,0.7064722537499513,0.01252774625004871,synthetic_full_cycle,synthetic_growth_cycles
BIM-14,OD,machine_learning,Ridge,2026-04-06 15:27:44,0.589,0.7460671518308619,-0.15706715183086195,synthetic_full_cycle,synthetic_growth_cycles
BIM-14,OD,machine_learning,Ridge,2026-04-07 15:22:31,0.608,0.5437283944208215,0.06427160557917844,synthetic_full_cycle,synthetic_growth_cycles
BIM-14,OD,machine_learning,Ridge,2026-04-08 14:43:44,0.631,0.6260271119902999,0.004972888009700083,synthetic_full_cycle,synthetic_growth_cycles
BIM-14,OD,machine_learning,Ridge,2026-04-09 16:42:01,0.622,0.663433991923125,-0.041433991923125024,synthetic_full_cycle,synthetic_growth_cycles
BIM-14,OD,machine_learning,Ridge,2026-04-10 15:33:07,0.648,0.638355065473249,0.00964493452675097,synthetic_full_cycle,synthetic_growth_cycles
BIM-14,OD,machine_learning,Ridge,2026-04-13 15:49:57,0.674,0.6782451953267595,-0.004245195326759488,synthetic_full_cycle,synthetic_growth_cycles
BIM-14,OD,machine_learning,Ridge,2026-04-14 15:22:24,0.674,0.7056947198683816,-0.03169471986838157,synthetic_full_cycle,synthetic_growth_cycles
BIM-14,OD,machine_learning,Ridge,2026-04-15 15:16:49,0.581,0.6918191840292296,-0.11081918402922963,synthetic_full_cycle,synthetic_growth_cycles
BIM-14,OD,machine_learning,Ridge,2026-04-16 15:06:32,0.527,0.5532378708147551,-0.026237870814755038,synthetic_full_cycle,synthetic_growth_cycles
BIM-14,OD,machine_learning,Ridge,2026-04-20 21:20:18,0.437,0.515149886329042,-0.07814988632904202,synthetic_full_cycle,synthetic_growth_cycles
BIM-14,OD,machine_learning,Lasso,2026-03-27 13:21:46,0.642,0.5984139655759169,0.04358603442408315,synthetic_full_cycle,synthetic_growth_cycles
BIM-14,OD,machine_learning,Lasso,2026-03-30 13:03:49,0.594,0.6867655552855362,-0.0927655552855362,synthetic_full_cycle,synthetic_growth_cycles
BIM-14,OD,machine_learning,Lasso,2026-03-31 14:52:45,0.702,0.6333485988178549,0.06865140118214508,synthetic_full_cycle,synthetic_growth_cycles
BIM-14,OD,machine_learning,Lasso,2026-04-01 14:54:33,0.689,0.7356547227448526,-0.046654722744852606,synthetic_full_cycle,synthetic_growth_cycles
BIM-14,OD,machine_learning,Lasso,2026-04-02 14:14:59,0.719,0.7279220001699623,-0.008922000169962363,synthetic_full_cycle,synthetic_growth_cycles
BIM-14,OD,machine_learning,Lasso,2026-04-06 15:27:44,0.589,0.7460974254583687,-0.1570974254583687,synthetic_full_cycle,synthetic_growth_cycles
BIM-14,OD,machine_learning,Lasso,2026-04-07 15:22:31,0.608,0.6130045427177582,-0.005004542717758187,synthetic_full_cycle,synthetic_growth_cycles
BIM-14,OD,machine_learning,Lasso,2026-04-08 14:43:44,0.631,0.6291010870031597,0.0018989129968403073,synthetic_full_cycle,synthetic_growth_cycles
BIM-14,OD,machine_learning,Lasso,2026-04-09 16:42:01,0.622,0.6684465686061456,-0.0464465686061456,synthetic_full_cycle,synthetic_growth_cycles
BIM-14,OD,machine_learning,Lasso,2026-04-10 15:33:07,0.648,0.6568561363742838,-0.00885613637428373,synthetic_full_cycle,synthetic_growth_cycles
BIM-14,OD,machine_learning,Lasso,2026-04-13 15:49:57,0.674,0.681038697070948,-0.007038697070947952,synthetic_full_cycle,synthetic_growth_cycles
BIM-14,OD,machine_learning,Lasso,2026-04-14 15:22:24,0.674,0.7090424591032325,-0.03504245910323245,synthetic_full_cycle,synthetic_growth_cycles
BIM-14,OD,machine_learning,Lasso,2026-04-15 15:16:49,0.581,0.7059377330180411,-0.12493773301804112,synthetic_full_cycle,synthetic_growth_cycles
BIM-14,OD,machine_learning,Lasso,2026-04-16 15:06:32,0.527,0.6065098695648635,-0.0795098695648635,synthetic_full_cycle,synthetic_growth_cycles
BIM-14,OD,machine_learning,Lasso,2026-04-20 21:20:18,0.437,0.5505803059318395,-0.11358030593183949,synthetic_full_cycle,synthetic_growth_cycles
BIM-14,OD,machine_learning,Elastic_Net,2026-03-27 13:21:46,0.642,0.5958108392661892,0.04618916073381085,synthetic_full_cycle,synthetic_growth_cycles
BIM-14,OD,machine_learning,Elastic_Net,2026-03-30 13:03:49,0.594,0.6890426409695264,-0.09504264096952642,synthetic_full_cycle,synthetic_growth_cycles
BIM-14,OD,machine_learning,Elastic_Net,2026-03-31 14:52:45,0.702,0.6325602538728721,0.06943974612712789,synthetic_full_cycle,synthetic_growth_cycles
BIM-14,OD,machine_learning,Elastic_Net,2026-04-01 14:54:33,0.689,0.7357161881700128,-0.046716188170012884,synthetic_full_cycle,synthetic_growth_cycles
BIM-14,OD,machine_learning,Elastic_Net,2026-04-02 14:14:59,0.719,0.729430698184784,-0.010430698184784037,synthetic_full_cycle,synthetic_growth_cycles
BIM-14,OD,machine_learning,Elastic_Net,2026-04-06 15:27:44,0.589,0.7443781868087841,-0.15537818680878412,synthetic_full_cycle,synthetic_growth_cycles
BIM-14,OD,machine_learning,Elastic_Net,2026-04-07 15:22:31,0.608,0.6068985996440102,0.0011014003559898233,synthetic_full_cycle,synthetic_growth_cycles
BIM-14,OD,machine_learning,Elastic_Net,2026-04-08 14:43:44,0.631,0.6225015051646909,0.008498494835309067,synthetic_full_cycle,synthetic_growth_cycles
BIM-14,OD,machine_learning,Elastic_Net,2026-04-09 16:42:01,0.622,0.6679658148801296,-0.04596581488012963,synthetic_full_cycle,synthetic_growth_cycles
BIM-14,OD,machine_learning,Elastic_Net,2026-04-10 15:33:07,0.648,0.6552680588114269,-0.007268058811426892,synthetic_full_cycle,synthetic_growth_cycles
BIM-14,OD,machine_learning,Elastic_Net,2026-04-13 15:49:57,0.674,0.6795041397964701,-0.00550413979647002,synthetic_full_cycle,synthetic_growth_cycles
BIM-14,OD,machine_learning,Elastic_Net,2026-04-14 15:22:24,0.674,0.7088536897194139,-0.03485368971941383,synthetic_full_cycle,synthetic_growth_cycles
BIM-14,OD,machine_learning,Elastic_Net,2026-04-15 15:16:49,0.581,0.7046989962073696,-0.12369899620736968,synthetic_full_cycle,synthetic_growth_cycles
BIM-14,OD,machine_learning,Elastic_Net,2026-04-16 15:06:32,0.527,0.6007074191981405,-0.0737074191981405,synthetic_full_cycle,synthetic_growth_cycles
BIM-14,OD,machine_learning,Elastic_Net,2026-04-20 21:20:18,0.437,0.5427376158771946,-0.1057376158771946,synthetic_full_cycle,synthetic_growth_cycles
BIM-14,OD,machine_learning,Decision_Trees,2026-03-27 13:21:46,0.642,0.5457237676475901,0.0962762323524099,synthetic_full_cycle,synthetic_growth_cycles
BIM-14,OD,machine_learning,Decision_Trees,2026-03-30 13:03:49,0.594,0.6420412900033536,-0.048041290003353665,synthetic_full_cycle,synthetic_growth_cycles
BIM-14,OD,machine_learning,Decision_Trees,2026-03-31 14:52:45,0.702,0.6420412900033536,0.05995870999664632,synthetic_full_cycle,synthetic_growth_cycles
BIM-14,OD,machine_learning,Decision_Trees,2026-04-01 14:54:33,0.689,0.7865185396036304,-0.09751853960363044,synthetic_full_cycle,synthetic_growth_cycles
BIM-14,OD,machine_learning,Decision_Trees,2026-04-02 14:14:59,0.719,0.7865185396036304,-0.06751853960363041,synthetic_full_cycle,synthetic_growth_cycles
BIM-14,OD,machine_learning,Decision_Trees,2026-04-06 15:27:44,0.589,0.7865185396036304,-0.19751853960363042,synthetic_full_cycle,synthetic_growth_cycles
BIM-14,OD,machine_learning,Decision_Trees,2026-04-07 15:22:31,0.608,0.6420412900033536,-0.03404129000335365,synthetic_full_cycle,synthetic_growth_cycles
BIM-14,OD,machine_learning,Decision_Trees,2026-04-08 14:43:44,0.631,0.6420412900033536,-0.011041290003353632,synthetic_full_cycle,synthetic_growth_cycles
BIM-14,OD,machine_learning,Decision_Trees,2026-04-09 16:42:01,0.622,0.6420412900033536,-0.02004129000335364,synthetic_full_cycle,synthetic_growth_cycles
BIM-14,OD,machine_learning,Decision_Trees,2026-04-10 15:33:07,0.648,0.6420412900033536,0.005958709996646383,synthetic_full_cycle,synthetic_growth_cycles
BIM-14,OD,machine_learning,Decision_Trees,2026-04-13 15:49:57,0.674,0.6420412900033536,0.031958709996646406,synthetic_full_cycle,synthetic_growth_cycles
BIM-14,OD,machine_learning,Decision_Trees,2026-04-14 15:22:24,0.674,0.7865185396036304,-0.11251853960363034,synthetic_full_cycle,synthetic_growth_cycles
BIM-14,OD,machine_learning,Decision_Trees,2026-04-15 15:16:49,0.581,0.7865185396036304,-0.20551853960363042,synthetic_full_cycle,synthetic_growth_cycles
BIM-14,OD,machine_learning,Decision_Trees,2026-04-16 15:06:32,0.527,0.6420412900033536,-0.11504129000335361,synthetic_full_cycle,synthetic_growth_cycles
BIM-14,OD,machine_learning,Decision_Trees,2026-04-20 21:20:18,0.437,0.5457237676475901,-0.10872376764759012,synthetic_full_cycle,synthetic_growth_cycles
BIM-14,OD,machine_learning,Random_Forest,2026-03-27 13:21:46,0.642,0.6207584142707234,0.02124158572927659,synthetic_full_cycle,synthetic_growth_cycles
BIM-14,OD,machine_learning,Random_Forest,2026-03-30 13:03:49,0.594,0.7498447018374458,-0.1558447018374458,synthetic_full_cycle,synthetic_growth_cycles
BIM-14,OD,machine_learning,Random_Forest,2026-03-31 14:52:45,0.702,0.629916754924625,0.072083245075375,synthetic_full_cycle,synthetic_growth_cycles
BIM-14,OD,machine_learning,Random_Forest,2026-04-01 14:54:33,0.689,0.7863378407071673,-0.09733784070716733,synthetic_full_cycle,synthetic_growth_cycles
BIM-14,OD,machine_learning,Random_Forest,2026-04-02 14:14:59,0.719,0.7533157637099575,-0.03431576370995748,synthetic_full_cycle,synthetic_growth_cycles
BIM-14,OD,machine_learning,Random_Forest,2026-04-06 15:27:44,0.589,0.7497263945696492,-0.1607263945696492,synthetic_full_cycle,synthetic_growth_cycles
BIM-14,OD,machine_learning,Random_Forest,2026-04-07 15:22:31,0.608,0.6813177389345764,-0.07331773893457638,synthetic_full_cycle,synthetic_growth_cycles
BIM-14,OD,machine_learning,Random_Forest,2026-04-08 14:43:44,0.631,0.6311094032016613,-0.00010940320166130668,synthetic_full_cycle,synthetic_growth_cycles
BIM-14,OD,machine_learning,Random_Forest,2026-04-09 16:42:01,0.622,0.6840953033805575,-0.062095303380557465,synthetic_full_cycle,synthetic_growth_cycles
BIM-14,OD,machine_learning,Random_Forest,2026-04-10 15:33:07,0.648,0.6406512045354222,0.007348795464577784,synthetic_full_cycle,synthetic_growth_cycles
BIM-14,OD,machine_learning,Random_Forest,2026-04-13 15:49:57,0.674,0.7154867756652343,-0.04148677566523429,synthetic_full_cycle,synthetic_growth_cycles
BIM-14,OD,machine_learning,Random_Forest,2026-04-14 15:22:24,0.674,0.6986165989687106,-0.0246165989687106,synthetic_full_cycle,synthetic_growth_cycles
BIM-14,OD,machine_learning,Random_Forest,2026-04-15 15:16:49,0.581,0.6934442677184569,-0.11244426771845695,synthetic_full_cycle,synthetic_growth_cycles
BIM-14,OD,machine_learning,Random_Forest,2026-04-16 15:06:32,0.527,0.6991352921483367,-0.17213529214833667,synthetic_full_cycle,synthetic_growth_cycles
BIM-14,OD,machine_learning,Random_Forest,2026-04-20 21:20:18,0.437,0.5540721138049445,-0.11707211380494448,synthetic_full_cycle,synthetic_growth_cycles
BIM-14,OD,machine_learning,Extra_Trees,2026-03-27 13:21:46,0.642,0.6286997958865846,0.01330020411341537,synthetic_full_cycle,synthetic_growth_cycles
BIM-14,OD,machine_learning,Extra_Trees,2026-03-30 13:03:49,0.594,0.7394288366034122,-0.14542883660341221,synthetic_full_cycle,synthetic_growth_cycles
BIM-14,OD,machine_learning,Extra_Trees,2026-03-31 14:52:45,0.702,0.6207831520441122,0.0812168479558878,synthetic_full_cycle,synthetic_growth_cycles
BIM-14,OD,machine_learning,Extra_Trees,2026-04-01 14:54:33,0.689,0.7781514264129755,-0.08915142641297558,synthetic_full_cycle,synthetic_growth_cycles
BIM-14,OD,machine_learning,Extra_Trees,2026-04-02 14:14:59,0.719,0.7584502478928126,-0.039450247892812595,synthetic_full_cycle,synthetic_growth_cycles
BIM-14,OD,machine_learning,Extra_Trees,2026-04-06 15:27:44,0.589,0.7481999894576934,-0.15919998945769342,synthetic_full_cycle,synthetic_growth_cycles
BIM-14,OD,machine_learning,Extra_Trees,2026-04-07 15:22:31,0.608,0.6571676098100909,-0.04916760981009094,synthetic_full_cycle,synthetic_growth_cycles
BIM-14,OD,machine_learning,Extra_Trees,2026-04-08 14:43:44,0.631,0.6271277245393022,0.003872275460697794,synthetic_full_cycle,synthetic_growth_cycles
BIM-14,OD,machine_learning,Extra_Trees,2026-04-09 16:42:01,0.622,0.6914418302412183,-0.0694418302412183,synthetic_full_cycle,synthetic_growth_cycles
BIM-14,OD,machine_learning,Extra_Trees,2026-04-10 15:33:07,0.648,0.6368164189829311,0.011183581017068955,synthetic_full_cycle,synthetic_growth_cycles
BIM-14,OD,machine_learning,Extra_Trees,2026-04-13 15:49:57,0.674,0.7015907193218287,-0.02759071932182866,synthetic_full_cycle,synthetic_growth_cycles
BIM-14,OD,machine_learning,Extra_Trees,2026-04-14 15:22:24,0.674,0.7040595562499928,-0.03005955624999279,synthetic_full_cycle,synthetic_growth_cycles
BIM-14,OD,machine_learning,Extra_Trees,2026-04-15 15:16:49,0.581,0.6925804569502921,-0.11158045695029217,synthetic_full_cycle,synthetic_growth_cycles
BIM-14,OD,machine_learning,Extra_Trees,2026-04-16 15:06:32,0.527,0.6443196813970543,-0.11731968139705429,synthetic_full_cycle,synthetic_growth_cycles
BIM-14,OD,machine_learning,Extra_Trees,2026-04-20 21:20:18,0.437,0.5662972494967881,-0.12929724949678806,synthetic_full_cycle,synthetic_growth_cycles
BIM-14,OD,machine_learning,Gradient_Boosting,2026-03-27 13:21:46,0.642,0.5875693403120472,0.0544306596879528,synthetic_full_cycle,synthetic_growth_cycles
BIM-14,OD,machine_learning,Gradient_Boosting,2026-03-30 13:03:49,0.594,0.7300556148634472,-0.1360556148634472,synthetic_full_cycle,synthetic_growth_cycles
BIM-14,OD,machine_learning,Gradient_Boosting,2026-03-31 14:52:45,0.702,0.6221083827306932,0.07989161726930671,synthetic_full_cycle,synthetic_growth_cycles
BIM-14,OD,machine_learning,Gradient_Boosting,2026-04-01 14:54:33,0.689,0.7673799399094727,-0.07837993990947278,synthetic_full_cycle,synthetic_growth_cycles
BIM-14,OD,machine_learning,Gradient_Boosting,2026-04-02 14:14:59,0.719,0.7429425867531174,-0.023942586753117445,synthetic_full_cycle,synthetic_growth_cycles
BIM-14,OD,machine_learning,Gradient_Boosting,2026-04-06 15:27:44,0.589,0.7586504453474023,-0.16965044534740237,synthetic_full_cycle,synthetic_growth_cycles
BIM-14,OD,machine_learning,Gradient_Boosting,2026-04-07 15:22:31,0.608,0.5999713799374333,0.00802862006256666,synthetic_full_cycle,synthetic_growth_cycles
BIM-14,OD,machine_learning,Gradient_Boosting,2026-04-08 14:43:44,0.631,0.6401406604941534,-0.009140660494153408,synthetic_full_cycle,synthetic_growth_cycles
BIM-14,OD,machine_learning,Gradient_Boosting,2026-04-09 16:42:01,0.622,0.685439455154443,-0.06343945515444305,synthetic_full_cycle,synthetic_growth_cycles
BIM-14,OD,machine_learning,Gradient_Boosting,2026-04-10 15:33:07,0.648,0.6738686711524848,-0.025868671152484812,synthetic_full_cycle,synthetic_growth_cycles
BIM-14,OD,machine_learning,Gradient_Boosting,2026-04-13 15:49:57,0.674,0.6999354266218509,-0.025935426621850888,synthetic_full_cycle,synthetic_growth_cycles
BIM-14,OD,machine_learning,Gradient_Boosting,2026-04-14 15:22:24,0.674,0.7298866345827336,-0.055886634582733574,synthetic_full_cycle,synthetic_growth_cycles
BIM-14,OD,machine_learning,Gradient_Boosting,2026-04-15 15:16:49,0.581,0.7298866345827336,-0.14888663458273366,synthetic_full_cycle,synthetic_growth_cycles
BIM-14,OD,machine_learning,Gradient_Boosting,2026-04-16 15:06:32,0.527,0.5979907559452219,-0.07099075594522186,synthetic_full_cycle,synthetic_growth_cycles
BIM-14,OD,machine_learning,Gradient_Boosting,2026-04-20 21:20:18,0.437,0.5439820805515565,-0.1069820805515565,synthetic_full_cycle,synthetic_growth_cycles
BIM-14,OD,machine_learning,AdaBoost,2026-03-27 13:21:46,0.642,0.6456079620932329,-0.003607962093232886,synthetic_full_cycle,synthetic_growth_cycles
BIM-14,OD,machine_learning,AdaBoost,2026-03-30 13:03:49,0.594,0.7516882900999959,-0.15768829009999596,synthetic_full_cycle,synthetic_growth_cycles
BIM-14,OD,machine_learning,AdaBoost,2026-03-31 14:52:45,0.702,0.6967402539246434,0.005259746075356508,synthetic_full_cycle,synthetic_growth_cycles
BIM-14,OD,machine_learning,AdaBoost,2026-04-01 14:54:33,0.689,0.8016279686953097,-0.11262796869530978,synthetic_full_cycle,synthetic_growth_cycles
BIM-14,OD,machine_learning,AdaBoost,2026-04-02 14:14:59,0.719,0.792681066584018,-0.07368106658401807,synthetic_full_cycle,synthetic_growth_cycles
BIM-14,OD,machine_learning,AdaBoost,2026-04-06 15:27:44,0.589,0.8113469816925598,-0.22234698169255984,synthetic_full_cycle,synthetic_growth_cycles
BIM-14,OD,machine_learning,AdaBoost,2026-04-07 15:22:31,0.608,0.6940196202533231,-0.0860196202533231,synthetic_full_cycle,synthetic_growth_cycles
BIM-14,OD,machine_learning,AdaBoost,2026-04-08 14:43:44,0.631,0.7160639705117863,-0.08506397051178627,synthetic_full_cycle,synthetic_growth_cycles
BIM-14,OD,machine_learning,AdaBoost,2026-04-09 16:42:01,0.622,0.729912349751777,-0.10791234975177699,synthetic_full_cycle,synthetic_growth_cycles
BIM-14,OD,machine_learning,AdaBoost,2026-04-10 15:33:07,0.648,0.7203549177677266,-0.07235491776772662,synthetic_full_cycle,synthetic_growth_cycles
BIM-14,OD,machine_learning,AdaBoost,2026-04-13 15:49:57,0.674,0.7754466055664649,-0.1014466055664649,synthetic_full_cycle,synthetic_growth_cycles
BIM-14,OD,machine_learning,AdaBoost,2026-04-14 15:22:24,0.674,0.791169545060701,-0.11716954506070099,synthetic_full_cycle,synthetic_growth_cycles
BIM-14,OD,machine_learning,AdaBoost,2026-04-15 15:16:49,0.581,0.791169545060701,-0.21016954506070107,synthetic_full_cycle,synthetic_growth_cycles
BIM-14,OD,machine_learning,AdaBoost,2026-04-16 15:06:32,0.527,0.6940196202533231,-0.16701962025332306,synthetic_full_cycle,synthetic_growth_cycles
BIM-14,OD,machine_learning,AdaBoost,2026-04-20 21:20:18,0.437,0.6069267599700251,-0.1699267599700251,synthetic_full_cycle,synthetic_growth_cycles
BIM-14,OD,machine_learning,SVR,2026-03-27 13:21:46,0.642,0.5869083145363981,0.05509168546360188,synthetic_full_cycle,synthetic_growth_cycles
BIM-14,OD,machine_learning,SVR,2026-03-30 13:03:49,0.594,0.7207268410136565,-0.1267268410136565,synthetic_full_cycle,synthetic_growth_cycles
BIM-14,OD,machine_learning,SVR,2026-03-31 14:52:45,0.702,0.6236785748888969,0.07832142511110307,synthetic_full_cycle,synthetic_growth_cycles
BIM-14,OD,machine_learning,SVR,2026-04-01 14:54:33,0.689,0.7947700134765696,-0.10577001347656967,synthetic_full_cycle,synthetic_growth_cycles
BIM-14,OD,machine_learning,SVR,2026-04-02 14:14:59,0.719,0.7283216207685544,-0.009321620768554473,synthetic_full_cycle,synthetic_growth_cycles
BIM-14,OD,machine_learning,SVR,2026-04-06 15:27:44,0.589,0.737891940282724,-0.148891940282724,synthetic_full_cycle,synthetic_growth_cycles
BIM-14,OD,machine_learning,SVR,2026-04-07 15:22:31,0.608,0.5973121682181929,0.0106878317818071,synthetic_full_cycle,synthetic_growth_cycles
BIM-14,OD,machine_learning,SVR,2026-04-08 14:43:44,0.631,0.6213829137574212,0.009617086242578843,synthetic_full_cycle,synthetic_growth_cycles
BIM-14,OD,machine_learning,SVR,2026-04-09 16:42:01,0.622,0.6626410340963729,-0.040641034096372874,synthetic_full_cycle,synthetic_growth_cycles
BIM-14,OD,machine_learning,SVR,2026-04-10 15:33:07,0.648,0.6369383269123454,0.0110616730876546,synthetic_full_cycle,synthetic_growth_cycles
BIM-14,OD,machine_learning,SVR,2026-04-13 15:49:57,0.674,0.6737411248618512,0.00025887513814881746,synthetic_full_cycle,synthetic_growth_cycles
BIM-14,OD,machine_learning,SVR,2026-04-14 15:22:24,0.674,0.7058656573399341,-0.03186565733993407,synthetic_full_cycle,synthetic_growth_cycles
BIM-14,OD,machine_learning,SVR,2026-04-15 15:16:49,0.581,0.6907170463919421,-0.10971704639194213,synthetic_full_cycle,synthetic_growth_cycles
BIM-14,OD,machine_learning,SVR,2026-04-16 15:06:32,0.527,0.5751187916870577,-0.04811879168705768,synthetic_full_cycle,synthetic_growth_cycles
BIM-14,OD,machine_learning,SVR,2026-04-20 21:20:18,0.437,0.533166548984275,-0.09616654898427496,synthetic_full_cycle,synthetic_growth_cycles
BIM-14,OD,machine_learning,KNN,2026-03-27 13:21:46,0.642,0.5941210328320787,0.04787896716792128,synthetic_full_cycle,synthetic_growth_cycles
BIM-14,OD,machine_learning,KNN,2026-03-30 13:03:49,0.594,0.7286195017755771,-0.13461950177557713,synthetic_full_cycle,synthetic_growth_cycles
BIM-14,OD,machine_learning,KNN,2026-03-31 14:52:45,0.702,0.6028331254388585,0.09916687456114148,synthetic_full_cycle,synthetic_growth_cycles
BIM-14,OD,machine_learning,KNN,2026-04-01 14:54:33,0.689,0.7537985487490501,-0.06479854874905011,synthetic_full_cycle,synthetic_growth_cycles
BIM-14,OD,machine_learning,KNN,2026-04-02 14:14:59,0.719,0.8121897364780484,-0.0931897364780484,synthetic_full_cycle,synthetic_growth_cycles
BIM-14,OD,machine_learning,KNN,2026-04-06 15:27:44,0.589,0.7556611002675115,-0.16666110026751157,synthetic_full_cycle,synthetic_growth_cycles
BIM-14,OD,machine_learning,KNN,2026-04-07 15:22:31,0.608,0.679651163528416,-0.07165116352841605,synthetic_full_cycle,synthetic_growth_cycles
BIM-14,OD,machine_learning,KNN,2026-04-08 14:43:44,0.631,0.6401604143465803,-0.009160414346580326,synthetic_full_cycle,synthetic_growth_cycles
BIM-14,OD,machine_learning,KNN,2026-04-09 16:42:01,0.622,0.6907044968095583,-0.06870449680955826,synthetic_full_cycle,synthetic_growth_cycles
BIM-14,OD,machine_learning,KNN,2026-04-10 15:33:07,0.648,0.6522186651532611,-0.004218665153261081,synthetic_full_cycle,synthetic_growth_cycles
BIM-14,OD,machine_learning,KNN,2026-04-13 15:49:57,0.674,0.6950624865991096,-0.021062486599109587,synthetic_full_cycle,synthetic_growth_cycles
BIM-14,OD,machine_learning,KNN,2026-04-14 15:22:24,0.674,0.7047297033759307,-0.030729703375930617,synthetic_full_cycle,synthetic_growth_cycles
BIM-14,OD,machine_learning,KNN,2026-04-15 15:16:49,0.581,0.6959746042664173,-0.11497460426641737,synthetic_full_cycle,synthetic_growth_cycles
BIM-14,OD,machine_learning,KNN,2026-04-16 15:06:32,0.527,0.6599675087734233,-0.13296750877342323,synthetic_full_cycle,synthetic_growth_cycles
BIM-14,OD,machine_learning,KNN,2026-04-20 21:20:18,0.437,0.586244825260214,-0.14924482526021404,synthetic_full_cycle,synthetic_growth_cycles
BIM-14,OD,machine_learning,Gaussian_Process_Regression,2026-03-27 13:21:46,0.642,0.5947250807333565,0.04727491926664351,synthetic_full_cycle,synthetic_growth_cycles
BIM-14,OD,machine_learning,Gaussian_Process_Regression,2026-03-30 13:03:49,0.594,0.726129640105266,-0.13212964010526607,synthetic_full_cycle,synthetic_growth_cycles
BIM-14,OD,machine_learning,Gaussian_Process_Regression,2026-03-31 14:52:45,0.702,0.6312900257102202,0.07070997428977976,synthetic_full_cycle,synthetic_growth_cycles
BIM-14,OD,machine_learning,Gaussian_Process_Regression,2026-04-01 14:54:33,0.689,0.8034268862541976,-0.11442688625419761,synthetic_full_cycle,synthetic_growth_cycles
BIM-14,OD,machine_learning,Gaussian_Process_Regression,2026-04-02 14:14:59,0.719,0.734904619634694,-0.01590461963469403,synthetic_full_cycle,synthetic_growth_cycles
BIM-14,OD,machine_learning,Gaussian_Process_Regression,2026-04-06 15:27:44,0.589,0.7429356995154334,-0.1539356995154334,synthetic_full_cycle,synthetic_growth_cycles
BIM-14,OD,machine_learning,Gaussian_Process_Regression,2026-04-07 15:22:31,0.608,0.5819952877654926,0.0260047122345074,synthetic_full_cycle,synthetic_growth_cycles
BIM-14,OD,machine_learning,Gaussian_Process_Regression,2026-04-08 14:43:44,0.631,0.664196198945575,-0.03319619894557502,synthetic_full_cycle,synthetic_growth_cycles
BIM-14,OD,machine_learning,Gaussian_Process_Regression,2026-04-09 16:42:01,0.622,0.6672097516040378,-0.04520975160403784,synthetic_full_cycle,synthetic_growth_cycles
BIM-14,OD,machine_learning,Gaussian_Process_Regression,2026-04-10 15:33:07,0.648,0.6399663246740058,0.008033675325994194,synthetic_full_cycle,synthetic_growth_cycles
BIM-14,OD,machine_learning,Gaussian_Process_Regression,2026-04-13 15:49:57,0.674,0.6792791438633721,-0.005279143863372027,synthetic_full_cycle,synthetic_growth_cycles
BIM-14,OD,machine_learning,Gaussian_Process_Regression,2026-04-14 15:22:24,0.674,0.7096803488939595,-0.035680348893959435,synthetic_full_cycle,synthetic_growth_cycles
BIM-14,OD,machine_learning,Gaussian_Process_Regression,2026-04-15 15:16:49,0.581,0.6928666986710503,-0.11186669867105037,synthetic_full_cycle,synthetic_growth_cycles
BIM-14,OD,machine_learning,Gaussian_Process_Regression,2026-04-16 15:06:32,0.527,0.5775470714988448,-0.05054707149884474,synthetic_full_cycle,synthetic_growth_cycles
BIM-14,OD,machine_learning,Gaussian_Process_Regression,2026-04-20 21:20:18,0.437,0.5871722220553454,-0.15017222205534536,synthetic_full_cycle,synthetic_growth_cycles
BIM-14,OD,machine_learning,PLS,2026-03-27 13:21:46,0.642,0.6335198033313219,0.008480196668678164,synthetic_full_cycle,synthetic_growth_cycles
BIM-14,OD,machine_learning,PLS,2026-03-30 13:03:49,0.594,0.6557487298334671,-0.06174872983346713,synthetic_full_cycle,synthetic_growth_cycles
BIM-14,OD,machine_learning,PLS,2026-03-31 14:52:45,0.702,0.6727716556118627,0.029228344388137262,synthetic_full_cycle,synthetic_growth_cycles
BIM-14,OD,machine_learning,PLS,2026-04-01 14:54:33,0.689,0.7153571492410882,-0.02635714924108823,synthetic_full_cycle,synthetic_growth_cycles
BIM-14,OD,machine_learning,PLS,2026-04-02 14:14:59,0.719,0.7300952308670136,-0.011095230867013584,synthetic_full_cycle,synthetic_growth_cycles
BIM-14,OD,machine_learning,PLS,2026-04-06 15:27:44,0.589,0.7657977577372865,-0.17679775773728656,synthetic_full_cycle,synthetic_growth_cycles
BIM-14,OD,machine_learning,PLS,2026-04-07 15:22:31,0.608,0.7293357750714146,-0.12133577507141458,synthetic_full_cycle,synthetic_growth_cycles
BIM-14,OD,machine_learning,PLS,2026-04-08 14:43:44,0.631,0.7049747299475058,-0.07397472994750576,synthetic_full_cycle,synthetic_growth_cycles
BIM-14,OD,machine_learning,PLS,2026-04-09 16:42:01,0.622,0.6820104005683889,-0.06001040056838891,synthetic_full_cycle,synthetic_growth_cycles
BIM-14,OD,machine_learning,PLS,2026-04-10 15:33:07,0.648,0.691244037673572,-0.04324403767357199,synthetic_full_cycle,synthetic_growth_cycles
BIM-14,OD,machine_learning,PLS,2026-04-13 15:49:57,0.674,0.703295333979937,-0.029295333979937,synthetic_full_cycle,synthetic_growth_cycles
BIM-14,OD,machine_learning,PLS,2026-04-14 15:22:24,0.674,0.7169201371622361,-0.04292013716223608,synthetic_full_cycle,synthetic_growth_cycles
BIM-14,OD,machine_learning,PLS,2026-04-15 15:16:49,0.581,0.7318834462046572,-0.1508834462046572,synthetic_full_cycle,synthetic_growth_cycles
BIM-14,OD,machine_learning,PLS,2026-04-16 15:06:32,0.527,0.7091794989230108,-0.18217949892301077,synthetic_full_cycle,synthetic_growth_cycles
BIM-14,OD,machine_learning,PLS,2026-04-20 21:20:18,0.437,0.6640652529907183,-0.22706525299071828,synthetic_full_cycle,synthetic_growth_cycles
BIM-14,OD,machine_learning,PCR,2026-03-27 13:21:46,0.642,0.63545937389993,0.006540626100070002,synthetic_full_cycle,synthetic_growth_cycles
BIM-14,OD,machine_learning,PCR,2026-03-30 13:03:49,0.594,0.6552530534810516,-0.06125305348105159,synthetic_full_cycle,synthetic_growth_cycles
BIM-14,OD,machine_learning,PCR,2026-03-31 14:52:45,0.702,0.6739133662616924,0.028086633738307554,synthetic_full_cycle,synthetic_growth_cycles
BIM-14,OD,machine_learning,PCR,2026-04-01 14:54:33,0.689,0.7155270557853863,-0.02652705578538639,synthetic_full_cycle,synthetic_growth_cycles
BIM-14,OD,machine_learning,PCR,2026-04-02 14:14:59,0.719,0.7298502969348281,-0.010850296934828085,synthetic_full_cycle,synthetic_growth_cycles
BIM-14,OD,machine_learning,PCR,2026-04-06 15:27:44,0.589,0.766746230769466,-0.17774623076946605,synthetic_full_cycle,synthetic_growth_cycles
BIM-14,OD,machine_learning,PCR,2026-04-07 15:22:31,0.608,0.7328413290584596,-0.12484132905845957,synthetic_full_cycle,synthetic_growth_cycles
BIM-14,OD,machine_learning,PCR,2026-04-08 14:43:44,0.631,0.7084351554118744,-0.0774351554118744,synthetic_full_cycle,synthetic_growth_cycles
BIM-14,OD,machine_learning,PCR,2026-04-09 16:42:01,0.622,0.6827911754937617,-0.06079117549376167,synthetic_full_cycle,synthetic_growth_cycles
BIM-14,OD,machine_learning,PCR,2026-04-10 15:33:07,0.648,0.6925663318688262,-0.04456633186882619,synthetic_full_cycle,synthetic_growth_cycles
BIM-14,OD,machine_learning,PCR,2026-04-13 15:49:57,0.674,0.7044505391128805,-0.030450539112880426,synthetic_full_cycle,synthetic_growth_cycles
BIM-14,OD,machine_learning,PCR,2026-04-14 15:22:24,0.674,0.717404464093559,-0.043404464093558914,synthetic_full_cycle,synthetic_growth_cycles
BIM-14,OD,machine_learning,PCR,2026-04-15 15:16:49,0.581,0.7328423889058406,-0.15184238890584068,synthetic_full_cycle,synthetic_growth_cycles
BIM-14,OD,machine_learning,PCR,2026-04-16 15:06:32,0.527,0.7125440458573927,-0.1855440458573927,synthetic_full_cycle,synthetic_growth_cycles
BIM-14,OD,machine_learning,PCR,2026-04-20 21:20:18,0.437,0.6684575894073208,-0.2314575894073208,synthetic_full_cycle,synthetic_growth_cycles
BIM-14,OD,machine_learning,XGBoost,2026-03-27 13:21:46,0.642,0.6298108696937561,0.012189130306243912,synthetic_full_cycle,synthetic_growth_cycles
BIM-14,OD,machine_learning,XGBoost,2026-03-30 13:03:49,0.594,0.7523632049560547,-0.15836320495605472,synthetic_full_cycle,synthetic_growth_cycles
BIM-14,OD,machine_learning,XGBoost,2026-03-31 14:52:45,0.702,0.6111612319946289,0.09083876800537105,synthetic_full_cycle,synthetic_growth_cycles
BIM-14,OD,machine_learning,XGBoost,2026-04-01 14:54:33,0.689,0.8293957114219666,-0.1403957114219666,synthetic_full_cycle,synthetic_growth_cycles
BIM-14,OD,machine_learning,XGBoost,2026-04-02 14:14:59,0.719,0.7549189329147339,-0.035918932914733914,synthetic_full_cycle,synthetic_growth_cycles
BIM-14,OD,machine_learning,XGBoost,2026-04-06 15:27:44,0.589,0.7505072951316833,-0.16150729513168338,synthetic_full_cycle,synthetic_growth_cycles
BIM-14,OD,machine_learning,XGBoost,2026-04-07 15:22:31,0.608,0.5916544198989868,0.01634558010101317,synthetic_full_cycle,synthetic_growth_cycles
BIM-14,OD,machine_learning,XGBoost,2026-04-08 14:43:44,0.631,0.6068078279495239,0.02419217205047608,synthetic_full_cycle,synthetic_growth_cycles
BIM-14,OD,machine_learning,XGBoost,2026-04-09 16:42:01,0.622,0.677099347114563,-0.05509934711456299,synthetic_full_cycle,synthetic_growth_cycles
BIM-14,OD,machine_learning,XGBoost,2026-04-10 15:33:07,0.648,0.65093994140625,-0.0029399414062499796,synthetic_full_cycle,synthetic_growth_cycles
BIM-14,OD,machine_learning,XGBoost,2026-04-13 15:49:57,0.674,0.6975919604301453,-0.02359196043014522,synthetic_full_cycle,synthetic_growth_cycles
BIM-14,OD,machine_learning,XGBoost,2026-04-14 15:22:24,0.674,0.7160491943359375,-0.042049194335937456,synthetic_full_cycle,synthetic_growth_cycles
BIM-14,OD,machine_learning,XGBoost,2026-04-15 15:16:49,0.581,0.7062625288963318,-0.12526252889633183,synthetic_full_cycle,synthetic_growth_cycles
BIM-14,OD,machine_learning,XGBoost,2026-04-16 15:06:32,0.527,0.5992093682289124,-0.07220936822891233,synthetic_full_cycle,synthetic_growth_cycles
BIM-14,OD,machine_learning,XGBoost,2026-04-20 21:20:18,0.437,0.565731406211853,-0.12873140621185303,synthetic_full_cycle,synthetic_growth_cycles
BIM-14,OD,machine_learning,LightGBM,2026-03-27 13:21:46,0.642,0.5903344696350841,0.051665530364915946,synthetic_full_cycle,synthetic_growth_cycles
BIM-14,OD,machine_learning,LightGBM,2026-03-30 13:03:49,0.594,0.7338804807367495,-0.13988048073674952,synthetic_full_cycle,synthetic_growth_cycles
BIM-14,OD,machine_learning,LightGBM,2026-03-31 14:52:45,0.702,0.6128844327512053,0.08911556724879466,synthetic_full_cycle,synthetic_growth_cycles
BIM-14,OD,machine_learning,LightGBM,2026-04-01 14:54:33,0.689,0.7996318678111158,-0.11063186781111589,synthetic_full_cycle,synthetic_growth_cycles
BIM-14,OD,machine_learning,LightGBM,2026-04-02 14:14:59,0.719,0.7448697757176598,-0.025869775717659804,synthetic_full_cycle,synthetic_growth_cycles
BIM-14,OD,machine_learning,LightGBM,2026-04-06 15:27:44,0.589,0.7529591948824093,-0.1639591948824093,synthetic_full_cycle,synthetic_growth_cycles
BIM-14,OD,machine_learning,LightGBM,2026-04-07 15:22:31,0.608,0.5898289298734912,0.01817107012650876,synthetic_full_cycle,synthetic_growth_cycles
BIM-14,OD,machine_learning,LightGBM,2026-04-08 14:43:44,0.631,0.6179675493271741,0.01303245067282588,synthetic_full_cycle,synthetic_growth_cycles
BIM-14,OD,machine_learning,LightGBM,2026-04-09 16:42:01,0.622,0.6762312315761473,-0.05423123157614729,synthetic_full_cycle,synthetic_growth_cycles
BIM-14,OD,machine_learning,LightGBM,2026-04-10 15:33:07,0.648,0.6452555584624332,0.0027444415375668108,synthetic_full_cycle,synthetic_growth_cycles
BIM-14,OD,machine_learning,LightGBM,2026-04-13 15:49:57,0.674,0.6936646000563481,-0.01966460005634807,synthetic_full_cycle,synthetic_growth_cycles
BIM-14,OD,machine_learning,LightGBM,2026-04-14 15:22:24,0.674,0.7186501557101388,-0.04465015571013875,synthetic_full_cycle,synthetic_growth_cycles
BIM-14,OD,machine_learning,LightGBM,2026-04-15 15:16:49,0.581,0.711899620093341,-0.130899620093341,synthetic_full_cycle,synthetic_growth_cycles
BIM-14,OD,machine_learning,LightGBM,2026-04-16 15:06:32,0.527,0.5884237103485027,-0.06142371034850269,synthetic_full_cycle,synthetic_growth_cycles
BIM-14,OD,machine_learning,LightGBM,2026-04-20 21:20:18,0.437,0.5415604969372081,-0.10456049693720809,synthetic_full_cycle,synthetic_growth_cycles
BIM-14,OD,machine_learning,CatBoost,2026-03-27 13:21:46,0.642,0.5838387299068664,0.058161270093133655,synthetic_full_cycle,synthetic_growth_cycles
BIM-14,OD,machine_learning,CatBoost,2026-03-30 13:03:49,0.594,0.7306211666268829,-0.13662116662688295,synthetic_full_cycle,synthetic_growth_cycles
BIM-14,OD,machine_learning,CatBoost,2026-03-31 14:52:45,0.702,0.609515661548775,0.09248433845122495,synthetic_full_cycle,synthetic_growth_cycles
BIM-14,OD,machine_learning,CatBoost,2026-04-01 14:54:33,0.689,0.8178143093793737,-0.12881430937937377,synthetic_full_cycle,synthetic_growth_cycles
BIM-14,OD,machine_learning,CatBoost,2026-04-02 14:14:59,0.719,0.7218012192350575,-0.002801219235057495,synthetic_full_cycle,synthetic_growth_cycles
BIM-14,OD,machine_learning,CatBoost,2026-04-06 15:27:44,0.589,0.750718671262806,-0.16171867126280604,synthetic_full_cycle,synthetic_growth_cycles
BIM-14,OD,machine_learning,CatBoost,2026-04-07 15:22:31,0.608,0.5716934872611077,0.036306512738892294,synthetic_full_cycle,synthetic_growth_cycles
BIM-14,OD,machine_learning,CatBoost,2026-04-08 14:43:44,0.631,0.638420952720575,-0.007420952720574969,synthetic_full_cycle,synthetic_growth_cycles
BIM-14,OD,machine_learning,CatBoost,2026-04-09 16:42:01,0.622,0.6737569041918313,-0.05175690419183132,synthetic_full_cycle,synthetic_growth_cycles
BIM-14,OD,machine_learning,CatBoost,2026-04-10 15:33:07,0.648,0.6373451691180207,0.010654830881979271,synthetic_full_cycle,synthetic_growth_cycles
BIM-14,OD,machine_learning,CatBoost,2026-04-13 15:49:57,0.674,0.708057035804971,-0.03405703580497099,synthetic_full_cycle,synthetic_growth_cycles
BIM-14,OD,machine_learning,CatBoost,2026-04-14 15:22:24,0.674,0.7196004891909483,-0.04560048919094828,synthetic_full_cycle,synthetic_growth_cycles
BIM-14,OD,machine_learning,CatBoost,2026-04-15 15:16:49,0.581,0.7027176385626228,-0.12171763856262285,synthetic_full_cycle,synthetic_growth_cycles
BIM-14,OD,machine_learning,CatBoost,2026-04-16 15:06:32,0.527,0.567584126950624,-0.04058412695062397,synthetic_full_cycle,synthetic_growth_cycles
BIM-14,OD,machine_learning,CatBoost,2026-04-20 21:20:18,0.437,0.5694305617598023,-0.13243056175980233,synthetic_full_cycle,synthetic_growth_cycles
BIM-14,OD,deep_learning,MLP,2026-03-30 13:03:49,0.594,0.7325988030010928,-0.13859880300109284,synthetic_full_cycle,synthetic_growth_cycles
BIM-14,OD,deep_learning,MLP,2026-03-31 14:52:45,0.702,0.6064484605460134,0.09555153945398653,synthetic_full_cycle,synthetic_growth_cycles
BIM-14,OD,deep_learning,MLP,2026-04-01 14:54:33,0.689,0.7589790689277489,-0.06997906892774897,synthetic_full_cycle,synthetic_growth_cycles
BIM-14,OD,deep_learning,MLP,2026-04-02 14:14:59,0.719,0.7330664037907664,-0.014066403790766402,synthetic_full_cycle,synthetic_growth_cycles
BIM-14,OD,deep_learning,MLP,2026-04-06 15:27:44,0.589,0.7438484005027055,-0.15484840050270554,synthetic_full_cycle,synthetic_growth_cycles
BIM-14,OD,deep_learning,MLP,2026-04-07 15:22:31,0.608,0.5879350787124533,0.020064921287546666,synthetic_full_cycle,synthetic_growth_cycles
BIM-14,OD,deep_learning,MLP,2026-04-08 14:43:44,0.631,0.6205399807512004,0.010460019248799579,synthetic_full_cycle,synthetic_growth_cycles
BIM-14,OD,deep_learning,MLP,2026-04-09 16:42:01,0.622,0.696920840209462,-0.07492084020946199,synthetic_full_cycle,synthetic_growth_cycles
BIM-14,OD,deep_learning,MLP,2026-04-10 15:33:07,0.648,0.6625905303513515,-0.014590530351351494,synthetic_full_cycle,synthetic_growth_cycles
BIM-14,OD,deep_learning,MLP,2026-04-13 15:49:57,0.674,0.698606330583756,-0.024606330583755942,synthetic_full_cycle,synthetic_growth_cycles
BIM-14,OD,deep_learning,MLP,2026-04-14 15:22:24,0.674,0.7471647271765236,-0.07316472717652356,synthetic_full_cycle,synthetic_growth_cycles
BIM-14,OD,deep_learning,MLP,2026-04-15 15:16:49,0.581,0.7293255952251794,-0.1483255952251794,synthetic_full_cycle,synthetic_growth_cycles
BIM-14,OD,deep_learning,MLP,2026-04-16 15:06:32,0.527,0.5846327281943531,-0.057632728194353056,synthetic_full_cycle,synthetic_growth_cycles
BIM-14,OD,deep_learning,MLP,2026-04-20 21:20:18,0.437,0.5974952973894438,-0.16049529738944385,synthetic_full_cycle,synthetic_growth_cycles
BIM-15,OD,machine_learning,Linear_Regression,2026-03-26 12:54:27,0.565,0.5753714026094369,-0.01037140260943692,synthetic_full_cycle,synthetic_growth_cycles
BIM-15,OD,machine_learning,Linear_Regression,2026-03-27 13:23:13,0.61,0.5435700888399004,0.06642991116009955,synthetic_full_cycle,synthetic_growth_cycles
BIM-15,OD,machine_learning,Linear_Regression,2026-03-30 13:14:36,0.788,0.6502984764012112,0.13770152359878884,synthetic_full_cycle,synthetic_growth_cycles
BIM-15,OD,machine_learning,Linear_Regression,2026-03-31 14:54:02,0.826,0.8985148911670603,-0.07251489116706034,synthetic_full_cycle,synthetic_growth_cycles
BIM-15,OD,machine_learning,Linear_Regression,2026-04-01 14:56:32,0.806,0.8649810786188826,-0.058981078618882576,synthetic_full_cycle,synthetic_growth_cycles
BIM-15,OD,machine_learning,Linear_Regression,2026-04-02 14:19:04,0.856,0.8035792044859443,0.05242079551405565,synthetic_full_cycle,synthetic_growth_cycles
BIM-15,OD,machine_learning,Linear_Regression,2026-04-06 15:30:24,0.706,0.8852660826222297,-0.17926608262222976,synthetic_full_cycle,synthetic_growth_cycles
BIM-15,OD,machine_learning,Linear_Regression,2026-04-07 15:24:25,0.677,0.6382519542720376,0.03874804572796242,synthetic_full_cycle,synthetic_growth_cycles
BIM-15,OD,machine_learning,Linear_Regression,2026-04-08 14:44:57,0.633,0.6646255237457299,-0.03162552374572991,synthetic_full_cycle,synthetic_growth_cycles
BIM-15,OD,machine_learning,Linear_Regression,2026-04-09 16:42:52,0.566,0.6240045517780307,-0.058004551778030766,synthetic_full_cycle,synthetic_growth_cycles
BIM-15,OD,machine_learning,Linear_Regression,2026-04-10 15:35:36,0.612,0.5475580578749717,0.0644419421250283,synthetic_full_cycle,synthetic_growth_cycles
BIM-15,OD,machine_learning,Polynomial_Regression,2026-03-26 12:54:27,0.565,0.6203997035640059,-0.05539970356400592,synthetic_full_cycle,synthetic_growth_cycles
BIM-15,OD,machine_learning,Polynomial_Regression,2026-03-27 13:23:13,0.61,0.4881976097803077,0.1218023902196923,synthetic_full_cycle,synthetic_growth_cycles
BIM-15,OD,machine_learning,Polynomial_Regression,2026-03-30 13:14:36,0.788,0.6399567858668378,0.14804321413316224,synthetic_full_cycle,synthetic_growth_cycles
BIM-15,OD,machine_learning,Polynomial_Regression,2026-03-31 14:54:02,0.826,0.9075620234281776,-0.08156202342817764,synthetic_full_cycle,synthetic_growth_cycles
BIM-15,OD,machine_learning,Polynomial_Regression,2026-04-01 14:56:32,0.806,0.878366064255377,-0.07236606425537695,synthetic_full_cycle,synthetic_growth_cycles
BIM-15,OD,machine_learning,Polynomial_Regression,2026-04-02 14:19:04,0.856,0.8091846082387698,0.046815391761230174,synthetic_full_cycle,synthetic_growth_cycles
BIM-15,OD,machine_learning,Polynomial_Regression,2026-04-06 15:30:24,0.706,0.8786565791178691,-0.17265657911786914,synthetic_full_cycle,synthetic_growth_cycles
BIM-15,OD,machine_learning,Polynomial_Regression,2026-04-07 15:24:25,0.677,0.6612545796147112,0.01574542038528881,synthetic_full_cycle,synthetic_growth_cycles
BIM-15,OD,machine_learning,Polynomial_Regression,2026-04-08 14:44:57,0.633,0.6208310974486166,0.012168902551383365,synthetic_full_cycle,synthetic_growth_cycles
BIM-15,OD,machine_learning,Polynomial_Regression,2026-04-09 16:42:52,0.566,0.6090979273143812,-0.043097927314381224,synthetic_full_cycle,synthetic_growth_cycles
BIM-15,OD,machine_learning,Polynomial_Regression,2026-04-10 15:35:36,0.612,0.5224692648440239,0.0895307351559761,synthetic_full_cycle,synthetic_growth_cycles
BIM-15,OD,machine_learning,Ridge,2026-03-26 12:54:27,0.565,0.5826868176587193,-0.017686817658719378,synthetic_full_cycle,synthetic_growth_cycles
BIM-15,OD,machine_learning,Ridge,2026-03-27 13:23:13,0.61,0.5429278119774514,0.06707218802254855,synthetic_full_cycle,synthetic_growth_cycles
BIM-15,OD,machine_learning,Ridge,2026-03-30 13:14:36,0.788,0.6482807978771455,0.1397192021228545,synthetic_full_cycle,synthetic_growth_cycles
BIM-15,OD,machine_learning,Ridge,2026-03-31 14:54:02,0.826,0.8946498721349277,-0.06864987213492779,synthetic_full_cycle,synthetic_growth_cycles
BIM-15,OD,machine_learning,Ridge,2026-04-01 14:56:32,0.806,0.8676742284165825,-0.06167422841658243,synthetic_full_cycle,synthetic_growth_cycles
BIM-15,OD,machine_learning,Ridge,2026-04-02 14:19:04,0.856,0.8050781222194032,0.05092187778059676,synthetic_full_cycle,synthetic_growth_cycles
BIM-15,OD,machine_learning,Ridge,2026-04-06 15:30:24,0.706,0.8835561728866824,-0.17755617288668246,synthetic_full_cycle,synthetic_growth_cycles
BIM-15,OD,machine_learning,Ridge,2026-04-07 15:24:25,0.677,0.6437758987959039,0.033224101204096135,synthetic_full_cycle,synthetic_growth_cycles
BIM-15,OD,machine_learning,Ridge,2026-04-08 14:44:57,0.633,0.6627474890635286,-0.029747489063528643,synthetic_full_cycle,synthetic_growth_cycles
BIM-15,OD,machine_learning,Ridge,2026-04-09 16:42:52,0.566,0.6250696240025199,-0.059069624002519916,synthetic_full_cycle,synthetic_growth_cycles
BIM-15,OD,machine_learning,Ridge,2026-04-10 15:35:36,0.612,0.5490605395175854,0.06293946048241461,synthetic_full_cycle,synthetic_growth_cycles
BIM-15,OD,machine_learning,Lasso,2026-03-26 12:54:27,0.565,0.6586497963947767,-0.09364979639477677,synthetic_full_cycle,synthetic_growth_cycles
BIM-15,OD,machine_learning,Lasso,2026-03-27 13:23:13,0.61,0.5790716057087606,0.03092839429123939,synthetic_full_cycle,synthetic_growth_cycles
BIM-15,OD,machine_learning,Lasso,2026-03-30 13:14:36,0.788,0.6423973312462857,0.1456026687537143,synthetic_full_cycle,synthetic_growth_cycles
BIM-15,OD,machine_learning,Lasso,2026-03-31 14:54:02,0.826,0.833922497207579,-0.007922497207579093,synthetic_full_cycle,synthetic_growth_cycles
BIM-15,OD,machine_learning,Lasso,2026-04-01 14:56:32,0.806,0.8679067739044541,-0.06190677390445409,synthetic_full_cycle,synthetic_growth_cycles
BIM-15,OD,machine_learning,Lasso,2026-04-02 14:19:04,0.856,0.8259366882776505,0.03006331172234944,synthetic_full_cycle,synthetic_growth_cycles
BIM-15,OD,machine_learning,Lasso,2026-04-06 15:30:24,0.706,0.8731856446851424,-0.1671856446851424,synthetic_full_cycle,synthetic_growth_cycles
BIM-15,OD,machine_learning,Lasso,2026-04-07 15:24:25,0.677,0.7202139965392824,-0.04321399653928237,synthetic_full_cycle,synthetic_growth_cycles
BIM-15,OD,machine_learning,Lasso,2026-04-08 14:44:57,0.633,0.6842071223161222,-0.05120712231612223,synthetic_full_cycle,synthetic_growth_cycles
BIM-15,OD,machine_learning,Lasso,2026-04-09 16:42:52,0.566,0.656546766542526,-0.09054676654252602,synthetic_full_cycle,synthetic_growth_cycles
BIM-15,OD,machine_learning,Lasso,2026-04-10 15:35:36,0.612,0.5906156420415869,0.02138435795841309,synthetic_full_cycle,synthetic_growth_cycles
BIM-15,OD,machine_learning,Elastic_Net,2026-03-26 12:54:27,0.565,0.656730848492965,-0.09173084849296509,synthetic_full_cycle,synthetic_growth_cycles
BIM-15,OD,machine_learning,Elastic_Net,2026-03-27 13:23:13,0.61,0.5689897538849649,0.04101024611503512,synthetic_full_cycle,synthetic_growth_cycles
BIM-15,OD,machine_learning,Elastic_Net,2026-03-30 13:14:36,0.788,0.6396693499224014,0.1483306500775986,synthetic_full_cycle,synthetic_growth_cycles
BIM-15,OD,machine_learning,Elastic_Net,2026-03-31 14:54:02,0.826,0.8403427521648242,-0.01434275216482428,synthetic_full_cycle,synthetic_growth_cycles
BIM-15,OD,machine_learning,Elastic_Net,2026-04-01 14:56:32,0.806,0.8739455017708265,-0.06794550177082648,synthetic_full_cycle,synthetic_growth_cycles
BIM-15,OD,machine_learning,Elastic_Net,2026-04-02 14:19:04,0.856,0.8240315332774785,0.031968466722521516,synthetic_full_cycle,synthetic_growth_cycles
BIM-15,OD,machine_learning,Elastic_Net,2026-04-06 15:30:24,0.706,0.8716350327294122,-0.16563503272941227,synthetic_full_cycle,synthetic_growth_cycles
BIM-15,OD,machine_learning,Elastic_Net,2026-04-07 15:24:25,0.677,0.7138037193685277,-0.036803719368527665,synthetic_full_cycle,synthetic_growth_cycles
BIM-15,OD,machine_learning,Elastic_Net,2026-04-08 14:44:57,0.633,0.6746819927399575,-0.04168199273995754,synthetic_full_cycle,synthetic_growth_cycles
BIM-15,OD,machine_learning,Elastic_Net,2026-04-09 16:42:52,0.566,0.6514167238285584,-0.08541672382855847,synthetic_full_cycle,synthetic_growth_cycles
BIM-15,OD,machine_learning,Elastic_Net,2026-04-10 15:35:36,0.612,0.5841253083405051,0.027874691659494855,synthetic_full_cycle,synthetic_growth_cycles
BIM-15,OD,machine_learning,Decision_Trees,2026-03-26 12:54:27,0.565,0.6420412900033536,-0.07704129000335369,synthetic_full_cycle,synthetic_growth_cycles
BIM-15,OD,machine_learning,Decision_Trees,2026-03-27 13:23:13,0.61,0.6420412900033536,-0.03204129000335365,synthetic_full_cycle,synthetic_growth_cycles
BIM-15,OD,machine_learning,Decision_Trees,2026-03-30 13:14:36,0.788,0.6420412900033536,0.1459587099966464,synthetic_full_cycle,synthetic_growth_cycles
BIM-15,OD,machine_learning,Decision_Trees,2026-03-31 14:54:02,0.826,0.840027132436049,-0.014027132436049028,synthetic_full_cycle,synthetic_growth_cycles
BIM-15,OD,machine_learning,Decision_Trees,2026-04-01 14:56:32,0.806,0.840027132436049,-0.034027132436048935,synthetic_full_cycle,synthetic_growth_cycles
BIM-15,OD,machine_learning,Decision_Trees,2026-04-02 14:19:04,0.856,0.840027132436049,0.015972867563951,synthetic_full_cycle,synthetic_growth_cycles
BIM-15,OD,machine_learning,Decision_Trees,2026-04-06 15:30:24,0.706,0.8975511641109808,-0.19155116411098083,synthetic_full_cycle,synthetic_growth_cycles
BIM-15,OD,machine_learning,Decision_Trees,2026-04-07 15:24:25,0.677,0.7865185396036304,-0.10951853960363034,synthetic_full_cycle,synthetic_growth_cycles
BIM-15,OD,machine_learning,Decision_Trees,2026-04-08 14:44:57,0.633,0.7865185396036304,-0.15351853960363038,synthetic_full_cycle,synthetic_growth_cycles
BIM-15,OD,machine_learning,Decision_Trees,2026-04-09 16:42:52,0.566,0.6420412900033536,-0.07604129000335369,synthetic_full_cycle,synthetic_growth_cycles
BIM-15,OD,machine_learning,Decision_Trees,2026-04-10 15:35:36,0.612,0.6420412900033536,-0.03004129000335365,synthetic_full_cycle,synthetic_growth_cycles
BIM-15,OD,machine_learning,Random_Forest,2026-03-26 12:54:27,0.565,0.6548149657350983,-0.0898149657350984,synthetic_full_cycle,synthetic_growth_cycles
BIM-15,OD,machine_learning,Random_Forest,2026-03-27 13:23:13,0.61,0.6479416639587199,-0.037941663958719896,synthetic_full_cycle,synthetic_growth_cycles
BIM-15,OD,machine_learning,Random_Forest,2026-03-30 13:14:36,0.788,0.6489039534789375,0.13909604652106256,synthetic_full_cycle,synthetic_growth_cycles
BIM-15,OD,machine_learning,Random_Forest,2026-03-31 14:54:02,0.826,0.9306037959601359,-0.10460379596013591,synthetic_full_cycle,synthetic_growth_cycles
BIM-15,OD,machine_learning,Random_Forest,2026-04-01 14:56:32,0.806,0.877523849681551,-0.0715238496815509,synthetic_full_cycle,synthetic_growth_cycles
BIM-15,OD,machine_learning,Random_Forest,2026-04-02 14:19:04,0.856,0.8013142816261746,0.05468571837382541,synthetic_full_cycle,synthetic_growth_cycles
BIM-15,OD,machine_learning,Random_Forest,2026-04-06 15:30:24,0.706,0.8629271870294458,-0.15692718702944586,synthetic_full_cycle,synthetic_growth_cycles
BIM-15,OD,machine_learning,Random_Forest,2026-04-07 15:24:25,0.677,0.6260310843247034,0.0509689156752966,synthetic_full_cycle,synthetic_growth_cycles
BIM-15,OD,machine_learning,Random_Forest,2026-04-08 14:44:57,0.633,0.6835557150082089,-0.05055571500820888,synthetic_full_cycle,synthetic_growth_cycles
BIM-15,OD,machine_learning,Random_Forest,2026-04-09 16:42:52,0.566,0.6602981345298206,-0.09429813452982061,synthetic_full_cycle,synthetic_growth_cycles
BIM-15,OD,machine_learning,Random_Forest,2026-04-10 15:35:36,0.612,0.6499003359846598,-0.037900335984659805,synthetic_full_cycle,synthetic_growth_cycles
BIM-15,OD,machine_learning,Extra_Trees,2026-03-26 12:54:27,0.565,0.6865681996974883,-0.12156819969748833,synthetic_full_cycle,synthetic_growth_cycles
BIM-15,OD,machine_learning,Extra_Trees,2026-03-27 13:23:13,0.61,0.5908690005532471,0.019130999446752894,synthetic_full_cycle,synthetic_growth_cycles
BIM-15,OD,machine_learning,Extra_Trees,2026-03-30 13:14:36,0.788,0.6443367110435838,0.14366328895641622,synthetic_full_cycle,synthetic_growth_cycles
BIM-15,OD,machine_learning,Extra_Trees,2026-03-31 14:54:02,0.826,0.9125072742090787,-0.08650727420907878,synthetic_full_cycle,synthetic_growth_cycles
BIM-15,OD,machine_learning,Extra_Trees,2026-04-01 14:56:32,0.806,0.8627961499141078,-0.05679614991410775,synthetic_full_cycle,synthetic_growth_cycles
BIM-15,OD,machine_learning,Extra_Trees,2026-04-02 14:19:04,0.856,0.7932543679924224,0.06274563200757755,synthetic_full_cycle,synthetic_growth_cycles
BIM-15,OD,machine_learning,Extra_Trees,2026-04-06 15:30:24,0.706,0.859805913156127,-0.15380591315612702,synthetic_full_cycle,synthetic_growth_cycles
BIM-15,OD,machine_learning,Extra_Trees,2026-04-07 15:24:25,0.677,0.6321321100870905,0.044867889912909575,synthetic_full_cycle,synthetic_growth_cycles
BIM-15,OD,machine_learning,Extra_Trees,2026-04-08 14:44:57,0.633,0.6660365520234096,-0.033036552023409604,synthetic_full_cycle,synthetic_growth_cycles
BIM-15,OD,machine_learning,Extra_Trees,2026-04-09 16:42:52,0.566,0.657418821093898,-0.0914188210938981,synthetic_full_cycle,synthetic_growth_cycles
BIM-15,OD,machine_learning,Extra_Trees,2026-04-10 15:35:36,0.612,0.5941806895959393,0.017819310404060706,synthetic_full_cycle,synthetic_growth_cycles
BIM-15,OD,machine_learning,Gradient_Boosting,2026-03-26 12:54:27,0.565,0.6687465802425865,-0.10374658024258654,synthetic_full_cycle,synthetic_growth_cycles
BIM-15,OD,machine_learning,Gradient_Boosting,2026-03-27 13:23:13,0.61,0.5588055498464768,0.0511944501535232,synthetic_full_cycle,synthetic_growth_cycles
BIM-15,OD,machine_learning,Gradient_Boosting,2026-03-30 13:14:36,0.788,0.6580553567162722,0.1299446432837278,synthetic_full_cycle,synthetic_growth_cycles
BIM-15,OD,machine_learning,Gradient_Boosting,2026-03-31 14:54:02,0.826,0.8730605195595664,-0.04706051955956647,synthetic_full_cycle,synthetic_growth_cycles
BIM-15,OD,machine_learning,Gradient_Boosting,2026-04-01 14:56:32,0.806,0.883392008897776,-0.07739200889777598,synthetic_full_cycle,synthetic_growth_cycles
BIM-15,OD,machine_learning,Gradient_Boosting,2026-04-02 14:19:04,0.856,0.8084020771226537,0.04759792287734632,synthetic_full_cycle,synthetic_growth_cycles
BIM-15,OD,machine_learning,Gradient_Boosting,2026-04-06 15:30:24,0.706,0.8628269592850217,-0.15682695928502177,synthetic_full_cycle,synthetic_growth_cycles
BIM-15,OD,machine_learning,Gradient_Boosting,2026-04-07 15:24:25,0.677,0.6917232415994026,-0.014723241599402526,synthetic_full_cycle,synthetic_growth_cycles
BIM-15,OD,machine_learning,Gradient_Boosting,2026-04-08 14:44:57,0.633,0.6634291809094552,-0.030429180909455233,synthetic_full_cycle,synthetic_growth_cycles
BIM-15,OD,machine_learning,Gradient_Boosting,2026-04-09 16:42:52,0.566,0.6774768638240006,-0.11147686382400068,synthetic_full_cycle,synthetic_growth_cycles
BIM-15,OD,machine_learning,Gradient_Boosting,2026-04-10 15:35:36,0.612,0.5870530917724028,0.024946908227597153,synthetic_full_cycle,synthetic_growth_cycles
BIM-15,OD,machine_learning,AdaBoost,2026-03-26 12:54:27,0.565,0.7182873634005723,-0.15328736340057236,synthetic_full_cycle,synthetic_growth_cycles
BIM-15,OD,machine_learning,AdaBoost,2026-03-27 13:23:13,0.61,0.654566618222911,-0.04456661822291097,synthetic_full_cycle,synthetic_growth_cycles
BIM-15,OD,machine_learning,AdaBoost,2026-03-30 13:14:36,0.788,0.7160639705117863,0.07193602948821376,synthetic_full_cycle,synthetic_growth_cycles
BIM-15,OD,machine_learning,AdaBoost,2026-03-31 14:54:02,0.826,0.8382145412257417,-0.012214541225741726,synthetic_full_cycle,synthetic_growth_cycles
BIM-15,OD,machine_learning,AdaBoost,2026-04-01 14:56:32,0.806,0.8261471998514381,-0.02014719985143809,synthetic_full_cycle,synthetic_growth_cycles
BIM-15,OD,machine_learning,AdaBoost,2026-04-02 14:19:04,0.856,0.8261471998514381,0.029852800148561842,synthetic_full_cycle,synthetic_growth_cycles
BIM-15,OD,machine_learning,AdaBoost,2026-04-06 15:30:24,0.706,0.8509127473252825,-0.1449127473252826,synthetic_full_cycle,synthetic_growth_cycles
BIM-15,OD,machine_learning,AdaBoost,2026-04-07 15:24:25,0.677,0.792681066584018,-0.115681066584018,synthetic_full_cycle,synthetic_growth_cycles
BIM-15,OD,machine_learning,AdaBoost,2026-04-08 14:44:57,0.633,0.791169545060701,-0.15816954506070102,synthetic_full_cycle,synthetic_growth_cycles
BIM-15,OD,machine_learning,AdaBoost,2026-04-09 16:42:52,0.566,0.729912349751777,-0.16391234975177704,synthetic_full_cycle,synthetic_growth_cycles
BIM-15,OD,machine_learning,AdaBoost,2026-04-10 15:35:36,0.612,0.654566618222911,-0.04256661822291097,synthetic_full_cycle,synthetic_growth_cycles
BIM-15,OD,machine_learning,SVR,2026-03-26 12:54:27,0.565,0.7103407794319945,-0.14534077943199453,synthetic_full_cycle,synthetic_growth_cycles
BIM-15,OD,machine_learning,SVR,2026-03-27 13:23:13,0.61,0.5569161263415969,0.05308387365840306,synthetic_full_cycle,synthetic_growth_cycles
BIM-15,OD,machine_learning,SVR,2026-03-30 13:14:36,0.788,0.6456875357206027,0.14231246427939737,synthetic_full_cycle,synthetic_growth_cycles
BIM-15,OD,machine_learning,SVR,2026-03-31 14:54:02,0.826,0.9170303672046659,-0.09103036720466595,synthetic_full_cycle,synthetic_growth_cycles
BIM-15,OD,machine_learning,SVR,2026-04-01 14:56:32,0.806,0.8749782989624473,-0.06897829896244723,synthetic_full_cycle,synthetic_growth_cycles
BIM-15,OD,machine_learning,SVR,2026-04-02 14:19:04,0.856,0.8083852927699391,0.04761470723006089,synthetic_full_cycle,synthetic_growth_cycles
BIM-15,OD,machine_learning,SVR,2026-04-06 15:30:24,0.706,0.8646017713137153,-0.15860177131371533,synthetic_full_cycle,synthetic_growth_cycles
BIM-15,OD,machine_learning,SVR,2026-04-07 15:24:25,0.677,0.6636845653542671,0.013315434645732926,synthetic_full_cycle,synthetic_growth_cycles
BIM-15,OD,machine_learning,SVR,2026-04-08 14:44:57,0.633,0.6558680303100155,-0.022868030310015497,synthetic_full_cycle,synthetic_growth_cycles
BIM-15,OD,machine_learning,SVR,2026-04-09 16:42:52,0.566,0.6148903865627906,-0.048890386562790655,synthetic_full_cycle,synthetic_growth_cycles
BIM-15,OD,machine_learning,SVR,2026-04-10 15:35:36,0.612,0.5529718648986485,0.05902813510135152,synthetic_full_cycle,synthetic_growth_cycles
BIM-15,OD,machine_learning,KNN,2026-03-26 12:54:27,0.565,0.7631757626467169,-0.198175762646717,synthetic_full_cycle,synthetic_growth_cycles
BIM-15,OD,machine_learning,KNN,2026-03-27 13:23:13,0.61,0.621346323275973,-0.011346323275972958,synthetic_full_cycle,synthetic_growth_cycles
BIM-15,OD,machine_learning,KNN,2026-03-30 13:14:36,0.788,0.631407629490354,0.15659237050964603,synthetic_full_cycle,synthetic_growth_cycles
BIM-15,OD,machine_learning,KNN,2026-03-31 14:54:02,0.826,0.9041142653866371,-0.07811426538663713,synthetic_full_cycle,synthetic_growth_cycles
BIM-15,OD,machine_learning,KNN,2026-04-01 14:56:32,0.806,0.8658613104505064,-0.059861310450506355,synthetic_full_cycle,synthetic_growth_cycles
BIM-15,OD,machine_learning,KNN,2026-04-02 14:19:04,0.856,0.8088828271783152,0.047117172821684816,synthetic_full_cycle,synthetic_growth_cycles
BIM-15,OD,machine_learning,KNN,2026-04-06 15:30:24,0.706,0.8666607267256462,-0.16066072672564624,synthetic_full_cycle,synthetic_growth_cycles
BIM-15,OD,machine_learning,KNN,2026-04-07 15:24:25,0.677,0.6212814889421227,0.055718511057877396,synthetic_full_cycle,synthetic_growth_cycles
BIM-15,OD,machine_learning,KNN,2026-04-08 14:44:57,0.633,0.6510019977830209,-0.018001997783020918,synthetic_full_cycle,synthetic_growth_cycles
BIM-15,OD,machine_learning,KNN,2026-04-09 16:42:52,0.566,0.6580574202189782,-0.09205742021897823,synthetic_full_cycle,synthetic_growth_cycles
BIM-15,OD,machine_learning,KNN,2026-04-10 15:35:36,0.612,0.624953887802166,-0.012953887802165998,synthetic_full_cycle,synthetic_growth_cycles
BIM-15,OD,machine_learning,Gaussian_Process_Regression,2026-03-26 12:54:27,0.565,0.7476875482917499,-0.18268754829174993,synthetic_full_cycle,synthetic_growth_cycles
BIM-15,OD,machine_learning,Gaussian_Process_Regression,2026-03-27 13:23:13,0.61,0.668879730407216,-0.05887973040721606,synthetic_full_cycle,synthetic_growth_cycles
BIM-15,OD,machine_learning,Gaussian_Process_Regression,2026-03-30 13:14:36,0.788,0.6552845847867961,0.13271541521320396,synthetic_full_cycle,synthetic_growth_cycles
BIM-15,OD,machine_learning,Gaussian_Process_Regression,2026-03-31 14:54:02,0.826,0.9172207600653175,-0.09122076006531754,synthetic_full_cycle,synthetic_growth_cycles
BIM-15,OD,machine_learning,Gaussian_Process_Regression,2026-04-01 14:56:32,0.806,0.8765947302716337,-0.07059473027163365,synthetic_full_cycle,synthetic_growth_cycles
BIM-15,OD,machine_learning,Gaussian_Process_Regression,2026-04-02 14:19:04,0.856,0.8063341675342762,0.04966583246572376,synthetic_full_cycle,synthetic_growth_cycles
BIM-15,OD,machine_learning,Gaussian_Process_Regression,2026-04-06 15:30:24,0.706,0.8649807867768026,-0.1589807867768026,synthetic_full_cycle,synthetic_growth_cycles
BIM-15,OD,machine_learning,Gaussian_Process_Regression,2026-04-07 15:24:25,0.677,0.624716381875891,0.05228361812410909,synthetic_full_cycle,synthetic_growth_cycles
BIM-15,OD,machine_learning,Gaussian_Process_Regression,2026-04-08 14:44:57,0.633,0.7153658676375074,-0.08236586763750742,synthetic_full_cycle,synthetic_growth_cycles
BIM-15,OD,machine_learning,Gaussian_Process_Regression,2026-04-09 16:42:52,0.566,0.6222114136711234,-0.05621141367112348,synthetic_full_cycle,synthetic_growth_cycles
BIM-15,OD,machine_learning,Gaussian_Process_Regression,2026-04-10 15:35:36,0.612,0.5730912644194553,0.03890873558054464,synthetic_full_cycle,synthetic_growth_cycles
BIM-15,OD,machine_learning,PLS,2026-03-26 12:54:27,0.565,0.7352373593880216,-0.17023735938802165,synthetic_full_cycle,synthetic_growth_cycles
BIM-15,OD,machine_learning,PLS,2026-03-27 13:23:13,0.61,0.7146353627894447,-0.10463536278944474,synthetic_full_cycle,synthetic_growth_cycles
BIM-15,OD,machine_learning,PLS,2026-03-30 13:14:36,0.788,0.6724047949732169,0.11559520502678311,synthetic_full_cycle,synthetic_growth_cycles
BIM-15,OD,machine_learning,PLS,2026-03-31 14:54:02,0.826,0.7264485882421998,0.09955141175780013,synthetic_full_cycle,synthetic_growth_cycles
BIM-15,OD,machine_learning,PLS,2026-04-01 14:56:32,0.806,0.8042493259370087,0.001750674062991342,synthetic_full_cycle,synthetic_growth_cycles
BIM-15,OD,machine_learning,PLS,2026-04-02 14:19:04,0.856,0.8584882728681991,-0.0024882728681990818,synthetic_full_cycle,synthetic_growth_cycles
BIM-15,OD,machine_learning,PLS,2026-04-06 15:30:24,0.706,0.8791336840270366,-0.17313368402703666,synthetic_full_cycle,synthetic_growth_cycles
BIM-15,OD,machine_learning,PLS,2026-04-07 15:24:25,0.677,0.8402664891633052,-0.1632664891633051,synthetic_full_cycle,synthetic_growth_cycles
BIM-15,OD,machine_learning,PLS,2026-04-08 14:44:57,0.633,0.800044008263262,-0.16704400826326204,synthetic_full_cycle,synthetic_growth_cycles
BIM-15,OD,machine_learning,PLS,2026-04-09 16:42:52,0.566,0.7356674035350637,-0.1696674035350637,synthetic_full_cycle,synthetic_growth_cycles
BIM-15,OD,machine_learning,PLS,2026-04-10 15:35:36,0.612,0.6929541560465637,-0.08095415604656375,synthetic_full_cycle,synthetic_growth_cycles
BIM-15,OD,machine_learning,PCR,2026-03-26 12:54:27,0.565,0.7368446710976438,-0.1718446710976439,synthetic_full_cycle,synthetic_growth_cycles
BIM-15,OD,machine_learning,PCR,2026-03-27 13:23:13,0.61,0.7198307400990868,-0.10983074009908678,synthetic_full_cycle,synthetic_growth_cycles
BIM-15,OD,machine_learning,PCR,2026-03-30 13:14:36,0.788,0.6741910559307072,0.11380894406929287,synthetic_full_cycle,synthetic_growth_cycles
BIM-15,OD,machine_learning,PCR,2026-03-31 14:54:02,0.826,0.7235099570550174,0.10249004294498254,synthetic_full_cycle,synthetic_growth_cycles
BIM-15,OD,machine_learning,PCR,2026-04-01 14:56:32,0.806,0.8014899054819679,0.004510094518032193,synthetic_full_cycle,synthetic_growth_cycles
BIM-15,OD,machine_learning,PCR,2026-04-02 14:19:04,0.856,0.8592322145962282,-0.0032322145962282445,synthetic_full_cycle,synthetic_growth_cycles
BIM-15,OD,machine_learning,PCR,2026-04-06 15:30:24,0.706,0.8794468050430617,-0.17344680504306176,synthetic_full_cycle,synthetic_growth_cycles
BIM-15,OD,machine_learning,PCR,2026-04-07 15:24:25,0.677,0.8434632632850207,-0.1664632632850207,synthetic_full_cycle,synthetic_growth_cycles
BIM-15,OD,machine_learning,PCR,2026-04-08 14:44:57,0.633,0.8045255038573209,-0.1715255038573209,synthetic_full_cycle,synthetic_growth_cycles
BIM-15,OD,machine_learning,PCR,2026-04-09 16:42:52,0.566,0.7384841856360658,-0.17248418563606582,synthetic_full_cycle,synthetic_growth_cycles
BIM-15,OD,machine_learning,PCR,2026-04-10 15:35:36,0.612,0.696637176067184,-0.08463717606718402,synthetic_full_cycle,synthetic_growth_cycles
BIM-15,OD,machine_learning,XGBoost,2026-03-26 12:54:27,0.565,0.6603007316589355,-0.0953007316589356,synthetic_full_cycle,synthetic_growth_cycles
BIM-15,OD,machine_learning,XGBoost,2026-03-27 13:23:13,0.61,0.5909867286682129,0.019013271331787096,synthetic_full_cycle,synthetic_growth_cycles
BIM-15,OD,machine_learning,XGBoost,2026-03-30 13:14:36,0.788,0.6418468952178955,0.14615310478210453,synthetic_full_cycle,synthetic_growth_cycles
BIM-15,OD,machine_learning,XGBoost,2026-03-31 14:54:02,0.826,0.9133904576301575,-0.08739045763015751,synthetic_full_cycle,synthetic_growth_cycles
BIM-15,OD,machine_learning,XGBoost,2026-04-01 14:56:32,0.806,0.8755726218223572,-0.06957262182235713,synthetic_full_cycle,synthetic_growth_cycles
BIM-15,OD,machine_learning,XGBoost,2026-04-02 14:19:04,0.856,0.8027748465538025,0.05322515344619749,synthetic_full_cycle,synthetic_growth_cycles
BIM-15,OD,machine_learning,XGBoost,2026-04-06 15:30:24,0.706,0.867167055606842,-0.16116705560684208,synthetic_full_cycle,synthetic_growth_cycles
BIM-15,OD,machine_learning,XGBoost,2026-04-07 15:24:25,0.677,0.617386519908905,0.05961348009109502,synthetic_full_cycle,synthetic_growth_cycles
BIM-15,OD,machine_learning,XGBoost,2026-04-08 14:44:57,0.633,0.6643766760826111,-0.03137667608261108,synthetic_full_cycle,synthetic_growth_cycles
BIM-15,OD,machine_learning,XGBoost,2026-04-09 16:42:52,0.566,0.6215464472770691,-0.055546447277069144,synthetic_full_cycle,synthetic_growth_cycles
BIM-15,OD,machine_learning,XGBoost,2026-04-10 15:35:36,0.612,0.6472371220588684,-0.03523712205886842,synthetic_full_cycle,synthetic_growth_cycles
BIM-15,OD,machine_learning,LightGBM,2026-03-26 12:54:27,0.565,0.6487089961700852,-0.0837089961700852,synthetic_full_cycle,synthetic_growth_cycles
BIM-15,OD,machine_learning,LightGBM,2026-03-27 13:23:13,0.61,0.5723285131027319,0.03767148689726807,synthetic_full_cycle,synthetic_growth_cycles
BIM-15,OD,machine_learning,LightGBM,2026-03-30 13:14:36,0.788,0.6517274323510154,0.13627256764898465,synthetic_full_cycle,synthetic_growth_cycles
BIM-15,OD,machine_learning,LightGBM,2026-03-31 14:54:02,0.826,0.9026259585725198,-0.07662595857251986,synthetic_full_cycle,synthetic_growth_cycles
BIM-15,OD,machine_learning,LightGBM,2026-04-01 14:56:32,0.806,0.8755044962941733,-0.06950449629417321,synthetic_full_cycle,synthetic_growth_cycles
BIM-15,OD,machine_learning,LightGBM,2026-04-02 14:19:04,0.856,0.8029168877068604,0.053083112293139556,synthetic_full_cycle,synthetic_growth_cycles
BIM-15,OD,machine_learning,LightGBM,2026-04-06 15:30:24,0.706,0.8652917898416708,-0.1592917898416708,synthetic_full_cycle,synthetic_growth_cycles
BIM-15,OD,machine_learning,LightGBM,2026-04-07 15:24:25,0.677,0.6454241662837282,0.03157583371627182,synthetic_full_cycle,synthetic_growth_cycles
BIM-15,OD,machine_learning,LightGBM,2026-04-08 14:44:57,0.633,0.6657901337144103,-0.03279013371441031,synthetic_full_cycle,synthetic_growth_cycles
BIM-15,OD,machine_learning,LightGBM,2026-04-09 16:42:52,0.566,0.6597235945664047,-0.09372359456640478,synthetic_full_cycle,synthetic_growth_cycles
BIM-15,OD,machine_learning,LightGBM,2026-04-10 15:35:36,0.612,0.5753495136791917,0.03665048632080825,synthetic_full_cycle,synthetic_growth_cycles
BIM-15,OD,machine_learning,CatBoost,2026-03-26 12:54:27,0.565,0.6150713399781518,-0.05007133997815183,synthetic_full_cycle,synthetic_growth_cycles
BIM-15,OD,machine_learning,CatBoost,2026-03-27 13:23:13,0.61,0.5537707332594242,0.05622926674057582,synthetic_full_cycle,synthetic_growth_cycles
BIM-15,OD,machine_learning,CatBoost,2026-03-30 13:14:36,0.788,0.6526655365533817,0.13533446344661837,synthetic_full_cycle,synthetic_growth_cycles
BIM-15,OD,machine_learning,CatBoost,2026-03-31 14:54:02,0.826,0.9156157724228773,-0.08961577242287733,synthetic_full_cycle,synthetic_growth_cycles
BIM-15,OD,machine_learning,CatBoost,2026-04-01 14:56:32,0.806,0.8747877349774933,-0.06878773497749324,synthetic_full_cycle,synthetic_growth_cycles
BIM-15,OD,machine_learning,CatBoost,2026-04-02 14:19:04,0.856,0.8044078183044515,0.05159218169554847,synthetic_full_cycle,synthetic_growth_cycles
BIM-15,OD,machine_learning,CatBoost,2026-04-06 15:30:24,0.706,0.8691754505853521,-0.1631754505853521,synthetic_full_cycle,synthetic_growth_cycles
BIM-15,OD,machine_learning,CatBoost,2026-04-07 15:24:25,0.677,0.605429929923407,0.071570070076593,synthetic_full_cycle,synthetic_growth_cycles
BIM-15,OD,machine_learning,CatBoost,2026-04-08 14:44:57,0.633,0.6319004893227562,0.0010995106772437868,synthetic_full_cycle,synthetic_growth_cycles
BIM-15,OD,machine_learning,CatBoost,2026-04-09 16:42:52,0.566,0.6462031032316015,-0.08020310323160151,synthetic_full_cycle,synthetic_growth_cycles
BIM-15,OD,machine_learning,CatBoost,2026-04-10 15:35:36,0.612,0.5867064430518828,0.02529355694811719,synthetic_full_cycle,synthetic_growth_cycles
BIM-15,OD,deep_learning,MLP,2026-03-27 13:23:13,0.61,0.5863750662159615,0.023624933784038515,synthetic_full_cycle,synthetic_growth_cycles
BIM-15,OD,deep_learning,MLP,2026-03-30 13:14:36,0.788,0.689141877215568,0.09885812278443207,synthetic_full_cycle,synthetic_growth_cycles
BIM-15,OD,deep_learning,MLP,2026-03-31 14:54:02,0.826,0.9077636501569903,-0.08176365015699039,synthetic_full_cycle,synthetic_growth_cycles
BIM-15,OD,deep_learning,MLP,2026-04-01 14:56:32,0.806,0.900747473984898,-0.09474747398489791,synthetic_full_cycle,synthetic_growth_cycles
BIM-15,OD,deep_learning,MLP,2026-04-02 14:19:04,0.856,0.827315531904629,0.028684468095370952,synthetic_full_cycle,synthetic_growth_cycles
BIM-15,OD,deep_learning,MLP,2026-04-06 15:30:24,0.706,0.8691629011253037,-0.16316290112530374,synthetic_full_cycle,synthetic_growth_cycles
BIM-15,OD,deep_learning,MLP,2026-04-07 15:24:25,0.677,0.666824568661464,0.010175431338536045,synthetic_full_cycle,synthetic_growth_cycles
BIM-15,OD,deep_learning,MLP,2026-04-08 14:44:57,0.633,0.6752707923317094,-0.042270792331709384,synthetic_full_cycle,synthetic_growth_cycles
BIM-15,OD,deep_learning,MLP,2026-04-09 16:42:52,0.566,0.6253884612233938,-0.05938846122339381,synthetic_full_cycle,synthetic_growth_cycles
BIM-15,OD,deep_learning,MLP,2026-04-10 15:35:36,0.612,0.6015414034485,0.010458596551499943,synthetic_full_cycle,synthetic_growth_cycles
BIM-17,OD,machine_learning,Linear_Regression,2026-03-30 13:17:54,0.814,0.9836973902339661,-0.16969739023396613,synthetic_full_cycle,synthetic_growth_cycles
BIM-17,OD,machine_learning,Linear_Regression,2026-03-31 14:56:23,0.86,0.8225857164323049,0.03741428356769505,synthetic_full_cycle,synthetic_growth_cycles
BIM-17,OD,machine_learning,Linear_Regression,2026-04-01 14:59:45,0.888,0.8863105082775933,0.001689491722406733,synthetic_full_cycle,synthetic_growth_cycles
BIM-17,OD,machine_learning,Linear_Regression,2026-04-02 14:23:34,0.862,0.9075352031517687,-0.04553520315176873,synthetic_full_cycle,synthetic_growth_cycles
BIM-17,OD,machine_learning,Linear_Regression,2026-04-06 15:35:46,0.859,0.8516681998323938,0.007331800167606151,synthetic_full_cycle,synthetic_growth_cycles
BIM-17,OD,machine_learning,Linear_Regression,2026-04-07 15:28:50,0.826,0.8578593045411413,-0.03185930454114139,synthetic_full_cycle,synthetic_growth_cycles
BIM-17,OD,machine_learning,Linear_Regression,2026-04-08 14:48:55,0.849,0.811932022463865,0.037067977536135,synthetic_full_cycle,synthetic_growth_cycles
BIM-17,OD,machine_learning,Linear_Regression,2026-04-09 16:48:00,0.86,0.8626328565760386,-0.0026328565760386224,synthetic_full_cycle,synthetic_growth_cycles
BIM-17,OD,machine_learning,Linear_Regression,2026-04-10 15:39:48,0.898,0.8702203475914889,0.027779652408511102,synthetic_full_cycle,synthetic_growth_cycles
BIM-17,OD,machine_learning,Linear_Regression,2026-04-13 15:57:32,0.863,0.9199229277325426,-0.056922927732542594,synthetic_full_cycle,synthetic_growth_cycles
BIM-17,OD,machine_learning,Linear_Regression,2026-04-20 21:20:45,0.302,0.8482733908412974,-0.5462733908412973,synthetic_full_cycle,synthetic_growth_cycles
BIM-17,OD,machine_learning,Linear_Regression,2026-04-27 16:20:17,0.249,0.024751292726810023,0.22424870727318996,synthetic_full_cycle,synthetic_growth_cycles
BIM-17,OD,machine_learning,Linear_Regression,2026-04-28 15:35:12,0.261,0.22237748066067792,0.03862251933932209,synthetic_full_cycle,synthetic_growth_cycles
BIM-17,OD,machine_learning,Polynomial_Regression,2026-03-30 13:17:54,0.814,0.9946165690933517,-0.18061656909335178,synthetic_full_cycle,synthetic_growth_cycles
BIM-17,OD,machine_learning,Polynomial_Regression,2026-03-31 14:56:23,0.86,0.8604419020268965,-0.00044190202689653457,synthetic_full_cycle,synthetic_growth_cycles
BIM-17,OD,machine_learning,Polynomial_Regression,2026-04-01 14:59:45,0.888,0.8789490759346552,0.009050924065344801,synthetic_full_cycle,synthetic_growth_cycles
BIM-17,OD,machine_learning,Polynomial_Regression,2026-04-02 14:23:34,0.862,0.9089011988810001,-0.046901198881000083,synthetic_full_cycle,synthetic_growth_cycles
BIM-17,OD,machine_learning,Polynomial_Regression,2026-04-06 15:35:46,0.859,0.8575012298934317,0.0014987701065682923,synthetic_full_cycle,synthetic_growth_cycles
BIM-17,OD,machine_learning,Polynomial_Regression,2026-04-07 15:28:50,0.826,0.8518423152713446,-0.025842315271344618,synthetic_full_cycle,synthetic_growth_cycles
BIM-17,OD,machine_learning,Polynomial_Regression,2026-04-08 14:48:55,0.849,0.8115176791095726,0.037482320890427356,synthetic_full_cycle,synthetic_growth_cycles
BIM-17,OD,machine_learning,Polynomial_Regression,2026-04-09 16:48:00,0.86,0.8544988687855424,0.005501131214457611,synthetic_full_cycle,synthetic_growth_cycles
BIM-17,OD,machine_learning,Polynomial_Regression,2026-04-10 15:39:48,0.898,0.8707845755603355,0.027215424439664515,synthetic_full_cycle,synthetic_growth_cycles
BIM-17,OD,machine_learning,Polynomial_Regression,2026-04-13 15:57:32,0.863,0.9164313150185167,-0.05343131501851672,synthetic_full_cycle,synthetic_growth_cycles
BIM-17,OD,machine_learning,Polynomial_Regression,2026-04-20 21:20:45,0.302,0.8573665054806597,-0.5553665054806598,synthetic_full_cycle,synthetic_growth_cycles
BIM-17,OD,machine_learning,Polynomial_Regression,2026-04-27 16:20:17,0.249,-0.004441709107452008,0.253441709107452,synthetic_full_cycle,synthetic_growth_cycles
BIM-17,OD,machine_learning,Polynomial_Regression,2026-04-28 15:35:12,0.261,-0.054667875759689816,0.3156678757596898,synthetic_full_cycle,synthetic_growth_cycles
BIM-17,OD,machine_learning,Ridge,2026-03-30 13:17:54,0.814,0.97799976019062,-0.16399976019062001,synthetic_full_cycle,synthetic_growth_cycles
BIM-17,OD,machine_learning,Ridge,2026-03-31 14:56:23,0.86,0.8284058391570607,0.03159416084293931,synthetic_full_cycle,synthetic_growth_cycles
BIM-17,OD,machine_learning,Ridge,2026-04-01 14:59:45,0.888,0.884584520066438,0.00341547993356206,synthetic_full_cycle,synthetic_growth_cycles
BIM-17,OD,machine_learning,Ridge,2026-04-02 14:23:34,0.862,0.9077336063901756,-0.04573360639017565,synthetic_full_cycle,synthetic_growth_cycles
BIM-17,OD,machine_learning,Ridge,2026-04-06 15:35:46,0.859,0.8530484375376401,0.0059515624623598384,synthetic_full_cycle,synthetic_growth_cycles
BIM-17,OD,machine_learning,Ridge,2026-04-07 15:28:50,0.826,0.8575040537734792,-0.0315040537734792,synthetic_full_cycle,synthetic_growth_cycles
BIM-17,OD,machine_learning,Ridge,2026-04-08 14:48:55,0.849,0.8129314299492311,0.03606857005076891,synthetic_full_cycle,synthetic_growth_cycles
BIM-17,OD,machine_learning,Ridge,2026-04-09 16:48:00,0.86,0.8614236783968939,-0.001423678396893946,synthetic_full_cycle,synthetic_growth_cycles
BIM-17,OD,machine_learning,Ridge,2026-04-10 15:39:48,0.898,0.8704680339895083,0.027531966010491682,synthetic_full_cycle,synthetic_growth_cycles
BIM-17,OD,machine_learning,Ridge,2026-04-13 15:57:32,0.863,0.9191158737076698,-0.056115873707669794,synthetic_full_cycle,synthetic_growth_cycles
BIM-17,OD,machine_learning,Ridge,2026-04-20 21:20:45,0.302,0.8501068302896505,-0.5481068302896506,synthetic_full_cycle,synthetic_growth_cycles
BIM-17,OD,machine_learning,Ridge,2026-04-27 16:20:17,0.249,0.04063295204851422,0.20836704795148578,synthetic_full_cycle,synthetic_growth_cycles
BIM-17,OD,machine_learning,Ridge,2026-04-28 15:35:12,0.261,0.21345446225566092,0.04754553774433909,synthetic_full_cycle,synthetic_growth_cycles
BIM-17,OD,machine_learning,Lasso,2026-03-30 13:17:54,0.814,0.8896911961886717,-0.0756911961886717,synthetic_full_cycle,synthetic_growth_cycles
BIM-17,OD,machine_learning,Lasso,2026-03-31 14:56:23,0.86,0.8570303450286,0.0029696549714000042,synthetic_full_cycle,synthetic_growth_cycles
BIM-17,OD,machine_learning,Lasso,2026-04-01 14:59:45,0.888,0.8756567997402919,0.012343200259708142,synthetic_full_cycle,synthetic_growth_cycles
BIM-17,OD,machine_learning,Lasso,2026-04-02 14:23:34,0.862,0.9077620403018661,-0.04576204030186615,synthetic_full_cycle,synthetic_growth_cycles
BIM-17,OD,machine_learning,Lasso,2026-04-06 15:35:46,0.859,0.8753400142252709,-0.01634001422527087,synthetic_full_cycle,synthetic_growth_cycles
BIM-17,OD,machine_learning,Lasso,2026-04-07 15:28:50,0.826,0.8688892650769907,-0.04288926507699076,synthetic_full_cycle,synthetic_growth_cycles
BIM-17,OD,machine_learning,Lasso,2026-04-08 14:48:55,0.849,0.8378148133864451,0.011185186613554832,synthetic_full_cycle,synthetic_growth_cycles
BIM-17,OD,machine_learning,Lasso,2026-04-09 16:48:00,0.86,0.8619949021886884,-0.0019949021886883633,synthetic_full_cycle,synthetic_growth_cycles
BIM-17,OD,machine_learning,Lasso,2026-04-10 15:39:48,0.898,0.8773285753246257,0.020671424675374306,synthetic_full_cycle,synthetic_growth_cycles
BIM-17,OD,machine_learning,Lasso,2026-04-13 15:57:32,0.863,0.9139399279397398,-0.05093992793973978,synthetic_full_cycle,synthetic_growth_cycles
BIM-17,OD,machine_learning,Lasso,2026-04-20 21:20:45,0.302,0.8763757468851417,-0.5743757468851418,synthetic_full_cycle,synthetic_growth_cycles
BIM-17,OD,machine_learning,Lasso,2026-04-27 16:20:17,0.249,0.2907920481115642,-0.04179204811156423,synthetic_full_cycle,synthetic_growth_cycles
BIM-17,OD,machine_learning,Lasso,2026-04-28 15:35:12,0.261,0.24007765609924553,0.02092234390075448,synthetic_full_cycle,synthetic_growth_cycles
BIM-17,OD,machine_learning,Elastic_Net,2026-03-30 13:17:54,0.814,0.8987222602020928,-0.08472226020209284,synthetic_full_cycle,synthetic_growth_cycles
BIM-17,OD,machine_learning,Elastic_Net,2026-03-31 14:56:23,0.86,0.8631406700110829,-0.003140670011082869,synthetic_full_cycle,synthetic_growth_cycles
BIM-17,OD,machine_learning,Elastic_Net,2026-04-01 14:59:45,0.888,0.873691949574336,0.014308050425663965,synthetic_full_cycle,synthetic_growth_cycles
BIM-17,OD,machine_learning,Elastic_Net,2026-04-02 14:23:34,0.862,0.907905059623167,-0.045905059623167044,synthetic_full_cycle,synthetic_growth_cycles
BIM-17,OD,machine_learning,Elastic_Net,2026-04-06 15:35:46,0.859,0.8726430612407757,-0.013643061240775745,synthetic_full_cycle,synthetic_growth_cycles
BIM-17,OD,machine_learning,Elastic_Net,2026-04-07 15:28:50,0.826,0.8649482312911714,-0.03894823129117142,synthetic_full_cycle,synthetic_growth_cycles
BIM-17,OD,machine_learning,Elastic_Net,2026-04-08 14:48:55,0.849,0.8336769338848596,0.015323066115140338,synthetic_full_cycle,synthetic_growth_cycles
BIM-17,OD,machine_learning,Elastic_Net,2026-04-09 16:48:00,0.86,0.8588471637530055,0.0011528362469944708,synthetic_full_cycle,synthetic_growth_cycles
BIM-17,OD,machine_learning,Elastic_Net,2026-04-10 15:39:48,0.898,0.8759290922346675,0.022070907765332493,synthetic_full_cycle,synthetic_growth_cycles
BIM-17,OD,machine_learning,Elastic_Net,2026-04-13 15:57:32,0.863,0.9130473517354766,-0.050047351735476586,synthetic_full_cycle,synthetic_growth_cycles
BIM-17,OD,machine_learning,Elastic_Net,2026-04-20 21:20:45,0.302,0.8737165761170896,-0.5717165761170897,synthetic_full_cycle,synthetic_growth_cycles
BIM-17,OD,machine_learning,Elastic_Net,2026-04-27 16:20:17,0.249,0.26540248614128203,-0.016402486141282036,synthetic_full_cycle,synthetic_growth_cycles
BIM-17,OD,machine_learning,Elastic_Net,2026-04-28 15:35:12,0.261,0.21409905434747858,0.046900945652521425,synthetic_full_cycle,synthetic_growth_cycles
BIM-17,OD,machine_learning,Decision_Trees,2026-03-30 13:17:54,0.814,0.840027132436049,-0.02602713243604904,synthetic_full_cycle,synthetic_growth_cycles
BIM-17,OD,machine_learning,Decision_Trees,2026-03-31 14:56:23,0.86,0.840027132436049,0.019972867563951002,synthetic_full_cycle,synthetic_growth_cycles
BIM-17,OD,machine_learning,Decision_Trees,2026-04-01 14:59:45,0.888,0.8975511641109808,-0.009551164110980781,synthetic_full_cycle,synthetic_growth_cycles
BIM-17,OD,machine_learning,Decision_Trees,2026-04-02 14:23:34,0.862,0.8975511641109808,-0.035551164110980804,synthetic_full_cycle,synthetic_growth_cycles
BIM-17,OD,machine_learning,Decision_Trees,2026-04-06 15:35:46,0.859,0.8975511641109808,-0.03855116411098081,synthetic_full_cycle,synthetic_growth_cycles
BIM-17,OD,machine_learning,Decision_Trees,2026-04-07 15:28:50,0.826,0.8975511641109808,-0.07155116411098084,synthetic_full_cycle,synthetic_growth_cycles
BIM-17,OD,machine_learning,Decision_Trees,2026-04-08 14:48:55,0.849,0.840027132436049,0.008972867563950992,synthetic_full_cycle,synthetic_growth_cycles
BIM-17,OD,machine_learning,Decision_Trees,2026-04-09 16:48:00,0.86,0.840027132436049,0.019972867563951002,synthetic_full_cycle,synthetic_growth_cycles
BIM-17,OD,machine_learning,Decision_Trees,2026-04-10 15:39:48,0.898,0.8975511641109808,0.0004488358890192279,synthetic_full_cycle,synthetic_growth_cycles
BIM-17,OD,machine_learning,Decision_Trees,2026-04-13 15:57:32,0.863,0.8975511641109808,-0.0345511641109808,synthetic_full_cycle,synthetic_growth_cycles
BIM-17,OD,machine_learning,Decision_Trees,2026-04-20 21:20:45,0.302,0.8975511641109808,-0.5955511641109807,synthetic_full_cycle,synthetic_growth_cycles
BIM-17,OD,machine_learning,Decision_Trees,2026-04-27 16:20:17,0.249,0.3308870988467074,-0.08188709884670742,synthetic_full_cycle,synthetic_growth_cycles
BIM-17,OD,machine_learning,Decision_Trees,2026-04-28 15:35:12,0.261,0.3308870988467074,-0.06988709884670741,synthetic_full_cycle,synthetic_growth_cycles
BIM-17,OD,machine_learning,Random_Forest,2026-03-30 13:17:54,0.814,0.9650294178890342,-0.15102941788903423,synthetic_full_cycle,synthetic_growth_cycles
BIM-17,OD,machine_learning,Random_Forest,2026-03-31 14:56:23,0.86,0.8661711987474816,-0.006171198747481621,synthetic_full_cycle,synthetic_growth_cycles
BIM-17,OD,machine_learning,Random_Forest,2026-04-01 14:59:45,0.888,0.850337380701049,0.03766261929895098,synthetic_full_cycle,synthetic_growth_cycles
BIM-17,OD,machine_learning,Random_Forest,2026-04-02 14:23:34,0.862,0.9212765253868895,-0.059276525386889545,synthetic_full_cycle,synthetic_growth_cycles
BIM-17,OD,machine_learning,Random_Forest,2026-04-06 15:35:46,0.859,0.8624703938018502,-0.0034703938018502134,synthetic_full_cycle,synthetic_growth_cycles
BIM-17,OD,machine_learning,Random_Forest,2026-04-07 15:28:50,0.826,0.8430270495122371,-0.017027049512237102,synthetic_full_cycle,synthetic_growth_cycles
BIM-17,OD,machine_learning,Random_Forest,2026-04-08 14:48:55,0.849,0.8038787002087021,0.045121299791297864,synthetic_full_cycle,synthetic_growth_cycles
BIM-17,OD,machine_learning,Random_Forest,2026-04-09 16:48:00,0.86,0.8456993156131919,0.014300684386808094,synthetic_full_cycle,synthetic_growth_cycles
BIM-17,OD,machine_learning,Random_Forest,2026-04-10 15:39:48,0.898,0.8586241427633287,0.03937585723667136,synthetic_full_cycle,synthetic_growth_cycles
BIM-17,OD,machine_learning,Random_Forest,2026-04-13 15:57:32,0.863,0.8865474753870362,-0.023547475387036165,synthetic_full_cycle,synthetic_growth_cycles
BIM-17,OD,machine_learning,Random_Forest,2026-04-20 21:20:45,0.302,0.8552999906688673,-0.5532999906688674,synthetic_full_cycle,synthetic_growth_cycles
BIM-17,OD,machine_learning,Random_Forest,2026-04-27 16:20:17,0.249,0.3470657463521604,-0.09806574635216042,synthetic_full_cycle,synthetic_growth_cycles
BIM-17,OD,machine_learning,Random_Forest,2026-04-28 15:35:12,0.261,0.3115369586494111,-0.0505369586494111,synthetic_full_cycle,synthetic_growth_cycles
BIM-17,OD,machine_learning,Extra_Trees,2026-03-30 13:17:54,0.814,0.9807297135040512,-0.1667297135040513,synthetic_full_cycle,synthetic_growth_cycles
BIM-17,OD,machine_learning,Extra_Trees,2026-03-31 14:56:23,0.86,0.8525171727228491,0.007482827277150883,synthetic_full_cycle,synthetic_growth_cycles
BIM-17,OD,machine_learning,Extra_Trees,2026-04-01 14:59:45,0.888,0.8524209580095237,0.035579041990476346,synthetic_full_cycle,synthetic_growth_cycles
BIM-17,OD,machine_learning,Extra_Trees,2026-04-02 14:23:34,0.862,0.916760586469876,-0.05476058646987603,synthetic_full_cycle,synthetic_growth_cycles
BIM-17,OD,machine_learning,Extra_Trees,2026-04-06 15:35:46,0.859,0.8637852136341696,-0.004785213634169616,synthetic_full_cycle,synthetic_growth_cycles
BIM-17,OD,machine_learning,Extra_Trees,2026-04-07 15:28:50,0.826,0.8378608570881818,-0.011860857088181853,synthetic_full_cycle,synthetic_growth_cycles
BIM-17,OD,machine_learning,Extra_Trees,2026-04-08 14:48:55,0.849,0.8123274309571085,0.03667256904289151,synthetic_full_cycle,synthetic_growth_cycles
BIM-17,OD,machine_learning,Extra_Trees,2026-04-09 16:48:00,0.86,0.8376302995605319,0.022369700439468065,synthetic_full_cycle,synthetic_growth_cycles
BIM-17,OD,machine_learning,Extra_Trees,2026-04-10 15:39:48,0.898,0.8473852347748192,0.050614765225180824,synthetic_full_cycle,synthetic_growth_cycles
BIM-17,OD,machine_learning,Extra_Trees,2026-04-13 15:57:32,0.863,0.8820392246373018,-0.019039224637301788,synthetic_full_cycle,synthetic_growth_cycles
BIM-17,OD,machine_learning,Extra_Trees,2026-04-20 21:20:45,0.302,0.8586459092510925,-0.5566459092510925,synthetic_full_cycle,synthetic_growth_cycles
BIM-17,OD,machine_learning,Extra_Trees,2026-04-27 16:20:17,0.249,0.5243381810233534,-0.2753381810233534,synthetic_full_cycle,synthetic_growth_cycles
BIM-17,OD,machine_learning,Extra_Trees,2026-04-28 15:35:12,0.261,0.3641308915214971,-0.10313089152149707,synthetic_full_cycle,synthetic_growth_cycles
BIM-17,OD,machine_learning,Gradient_Boosting,2026-03-30 13:17:54,0.814,0.96223133004683,-0.1482313300468301,synthetic_full_cycle,synthetic_growth_cycles
BIM-17,OD,machine_learning,Gradient_Boosting,2026-03-31 14:56:23,0.86,0.8743883460701137,-0.014388346070113744,synthetic_full_cycle,synthetic_growth_cycles
BIM-17,OD,machine_learning,Gradient_Boosting,2026-04-01 14:59:45,0.888,0.8593703622233504,0.02862963777664962,synthetic_full_cycle,synthetic_growth_cycles
BIM-17,OD,machine_learning,Gradient_Boosting,2026-04-02 14:23:34,0.862,0.9029483864524201,-0.04094838645242016,synthetic_full_cycle,synthetic_growth_cycles
BIM-17,OD,machine_learning,Gradient_Boosting,2026-04-06 15:35:46,0.859,0.8617469250615148,-0.00274692506151486,synthetic_full_cycle,synthetic_growth_cycles
BIM-17,OD,machine_learning,Gradient_Boosting,2026-04-07 15:28:50,0.826,0.8511328547945274,-0.025132854794527426,synthetic_full_cycle,synthetic_growth_cycles
BIM-17,OD,machine_learning,Gradient_Boosting,2026-04-08 14:48:55,0.849,0.8216658103973353,0.02733418960266465,synthetic_full_cycle,synthetic_growth_cycles
BIM-17,OD,machine_learning,Gradient_Boosting,2026-04-09 16:48:00,0.86,0.8447375685332029,0.015262431466797066,synthetic_full_cycle,synthetic_growth_cycles
BIM-17,OD,machine_learning,Gradient_Boosting,2026-04-10 15:39:48,0.898,0.8639524007772099,0.034047599222790104,synthetic_full_cycle,synthetic_growth_cycles
BIM-17,OD,machine_learning,Gradient_Boosting,2026-04-13 15:57:32,0.863,0.9014100673890525,-0.038410067389052505,synthetic_full_cycle,synthetic_growth_cycles
BIM-17,OD,machine_learning,Gradient_Boosting,2026-04-20 21:20:45,0.302,0.8617469250615148,-0.5597469250615148,synthetic_full_cycle,synthetic_growth_cycles
BIM-17,OD,machine_learning,Gradient_Boosting,2026-04-27 16:20:17,0.249,0.2658481610068729,-0.01684816100687292,synthetic_full_cycle,synthetic_growth_cycles
BIM-17,OD,machine_learning,Gradient_Boosting,2026-04-28 15:35:12,0.261,0.2848884064088284,-0.02388840640882839,synthetic_full_cycle,synthetic_growth_cycles
BIM-17,OD,machine_learning,AdaBoost,2026-03-30 13:17:54,0.814,0.85129834090839,-0.037298340908390015,synthetic_full_cycle,synthetic_growth_cycles
BIM-17,OD,machine_learning,AdaBoost,2026-03-31 14:56:23,0.86,0.8290713551845,0.03092864481549995,synthetic_full_cycle,synthetic_growth_cycles
BIM-17,OD,machine_learning,AdaBoost,2026-04-01 14:59:45,0.888,0.8529088279495991,0.03509117205040091,synthetic_full_cycle,synthetic_growth_cycles
BIM-17,OD,machine_learning,AdaBoost,2026-04-02 14:23:34,0.862,0.918616692637296,-0.05661669263729596,synthetic_full_cycle,synthetic_growth_cycles
BIM-17,OD,machine_learning,AdaBoost,2026-04-06 15:35:46,0.859,0.8805337176902058,-0.021533717690205845,synthetic_full_cycle,synthetic_growth_cycles
BIM-17,OD,machine_learning,AdaBoost,2026-04-07 15:28:50,0.826,0.8509127473252825,-0.02491274732528259,synthetic_full_cycle,synthetic_growth_cycles
BIM-17,OD,machine_learning,AdaBoost,2026-04-08 14:48:55,0.849,0.8261471998514381,0.022852800148561836,synthetic_full_cycle,synthetic_growth_cycles
BIM-17,OD,machine_learning,AdaBoost,2026-04-09 16:48:00,0.86,0.8482458383553435,0.01175416164465648,synthetic_full_cycle,synthetic_growth_cycles
BIM-17,OD,machine_learning,AdaBoost,2026-04-10 15:39:48,0.898,0.8529088279495991,0.04509117205040092,synthetic_full_cycle,synthetic_growth_cycles
BIM-17,OD,machine_learning,AdaBoost,2026-04-13 15:57:32,0.863,0.918616692637296,-0.05561669263729596,synthetic_full_cycle,synthetic_growth_cycles
BIM-17,OD,machine_learning,AdaBoost,2026-04-20 21:20:45,0.302,0.8805337176902058,-0.5785337176902059,synthetic_full_cycle,synthetic_growth_cycles
BIM-17,OD,machine_learning,AdaBoost,2026-04-27 16:20:17,0.249,0.3615827404717269,-0.1125827404717269,synthetic_full_cycle,synthetic_growth_cycles
BIM-17,OD,machine_learning,AdaBoost,2026-04-28 15:35:12,0.261,0.3615827404717269,-0.10058274047172688,synthetic_full_cycle,synthetic_growth_cycles
BIM-17,OD,machine_learning,SVR,2026-03-30 13:17:54,0.814,1.0014622229173744,-0.18746222291737447,synthetic_full_cycle,synthetic_growth_cycles
BIM-17,OD,machine_learning,SVR,2026-03-31 14:56:23,0.86,0.8606718586963764,-0.0006718586963764261,synthetic_full_cycle,synthetic_growth_cycles
BIM-17,OD,machine_learning,SVR,2026-04-01 14:59:45,0.888,0.8652717553407612,0.02272824465923884,synthetic_full_cycle,synthetic_growth_cycles
BIM-17,OD,machine_learning,SVR,2026-04-02 14:23:34,0.862,0.9069716690009402,-0.044971669000940184,synthetic_full_cycle,synthetic_growth_cycles
BIM-17,OD,machine_learning,SVR,2026-04-06 15:35:46,0.859,0.8571746123403485,0.0018253876596514562,synthetic_full_cycle,synthetic_growth_cycles
BIM-17,OD,machine_learning,SVR,2026-04-07 15:28:50,0.826,0.8473344946727035,-0.02133449467270354,synthetic_full_cycle,synthetic_growth_cycles
BIM-17,OD,machine_learning,SVR,2026-04-08 14:48:55,0.849,0.8088329983869265,0.040167001613073516,synthetic_full_cycle,synthetic_growth_cycles
BIM-17,OD,machine_learning,SVR,2026-04-09 16:48:00,0.86,0.8454823335819499,0.01451766641805008,synthetic_full_cycle,synthetic_growth_cycles
BIM-17,OD,machine_learning,SVR,2026-04-10 15:39:48,0.898,0.8673249365877662,0.030675063412233805,synthetic_full_cycle,synthetic_growth_cycles
BIM-17,OD,machine_learning,SVR,2026-04-13 15:57:32,0.863,0.9090314957127725,-0.04603149571277254,synthetic_full_cycle,synthetic_growth_cycles
BIM-17,OD,machine_learning,SVR,2026-04-20 21:20:45,0.302,0.8577544398983334,-0.5557544398983334,synthetic_full_cycle,synthetic_growth_cycles
BIM-17,OD,machine_learning,SVR,2026-04-27 16:20:17,0.249,1.0286694110971946,-0.7796694110971946,synthetic_full_cycle,synthetic_growth_cycles
BIM-17,OD,machine_learning,SVR,2026-04-28 15:35:12,0.261,1.825195453897154,-1.5641954538971539,synthetic_full_cycle,synthetic_growth_cycles
BIM-17,OD,machine_learning,KNN,2026-03-30 13:17:54,0.814,0.992577172596354,-0.17857717259635408,synthetic_full_cycle,synthetic_growth_cycles
BIM-17,OD,machine_learning,KNN,2026-03-31 14:56:23,0.86,0.8782338263635046,-0.01823382636350457,synthetic_full_cycle,synthetic_growth_cycles
BIM-17,OD,machine_learning,KNN,2026-04-01 14:59:45,0.888,0.8417752965621488,0.04622470343785123,synthetic_full_cycle,synthetic_growth_cycles
BIM-17,OD,machine_learning,KNN,2026-04-02 14:23:34,0.862,0.9209303980128344,-0.058930398012834395,synthetic_full_cycle,synthetic_growth_cycles
BIM-17,OD,machine_learning,KNN,2026-04-06 15:35:46,0.859,0.8726694081245391,-0.013669408124539095,synthetic_full_cycle,synthetic_growth_cycles
BIM-17,OD,machine_learning,KNN,2026-04-07 15:28:50,0.826,0.866662994689987,-0.04066299468998702,synthetic_full_cycle,synthetic_growth_cycles
BIM-17,OD,machine_learning,KNN,2026-04-08 14:48:55,0.849,0.803637012270764,0.04536298772923597,synthetic_full_cycle,synthetic_growth_cycles
BIM-17,OD,machine_learning,KNN,2026-04-09 16:48:00,0.86,0.851845641746177,0.008154358253822935,synthetic_full_cycle,synthetic_growth_cycles
BIM-17,OD,machine_learning,KNN,2026-04-10 15:39:48,0.898,0.8589537203960886,0.03904627960391138,synthetic_full_cycle,synthetic_growth_cycles
BIM-17,OD,machine_learning,KNN,2026-04-13 15:57:32,0.863,0.8936762737909065,-0.03067627379090654,synthetic_full_cycle,synthetic_growth_cycles
BIM-17,OD,machine_learning,KNN,2026-04-20 21:20:45,0.302,0.8821161103071642,-0.5801161103071641,synthetic_full_cycle,synthetic_growth_cycles
BIM-17,OD,machine_learning,KNN,2026-04-27 16:20:17,0.249,0.6166788335150035,-0.3676788335150035,synthetic_full_cycle,synthetic_growth_cycles
BIM-17,OD,machine_learning,KNN,2026-04-28 15:35:12,0.261,0.49142837624648733,-0.23042837624648732,synthetic_full_cycle,synthetic_growth_cycles
BIM-17,OD,machine_learning,Gaussian_Process_Regression,2026-03-30 13:17:54,0.814,0.9949051376640767,-0.1809051376640768,synthetic_full_cycle,synthetic_growth_cycles
BIM-17,OD,machine_learning,Gaussian_Process_Regression,2026-03-31 14:56:23,0.86,0.9022668589641296,-0.04226685896412963,synthetic_full_cycle,synthetic_growth_cycles
BIM-17,OD,machine_learning,Gaussian_Process_Regression,2026-04-01 14:59:45,0.888,0.8648745153984184,0.023125484601581592,synthetic_full_cycle,synthetic_growth_cycles
BIM-17,OD,machine_learning,Gaussian_Process_Regression,2026-04-02 14:23:34,0.862,0.9061078102114398,-0.044107810211439835,synthetic_full_cycle,synthetic_growth_cycles
BIM-17,OD,machine_learning,Gaussian_Process_Regression,2026-04-06 15:35:46,0.859,0.8555529973515867,0.0034470026484132443,synthetic_full_cycle,synthetic_growth_cycles
BIM-17,OD,machine_learning,Gaussian_Process_Regression,2026-04-07 15:28:50,0.826,0.8464136588105562,-0.020413658810556234,synthetic_full_cycle,synthetic_growth_cycles
BIM-17,OD,machine_learning,Gaussian_Process_Regression,2026-04-08 14:48:55,0.849,0.8082774155961565,0.040722584403843465,synthetic_full_cycle,synthetic_growth_cycles
BIM-17,OD,machine_learning,Gaussian_Process_Regression,2026-04-09 16:48:00,0.86,0.8450169492660797,0.014983050733920256,synthetic_full_cycle,synthetic_growth_cycles
BIM-17,OD,machine_learning,Gaussian_Process_Regression,2026-04-10 15:39:48,0.898,0.8662256800664445,0.031774319933555506,synthetic_full_cycle,synthetic_growth_cycles
BIM-17,OD,machine_learning,Gaussian_Process_Regression,2026-04-13 15:57:32,0.863,0.9076259727597837,-0.04462597275978375,synthetic_full_cycle,synthetic_growth_cycles
BIM-17,OD,machine_learning,Gaussian_Process_Regression,2026-04-20 21:20:45,0.302,0.8559021747377058,-0.5539021747377058,synthetic_full_cycle,synthetic_growth_cycles
BIM-17,OD,machine_learning,Gaussian_Process_Regression,2026-04-27 16:20:17,0.249,-4.5955386762939305,4.84453867629393,synthetic_full_cycle,synthetic_growth_cycles
BIM-17,OD,machine_learning,Gaussian_Process_Regression,2026-04-28 15:35:12,0.261,10.999550786374176,-10.738550786374176,synthetic_full_cycle,synthetic_growth_cycles
BIM-17,OD,machine_learning,PLS,2026-03-30 13:17:54,0.814,0.7348593311434548,0.07914066885654514,synthetic_full_cycle,synthetic_growth_cycles
BIM-17,OD,machine_learning,PLS,2026-03-31 14:56:23,0.86,0.8123014924836309,0.04769850751636906,synthetic_full_cycle,synthetic_growth_cycles
BIM-17,OD,machine_learning,PLS,2026-04-01 14:59:45,0.888,0.8866871623177753,0.0013128376822246768,synthetic_full_cycle,synthetic_growth_cycles
BIM-17,OD,machine_learning,PLS,2026-04-02 14:23:34,0.862,0.9022106804118374,-0.040210680411837396,synthetic_full_cycle,synthetic_growth_cycles
BIM-17,OD,machine_learning,PLS,2026-04-06 15:35:46,0.859,0.9149518779611122,-0.05595187796111223,synthetic_full_cycle,synthetic_growth_cycles
BIM-17,OD,machine_learning,PLS,2026-04-07 15:28:50,0.826,0.9139901200979473,-0.08799012009794738,synthetic_full_cycle,synthetic_growth_cycles
BIM-17,OD,machine_learning,PLS,2026-04-08 14:48:55,0.849,0.8952757900818928,-0.046275790081892865,synthetic_full_cycle,synthetic_growth_cycles
BIM-17,OD,machine_learning,PLS,2026-04-09 16:48:00,0.86,0.8919956521186057,-0.031995652118605666,synthetic_full_cycle,synthetic_growth_cycles
BIM-17,OD,machine_learning,PLS,2026-04-10 15:39:48,0.898,0.8932494656798107,0.004750534320189348,synthetic_full_cycle,synthetic_growth_cycles
BIM-17,OD,machine_learning,PLS,2026-04-13 15:57:32,0.863,0.9151272456205242,-0.052127245620524176,synthetic_full_cycle,synthetic_growth_cycles
BIM-17,OD,machine_learning,PLS,2026-04-20 21:20:45,0.302,0.9182570559798747,-0.6162570559798748,synthetic_full_cycle,synthetic_growth_cycles
BIM-17,OD,machine_learning,PLS,2026-04-27 16:20:17,0.249,0.7379217230841734,-0.48892172308417337,synthetic_full_cycle,synthetic_growth_cycles
BIM-17,OD,machine_learning,PLS,2026-04-28 15:35:12,0.261,0.5437977981747487,-0.2827977981747487,synthetic_full_cycle,synthetic_growth_cycles
BIM-17,OD,machine_learning,PCR,2026-03-30 13:17:54,0.814,0.730535099111733,0.08346490088826697,synthetic_full_cycle,synthetic_growth_cycles
BIM-17,OD,machine_learning,PCR,2026-03-31 14:56:23,0.86,0.8096359021551055,0.050364097844894484,synthetic_full_cycle,synthetic_growth_cycles
BIM-17,OD,machine_learning,PCR,2026-04-01 14:59:45,0.888,0.8871642554252821,0.0008357445747179115,synthetic_full_cycle,synthetic_growth_cycles
BIM-17,OD,machine_learning,PCR,2026-04-02 14:23:34,0.862,0.9017087466462445,-0.039708746646244464,synthetic_full_cycle,synthetic_growth_cycles
BIM-17,OD,machine_learning,PCR,2026-04-06 15:35:46,0.859,0.9158166253091453,-0.05681662530914533,synthetic_full_cycle,synthetic_growth_cycles
BIM-17,OD,machine_learning,PCR,2026-04-07 15:28:50,0.826,0.9153645255404388,-0.08936452554043883,synthetic_full_cycle,synthetic_growth_cycles
BIM-17,OD,machine_learning,PCR,2026-04-08 14:48:55,0.849,0.896899417737579,-0.047899417737579,synthetic_full_cycle,synthetic_growth_cycles
BIM-17,OD,machine_learning,PCR,2026-04-09 16:48:00,0.86,0.8930432693675181,-0.03304326936751811,synthetic_full_cycle,synthetic_growth_cycles
BIM-17,OD,machine_learning,PCR,2026-04-10 15:39:48,0.898,0.8935297623301022,0.004470237669897847,synthetic_full_cycle,synthetic_growth_cycles
BIM-17,OD,machine_learning,PCR,2026-04-13 15:57:32,0.863,0.9150112560100016,-0.05201125601000156,synthetic_full_cycle,synthetic_growth_cycles
BIM-17,OD,machine_learning,PCR,2026-04-20 21:20:45,0.302,0.9191126977587132,-0.6171126977587131,synthetic_full_cycle,synthetic_growth_cycles
BIM-17,OD,machine_learning,PCR,2026-04-27 16:20:17,0.249,0.7512198028687567,-0.5022198028687567,synthetic_full_cycle,synthetic_growth_cycles
BIM-17,OD,machine_learning,PCR,2026-04-28 15:35:12,0.261,0.5569443644973333,-0.2959443644973333,synthetic_full_cycle,synthetic_growth_cycles
BIM-17,OD,machine_learning,XGBoost,2026-03-30 13:17:54,0.814,0.9961296916007996,-0.18212969160079961,synthetic_full_cycle,synthetic_growth_cycles
BIM-17,OD,machine_learning,XGBoost,2026-03-31 14:56:23,0.86,0.8321477174758911,0.027852282524108873,synthetic_full_cycle,synthetic_growth_cycles
BIM-17,OD,machine_learning,XGBoost,2026-04-01 14:59:45,0.888,0.8584500551223755,0.029549944877624523,synthetic_full_cycle,synthetic_growth_cycles
BIM-17,OD,machine_learning,XGBoost,2026-04-02 14:23:34,0.862,0.8971578478813171,-0.03515784788131715,synthetic_full_cycle,synthetic_growth_cycles
BIM-17,OD,machine_learning,XGBoost,2026-04-06 15:35:46,0.859,0.8546174764633179,0.004382523536682115,synthetic_full_cycle,synthetic_growth_cycles
BIM-17,OD,machine_learning,XGBoost,2026-04-07 15:28:50,0.826,0.8463163375854492,-0.020316337585449262,synthetic_full_cycle,synthetic_growth_cycles
BIM-17,OD,machine_learning,XGBoost,2026-04-08 14:48:55,0.849,0.8115502595901489,0.03744974040985105,synthetic_full_cycle,synthetic_growth_cycles
BIM-17,OD,machine_learning,XGBoost,2026-04-09 16:48:00,0.86,0.8471294641494751,0.012870535850524889,synthetic_full_cycle,synthetic_growth_cycles
BIM-17,OD,machine_learning,XGBoost,2026-04-10 15:39:48,0.898,0.8645732402801514,0.03342675971984865,synthetic_full_cycle,synthetic_growth_cycles
BIM-17,OD,machine_learning,XGBoost,2026-04-13 15:57:32,0.863,0.9022052884101868,-0.03920528841018678,synthetic_full_cycle,synthetic_growth_cycles
BIM-17,OD,machine_learning,XGBoost,2026-04-20 21:20:45,0.302,0.8546174764633179,-0.5526174764633178,synthetic_full_cycle,synthetic_growth_cycles
BIM-17,OD,machine_learning,XGBoost,2026-04-27 16:20:17,0.249,0.35029205679893494,-0.10129205679893494,synthetic_full_cycle,synthetic_growth_cycles
BIM-17,OD,machine_learning,XGBoost,2026-04-28 15:35:12,0.261,0.44590404629707336,-0.18490404629707335,synthetic_full_cycle,synthetic_growth_cycles
BIM-17,OD,machine_learning,LightGBM,2026-03-30 13:17:54,0.814,0.9860620690466287,-0.1720620690466288,synthetic_full_cycle,synthetic_growth_cycles
BIM-17,OD,machine_learning,LightGBM,2026-03-31 14:56:23,0.86,0.8485584451716848,0.011441554828315215,synthetic_full_cycle,synthetic_growth_cycles
BIM-17,OD,machine_learning,LightGBM,2026-04-01 14:59:45,0.888,0.858862586360207,0.029137413639793053,synthetic_full_cycle,synthetic_growth_cycles
BIM-17,OD,machine_learning,LightGBM,2026-04-02 14:23:34,0.862,0.9073260853384338,-0.04532608533843385,synthetic_full_cycle,synthetic_growth_cycles
BIM-17,OD,machine_learning,LightGBM,2026-04-06 15:35:46,0.859,0.8555691228428766,0.0034308771571234242,synthetic_full_cycle,synthetic_growth_cycles
BIM-17,OD,machine_learning,LightGBM,2026-04-07 15:28:50,0.826,0.8466309050410531,-0.020630905041053138,synthetic_full_cycle,synthetic_growth_cycles
BIM-17,OD,machine_learning,LightGBM,2026-04-08 14:48:55,0.849,0.8080321888873744,0.040967811112625596,synthetic_full_cycle,synthetic_growth_cycles
BIM-17,OD,machine_learning,LightGBM,2026-04-09 16:48:00,0.86,0.8466871798745813,0.013312820125418678,synthetic_full_cycle,synthetic_growth_cycles
BIM-17,OD,machine_learning,LightGBM,2026-04-10 15:39:48,0.898,0.8634345321857998,0.034565467814200224,synthetic_full_cycle,synthetic_growth_cycles
BIM-17,OD,machine_learning,LightGBM,2026-04-13 15:57:32,0.863,0.9019782716088885,-0.03897827160888856,synthetic_full_cycle,synthetic_growth_cycles
BIM-17,OD,machine_learning,LightGBM,2026-04-20 21:20:45,0.302,0.8601759102851009,-0.5581759102851009,synthetic_full_cycle,synthetic_growth_cycles
BIM-17,OD,machine_learning,LightGBM,2026-04-27 16:20:17,0.249,0.3492575642636903,-0.10025756426369031,synthetic_full_cycle,synthetic_growth_cycles
BIM-17,OD,machine_learning,LightGBM,2026-04-28 15:35:12,0.261,0.32363103587476977,-0.06263103587476976,synthetic_full_cycle,synthetic_growth_cycles
BIM-17,OD,machine_learning,CatBoost,2026-03-30 13:17:54,0.814,0.996389477212303,-0.18238947721230303,synthetic_full_cycle,synthetic_growth_cycles
BIM-17,OD,machine_learning,CatBoost,2026-03-31 14:56:23,0.86,0.8499651777781746,0.01003482222182539,synthetic_full_cycle,synthetic_growth_cycles
BIM-17,OD,machine_learning,CatBoost,2026-04-01 14:59:45,0.888,0.859171155288149,0.028828844711850987,synthetic_full_cycle,synthetic_growth_cycles
BIM-17,OD,machine_learning,CatBoost,2026-04-02 14:23:34,0.862,0.9006726615020418,-0.03867266150204185,synthetic_full_cycle,synthetic_growth_cycles
BIM-17,OD,machine_learning,CatBoost,2026-04-06 15:35:46,0.859,0.8542308981957065,0.004769101804293463,synthetic_full_cycle,synthetic_growth_cycles
BIM-17,OD,machine_learning,CatBoost,2026-04-07 15:28:50,0.826,0.8452379752552893,-0.019237975255289363,synthetic_full_cycle,synthetic_growth_cycles
BIM-17,OD,machine_learning,CatBoost,2026-04-08 14:48:55,0.849,0.8043859168461724,0.04461408315382753,synthetic_full_cycle,synthetic_growth_cycles
BIM-17,OD,machine_learning,CatBoost,2026-04-09 16:48:00,0.86,0.8431499656513785,0.016850034348621534,synthetic_full_cycle,synthetic_growth_cycles
BIM-17,OD,machine_learning,CatBoost,2026-04-10 15:39:48,0.898,0.863166513084784,0.03483348691521604,synthetic_full_cycle,synthetic_growth_cycles
BIM-17,OD,machine_learning,CatBoost,2026-04-13 15:57:32,0.863,0.9070001976801004,-0.04400019768010044,synthetic_full_cycle,synthetic_growth_cycles
BIM-17,OD,machine_learning,CatBoost,2026-04-20 21:20:45,0.302,0.8544924388072914,-0.5524924388072914,synthetic_full_cycle,synthetic_growth_cycles
BIM-17,OD,machine_learning,CatBoost,2026-04-27 16:20:17,0.249,0.5723949029263417,-0.32339490292634165,synthetic_full_cycle,synthetic_growth_cycles
BIM-17,OD,machine_learning,CatBoost,2026-04-28 15:35:12,0.261,0.5642378784390638,-0.3032378784390638,synthetic_full_cycle,synthetic_growth_cycles
BIM-17,OD,deep_learning,MLP,2026-03-31 14:56:23,0.86,0.8688959244215984,-0.008895924421598367,synthetic_full_cycle,synthetic_growth_cycles
BIM-17,OD,deep_learning,MLP,2026-04-01 14:59:45,0.888,0.8963544662319991,-0.008354466231999091,synthetic_full_cycle,synthetic_growth_cycles
BIM-17,OD,deep_learning,MLP,2026-04-02 14:23:34,0.862,0.8981797702249199,-0.036179770224919916,synthetic_full_cycle,synthetic_growth_cycles
BIM-17,OD,deep_learning,MLP,2026-04-06 15:35:46,0.859,0.8814728517464205,-0.022472851746420552,synthetic_full_cycle,synthetic_growth_cycles
BIM-17,OD,deep_learning,MLP,2026-04-07 15:28:50,0.826,0.8656649291146132,-0.03966492911461328,synthetic_full_cycle,synthetic_growth_cycles
BIM-17,OD,deep_learning,MLP,2026-04-08 14:48:55,0.849,0.797914256154848,0.051085743845151965,synthetic_full_cycle,synthetic_growth_cycles
BIM-17,OD,deep_learning,MLP,2026-04-09 16:48:00,0.86,0.8422661022246123,0.017733897775387697,synthetic_full_cycle,synthetic_growth_cycles
BIM-17,OD,deep_learning,MLP,2026-04-10 15:39:48,0.898,0.8457048488629557,0.052295151137044305,synthetic_full_cycle,synthetic_growth_cycles
BIM-17,OD,deep_learning,MLP,2026-04-13 15:57:32,0.863,0.9141120954069273,-0.051112095406927294,synthetic_full_cycle,synthetic_growth_cycles
BIM-17,OD,deep_learning,MLP,2026-04-20 21:20:45,0.302,0.8584901993567922,-0.5564901993567921,synthetic_full_cycle,synthetic_growth_cycles
BIM-17,OD,deep_learning,MLP,2026-04-27 16:20:17,0.249,0.5542292976544954,-0.30522929765449536,synthetic_full_cycle,synthetic_growth_cycles
BIM-17,OD,deep_learning,MLP,2026-04-28 15:35:12,0.261,0.4809057173750795,-0.21990571737507947,synthetic_full_cycle,synthetic_growth_cycles
BIM-20,OD,machine_learning,Linear_Regression,2026-03-23 14:23:46,0.567,0.6831638759356485,-0.11616387593564859,synthetic_full_cycle,synthetic_growth_cycles
BIM-20,OD,machine_learning,Linear_Regression,2026-03-24 13:51:35,0.824,0.528313027883532,0.295686972116468,synthetic_full_cycle,synthetic_growth_cycles
BIM-20,OD,machine_learning,Linear_Regression,2026-03-25 12:33:27,0.812,0.9655134415141199,-0.15351344151411983,synthetic_full_cycle,synthetic_growth_cycles
BIM-20,OD,machine_learning,Linear_Regression,2026-03-26 13:08:34,0.536,0.8296035632289563,-0.2936035632289563,synthetic_full_cycle,synthetic_growth_cycles
BIM-20,OD,machine_learning,Linear_Regression,2026-03-27 13:33:19,0.62,0.4045518615888621,0.2154481384111379,synthetic_full_cycle,synthetic_growth_cycles
BIM-20,OD,machine_learning,Linear_Regression,2026-03-30 13:24:25,0.722,0.6657989833818964,0.056201016618103616,synthetic_full_cycle,synthetic_growth_cycles
BIM-20,OD,machine_learning,Linear_Regression,2026-03-31 14:59:20,0.75,0.7971649352997018,-0.04716493529970178,synthetic_full_cycle,synthetic_growth_cycles
BIM-20,OD,machine_learning,Linear_Regression,2026-04-01 15:03:25,0.824,0.7830085909578408,0.040991409042159144,synthetic_full_cycle,synthetic_growth_cycles
BIM-20,OD,machine_learning,Linear_Regression,2026-04-02 14:28:16,0.822,0.8724177302949279,-0.05041773029492791,synthetic_full_cycle,synthetic_growth_cycles
BIM-20,OD,machine_learning,Linear_Regression,2026-04-06 15:40:46,0.649,0.8312190540219362,-0.18221905402193617,synthetic_full_cycle,synthetic_growth_cycles
BIM-20,OD,machine_learning,Linear_Regression,2026-04-07 15:32:10,0.641,0.5684314303673977,0.07256856963260228,synthetic_full_cycle,synthetic_growth_cycles
BIM-20,OD,machine_learning,Linear_Regression,2026-04-08 14:56:53,0.642,0.6411969440800294,0.0008030559199706522,synthetic_full_cycle,synthetic_growth_cycles
BIM-20,OD,machine_learning,Linear_Regression,2026-04-09 16:50:52,0.609,0.659192997360631,-0.050192997360630986,synthetic_full_cycle,synthetic_growth_cycles
BIM-20,OD,machine_learning,Linear_Regression,2026-04-10 15:46:26,0.655,0.610000246653123,0.044999753346877,synthetic_full_cycle,synthetic_growth_cycles
BIM-20,OD,machine_learning,Linear_Regression,2026-04-13 16:04:12,0.622,0.6947609276035505,-0.07276092760355046,synthetic_full_cycle,synthetic_growth_cycles
BIM-20,OD,machine_learning,Linear_Regression,2026-04-14 15:34:06,0.622,0.625390324986497,-0.003390324986497051,synthetic_full_cycle,synthetic_growth_cycles
BIM-20,OD,machine_learning,Polynomial_Regression,2026-03-23 14:23:46,0.567,0.7110253792209884,-0.14402537922098846,synthetic_full_cycle,synthetic_growth_cycles
BIM-20,OD,machine_learning,Polynomial_Regression,2026-03-24 13:51:35,0.824,0.5062352324312507,0.3177647675687493,synthetic_full_cycle,synthetic_growth_cycles
BIM-20,OD,machine_learning,Polynomial_Regression,2026-03-25 12:33:27,0.812,0.9982988952835226,-0.1862988952835225,synthetic_full_cycle,synthetic_growth_cycles
BIM-20,OD,machine_learning,Polynomial_Regression,2026-03-26 13:08:34,0.536,0.864175033100438,-0.32817503310043794,synthetic_full_cycle,synthetic_growth_cycles
BIM-20,OD,machine_learning,Polynomial_Regression,2026-03-27 13:33:19,0.62,0.39661100699147867,0.22338899300852133,synthetic_full_cycle,synthetic_growth_cycles
BIM-20,OD,machine_learning,Polynomial_Regression,2026-03-30 13:24:25,0.722,0.6266763309958657,0.09532366900413425,synthetic_full_cycle,synthetic_growth_cycles
BIM-20,OD,machine_learning,Polynomial_Regression,2026-03-31 14:59:20,0.75,0.806476107321245,-0.05647610732124497,synthetic_full_cycle,synthetic_growth_cycles
BIM-20,OD,machine_learning,Polynomial_Regression,2026-04-01 15:03:25,0.824,0.7938753114813277,0.030124688518672227,synthetic_full_cycle,synthetic_growth_cycles
BIM-20,OD,machine_learning,Polynomial_Regression,2026-04-02 14:28:16,0.822,0.8713362685353727,-0.04933626853537276,synthetic_full_cycle,synthetic_growth_cycles
BIM-20,OD,machine_learning,Polynomial_Regression,2026-04-06 15:40:46,0.649,0.8406159527787659,-0.19161595277876586,synthetic_full_cycle,synthetic_growth_cycles
BIM-20,OD,machine_learning,Polynomial_Regression,2026-04-07 15:32:10,0.641,0.5691006519584697,0.07189934804153031,synthetic_full_cycle,synthetic_growth_cycles
BIM-20,OD,machine_learning,Polynomial_Regression,2026-04-08 14:56:53,0.642,0.5933228034504205,0.04867719654957947,synthetic_full_cycle,synthetic_growth_cycles
BIM-20,OD,machine_learning,Polynomial_Regression,2026-04-09 16:50:52,0.609,0.6527496231900853,-0.04374962319008535,synthetic_full_cycle,synthetic_growth_cycles
BIM-20,OD,machine_learning,Polynomial_Regression,2026-04-10 15:46:26,0.655,0.6024776001176766,0.052522399882323434,synthetic_full_cycle,synthetic_growth_cycles
BIM-20,OD,machine_learning,Polynomial_Regression,2026-04-13 16:04:12,0.622,0.6889496522774721,-0.06694965227747207,synthetic_full_cycle,synthetic_growth_cycles
BIM-20,OD,machine_learning,Polynomial_Regression,2026-04-14 15:34:06,0.622,0.6292213934616808,-0.007221393461680825,synthetic_full_cycle,synthetic_growth_cycles
BIM-20,OD,machine_learning,Ridge,2026-03-23 14:23:46,0.567,0.6875845690557614,-0.12058456905576143,synthetic_full_cycle,synthetic_growth_cycles
BIM-20,OD,machine_learning,Ridge,2026-03-24 13:51:35,0.824,0.5312009999860683,0.29279900001393167,synthetic_full_cycle,synthetic_growth_cycles
BIM-20,OD,machine_learning,Ridge,2026-03-25 12:33:27,0.812,0.9563395283713209,-0.1443395283713208,synthetic_full_cycle,synthetic_growth_cycles
BIM-20,OD,machine_learning,Ridge,2026-03-26 13:08:34,0.536,0.835319908387821,-0.29931990838782097,synthetic_full_cycle,synthetic_growth_cycles
BIM-20,OD,machine_learning,Ridge,2026-03-27 13:33:19,0.62,0.4125893825099836,0.20741061749001638,synthetic_full_cycle,synthetic_growth_cycles
BIM-20,OD,machine_learning,Ridge,2026-03-30 13:24:25,0.722,0.658287712262488,0.06371228773751203,synthetic_full_cycle,synthetic_growth_cycles
BIM-20,OD,machine_learning,Ridge,2026-03-31 14:59:20,0.75,0.7963141017921723,-0.046314101792172324,synthetic_full_cycle,synthetic_growth_cycles
BIM-20,OD,machine_learning,Ridge,2026-04-01 15:03:25,0.824,0.7845497763210739,0.03945022367892603,synthetic_full_cycle,synthetic_growth_cycles
BIM-20,OD,machine_learning,Ridge,2026-04-02 14:28:16,0.822,0.8710599998058216,-0.04905999980582165,synthetic_full_cycle,synthetic_growth_cycles
BIM-20,OD,machine_learning,Ridge,2026-04-06 15:40:46,0.649,0.8329227116371977,-0.18392271163719764,synthetic_full_cycle,synthetic_growth_cycles
BIM-20,OD,machine_learning,Ridge,2026-04-07 15:32:10,0.641,0.5736261281010503,0.06737387189894972,synthetic_full_cycle,synthetic_growth_cycles
BIM-20,OD,machine_learning,Ridge,2026-04-08 14:56:53,0.642,0.6383182021205495,0.0036817978794505546,synthetic_full_cycle,synthetic_growth_cycles
BIM-20,OD,machine_learning,Ridge,2026-04-09 16:50:52,0.609,0.6594139305456403,-0.05041393054564036,synthetic_full_cycle,synthetic_growth_cycles
BIM-20,OD,machine_learning,Ridge,2026-04-10 15:46:26,0.655,0.6114031460827298,0.043596853917270195,synthetic_full_cycle,synthetic_growth_cycles
BIM-20,OD,machine_learning,Ridge,2026-04-13 16:04:12,0.622,0.6931971026120548,-0.07119710261205481,synthetic_full_cycle,synthetic_growth_cycles
BIM-20,OD,machine_learning,Ridge,2026-04-14 15:34:06,0.622,0.6276882817445761,-0.00568828174457614,synthetic_full_cycle,synthetic_growth_cycles
BIM-20,OD,machine_learning,Lasso,2026-03-23 14:23:46,0.567,0.7168822347477557,-0.14988223474775575,synthetic_full_cycle,synthetic_growth_cycles
BIM-20,OD,machine_learning,Lasso,2026-03-24 13:51:35,0.824,0.5889048862414807,0.23509511375851921,synthetic_full_cycle,synthetic_growth_cycles
BIM-20,OD,machine_learning,Lasso,2026-03-25 12:33:27,0.812,0.8584317309969484,-0.046431730996948306,synthetic_full_cycle,synthetic_growth_cycles
BIM-20,OD,machine_learning,Lasso,2026-03-26 13:08:34,0.536,0.8585412559610024,-0.32254125596100236,synthetic_full_cycle,synthetic_growth_cycles
BIM-20,OD,machine_learning,Lasso,2026-03-27 13:33:19,0.62,0.5419900186099572,0.07800998139004278,synthetic_full_cycle,synthetic_growth_cycles
BIM-20,OD,machine_learning,Lasso,2026-03-30 13:24:25,0.722,0.6304245125399635,0.09157548746003652,synthetic_full_cycle,synthetic_growth_cycles
BIM-20,OD,machine_learning,Lasso,2026-03-31 14:59:20,0.75,0.7690271053665109,-0.019027105366510866,synthetic_full_cycle,synthetic_growth_cycles
BIM-20,OD,machine_learning,Lasso,2026-04-01 15:03:25,0.824,0.7879969663368909,0.036003033663109085,synthetic_full_cycle,synthetic_growth_cycles
BIM-20,OD,machine_learning,Lasso,2026-04-02 14:28:16,0.822,0.8524611039100418,-0.030461103910041865,synthetic_full_cycle,synthetic_growth_cycles
BIM-20,OD,machine_learning,Lasso,2026-04-06 15:40:46,0.649,0.8470460874216326,-0.19804608742163254,synthetic_full_cycle,synthetic_growth_cycles
BIM-20,OD,machine_learning,Lasso,2026-04-07 15:32:10,0.641,0.6590278091753595,-0.01802780917535951,synthetic_full_cycle,synthetic_growth_cycles
BIM-20,OD,machine_learning,Lasso,2026-04-08 14:56:53,0.642,0.6509807729798693,-0.008980772979869323,synthetic_full_cycle,synthetic_growth_cycles
BIM-20,OD,machine_learning,Lasso,2026-04-09 16:50:52,0.609,0.6726748753604368,-0.06367487536043681,synthetic_full_cycle,synthetic_growth_cycles
BIM-20,OD,machine_learning,Lasso,2026-04-10 15:46:26,0.655,0.6394509979186048,0.015549002081395202,synthetic_full_cycle,synthetic_growth_cycles
BIM-20,OD,machine_learning,Lasso,2026-04-13 16:04:12,0.622,0.6869752877309242,-0.0649752877309242,synthetic_full_cycle,synthetic_growth_cycles
BIM-20,OD,machine_learning,Lasso,2026-04-14 15:34:06,0.622,0.6567367238325456,-0.03473672383254556,synthetic_full_cycle,synthetic_growth_cycles
BIM-20,OD,machine_learning,Elastic_Net,2026-03-23 14:23:46,0.567,0.7199697200244658,-0.15296972002446585,synthetic_full_cycle,synthetic_growth_cycles
BIM-20,OD,machine_learning,Elastic_Net,2026-03-24 13:51:35,0.824,0.5815235174177029,0.24247648258229704,synthetic_full_cycle,synthetic_growth_cycles
BIM-20,OD,machine_learning,Elastic_Net,2026-03-25 12:33:27,0.812,0.8618911259510166,-0.049891125951016524,synthetic_full_cycle,synthetic_growth_cycles
BIM-20,OD,machine_learning,Elastic_Net,2026-03-26 13:08:34,0.536,0.8657875173877371,-0.32978751738773704,synthetic_full_cycle,synthetic_growth_cycles
BIM-20,OD,machine_learning,Elastic_Net,2026-03-27 13:33:19,0.62,0.52842986411761,0.09157013588239005,synthetic_full_cycle,synthetic_growth_cycles
BIM-20,OD,machine_learning,Elastic_Net,2026-03-30 13:24:25,0.722,0.6205226645796832,0.10147733542031678,synthetic_full_cycle,synthetic_growth_cycles
BIM-20,OD,machine_learning,Elastic_Net,2026-03-31 14:59:20,0.75,0.7741248515530846,-0.024124851553084636,synthetic_full_cycle,synthetic_growth_cycles
BIM-20,OD,machine_learning,Elastic_Net,2026-04-01 15:03:25,0.824,0.7907604121278826,0.03323958787211734,synthetic_full_cycle,synthetic_growth_cycles
BIM-20,OD,machine_learning,Elastic_Net,2026-04-02 14:28:16,0.822,0.853901330735547,-0.03190133073554702,synthetic_full_cycle,synthetic_growth_cycles
BIM-20,OD,machine_learning,Elastic_Net,2026-04-06 15:40:46,0.649,0.8472800156622563,-0.19828001566225628,synthetic_full_cycle,synthetic_growth_cycles
BIM-20,OD,machine_learning,Elastic_Net,2026-04-07 15:32:10,0.641,0.6497370451410712,-0.008737045141071209,synthetic_full_cycle,synthetic_growth_cycles
BIM-20,OD,machine_learning,Elastic_Net,2026-04-08 14:56:53,0.642,0.6414685179391795,0.0005314820608205428,synthetic_full_cycle,synthetic_growth_cycles
BIM-20,OD,machine_learning,Elastic_Net,2026-04-09 16:50:52,0.609,0.6701867242610181,-0.06118672426101812,synthetic_full_cycle,synthetic_growth_cycles
BIM-20,OD,machine_learning,Elastic_Net,2026-04-10 15:46:26,0.655,0.6360391005771373,0.01896089942286272,synthetic_full_cycle,synthetic_growth_cycles
BIM-20,OD,machine_learning,Elastic_Net,2026-04-13 16:04:12,0.622,0.6852609889832636,-0.0632609889832636,synthetic_full_cycle,synthetic_growth_cycles
BIM-20,OD,machine_learning,Elastic_Net,2026-04-14 15:34:06,0.622,0.6551082629071175,-0.03310826290711755,synthetic_full_cycle,synthetic_growth_cycles
BIM-20,OD,machine_learning,Decision_Trees,2026-03-23 14:23:46,0.567,0.7865185396036304,-0.21951853960363044,synthetic_full_cycle,synthetic_growth_cycles
BIM-20,OD,machine_learning,Decision_Trees,2026-03-24 13:51:35,0.824,0.6420412900033536,0.18195870999664632,synthetic_full_cycle,synthetic_growth_cycles
BIM-20,OD,machine_learning,Decision_Trees,2026-03-25 12:33:27,0.812,0.840027132436049,-0.02802713243604893,synthetic_full_cycle,synthetic_growth_cycles
BIM-20,OD,machine_learning,Decision_Trees,2026-03-26 13:08:34,0.536,0.840027132436049,-0.30402713243604895,synthetic_full_cycle,synthetic_growth_cycles
BIM-20,OD,machine_learning,Decision_Trees,2026-03-27 13:33:19,0.62,0.5457237676475901,0.07427623235240988,synthetic_full_cycle,synthetic_growth_cycles
BIM-20,OD,machine_learning,Decision_Trees,2026-03-30 13:24:25,0.722,0.6420412900033536,0.07995870999664634,synthetic_full_cycle,synthetic_growth_cycles
BIM-20,OD,machine_learning,Decision_Trees,2026-03-31 14:59:20,0.75,0.7865185396036304,-0.036518539603630384,synthetic_full_cycle,synthetic_growth_cycles
BIM-20,OD,machine_learning,Decision_Trees,2026-04-01 15:03:25,0.824,0.7865185396036304,0.03748146039636957,synthetic_full_cycle,synthetic_growth_cycles
BIM-20,OD,machine_learning,Decision_Trees,2026-04-02 14:28:16,0.822,0.840027132436049,-0.01802713243604903,synthetic_full_cycle,synthetic_growth_cycles
BIM-20,OD,machine_learning,Decision_Trees,2026-04-06 15:40:46,0.649,0.840027132436049,-0.19102713243604896,synthetic_full_cycle,synthetic_growth_cycles
BIM-20,OD,machine_learning,Decision_Trees,2026-04-07 15:32:10,0.641,0.6420412900033536,-0.0010412900033536232,synthetic_full_cycle,synthetic_growth_cycles
BIM-20,OD,machine_learning,Decision_Trees,2026-04-08 14:56:53,0.642,0.6420412900033536,-4.129000335362232e-05,synthetic_full_cycle,synthetic_growth_cycles
BIM-20,OD,machine_learning,Decision_Trees,2026-04-09 16:50:52,0.609,0.6420412900033536,-0.03304129000335365,synthetic_full_cycle,synthetic_growth_cycles
BIM-20,OD,machine_learning,Decision_Trees,2026-04-10 15:46:26,0.655,0.6420412900033536,0.01295870999664639,synthetic_full_cycle,synthetic_growth_cycles
BIM-20,OD,machine_learning,Decision_Trees,2026-04-13 16:04:12,0.622,0.6420412900033536,-0.02004129000335364,synthetic_full_cycle,synthetic_growth_cycles
BIM-20,OD,machine_learning,Decision_Trees,2026-04-14 15:34:06,0.622,0.6420412900033536,-0.02004129000335364,synthetic_full_cycle,synthetic_growth_cycles
BIM-20,OD,machine_learning,Random_Forest,2026-03-23 14:23:46,0.567,0.7377658132648373,-0.1707658132648373,synthetic_full_cycle,synthetic_growth_cycles
BIM-20,OD,machine_learning,Random_Forest,2026-03-24 13:51:35,0.824,0.6440681115019089,0.17993188849809105,synthetic_full_cycle,synthetic_growth_cycles
BIM-20,OD,machine_learning,Random_Forest,2026-03-25 12:33:27,0.812,0.898253824674375,-0.08625382467437492,synthetic_full_cycle,synthetic_growth_cycles
BIM-20,OD,machine_learning,Random_Forest,2026-03-26 13:08:34,0.536,0.8616103879984405,-0.32561038799844044,synthetic_full_cycle,synthetic_growth_cycles
BIM-20,OD,machine_learning,Random_Forest,2026-03-27 13:33:19,0.62,0.6168420364748557,0.003157963525144303,synthetic_full_cycle,synthetic_growth_cycles
BIM-20,OD,machine_learning,Random_Forest,2026-03-30 13:24:25,0.722,0.7311898168718503,-0.009189816871850276,synthetic_full_cycle,synthetic_growth_cycles
BIM-20,OD,machine_learning,Random_Forest,2026-03-31 14:59:20,0.75,0.7910005009712014,-0.04100050097120145,synthetic_full_cycle,synthetic_growth_cycles
BIM-20,OD,machine_learning,Random_Forest,2026-04-01 15:03:25,0.824,0.7951538145867317,0.02884618541326822,synthetic_full_cycle,synthetic_growth_cycles
BIM-20,OD,machine_learning,Random_Forest,2026-04-02 14:28:16,0.822,0.851995068756126,-0.02999506875612601,synthetic_full_cycle,synthetic_growth_cycles
BIM-20,OD,machine_learning,Random_Forest,2026-04-06 15:40:46,0.649,0.8200134060848177,-0.17101340608481763,synthetic_full_cycle,synthetic_growth_cycles
BIM-20,OD,machine_learning,Random_Forest,2026-04-07 15:32:10,0.641,0.6952959125885124,-0.05429591258851241,synthetic_full_cycle,synthetic_growth_cycles
BIM-20,OD,machine_learning,Random_Forest,2026-04-08 14:56:53,0.642,0.6671292532105473,-0.025129253210547264,synthetic_full_cycle,synthetic_growth_cycles
BIM-20,OD,machine_learning,Random_Forest,2026-04-09 16:50:52,0.609,0.6835447666974518,-0.0745447666974518,synthetic_full_cycle,synthetic_growth_cycles
BIM-20,OD,machine_learning,Random_Forest,2026-04-10 15:46:26,0.655,0.5964287526325914,0.058571247367408596,synthetic_full_cycle,synthetic_growth_cycles
BIM-20,OD,machine_learning,Random_Forest,2026-04-13 16:04:12,0.622,0.7390633202441323,-0.11706332024413235,synthetic_full_cycle,synthetic_growth_cycles
BIM-20,OD,machine_learning,Random_Forest,2026-04-14 15:34:06,0.622,0.6391649929809258,-0.017164992980925775,synthetic_full_cycle,synthetic_growth_cycles
BIM-20,OD,machine_learning,Extra_Trees,2026-03-23 14:23:46,0.567,0.7488109369456754,-0.1818109369456754,synthetic_full_cycle,synthetic_growth_cycles
BIM-20,OD,machine_learning,Extra_Trees,2026-03-24 13:51:35,0.824,0.5971567645456125,0.22684323545438745,synthetic_full_cycle,synthetic_growth_cycles
BIM-20,OD,machine_learning,Extra_Trees,2026-03-25 12:33:27,0.812,0.9520733963793091,-0.14007339637930905,synthetic_full_cycle,synthetic_growth_cycles
BIM-20,OD,machine_learning,Extra_Trees,2026-03-26 13:08:34,0.536,0.8647208751666264,-0.3287208751666264,synthetic_full_cycle,synthetic_growth_cycles
BIM-20,OD,machine_learning,Extra_Trees,2026-03-27 13:33:19,0.62,0.6307007182254563,-0.010700718225456263,synthetic_full_cycle,synthetic_growth_cycles
BIM-20,OD,machine_learning,Extra_Trees,2026-03-30 13:24:25,0.722,0.6905305588055151,0.031469441194484915,synthetic_full_cycle,synthetic_growth_cycles
BIM-20,OD,machine_learning,Extra_Trees,2026-03-31 14:59:20,0.75,0.7957628524768527,-0.045762852476852744,synthetic_full_cycle,synthetic_growth_cycles
BIM-20,OD,machine_learning,Extra_Trees,2026-04-01 15:03:25,0.824,0.7986974733940293,0.025302526605970654,synthetic_full_cycle,synthetic_growth_cycles
BIM-20,OD,machine_learning,Extra_Trees,2026-04-02 14:28:16,0.822,0.8465806955791035,-0.024580695579103584,synthetic_full_cycle,synthetic_growth_cycles
BIM-20,OD,machine_learning,Extra_Trees,2026-04-06 15:40:46,0.649,0.7900167473545133,-0.1410167473545133,synthetic_full_cycle,synthetic_growth_cycles
BIM-20,OD,machine_learning,Extra_Trees,2026-04-07 15:32:10,0.641,0.6425261188452179,-0.0015261188452179164,synthetic_full_cycle,synthetic_growth_cycles
BIM-20,OD,machine_learning,Extra_Trees,2026-04-08 14:56:53,0.642,0.6510391240922542,-0.009039124092254158,synthetic_full_cycle,synthetic_growth_cycles
BIM-20,OD,machine_learning,Extra_Trees,2026-04-09 16:50:52,0.609,0.6665498060549686,-0.05754980605496862,synthetic_full_cycle,synthetic_growth_cycles
BIM-20,OD,machine_learning,Extra_Trees,2026-04-10 15:46:26,0.655,0.581322901793043,0.073677098206957,synthetic_full_cycle,synthetic_growth_cycles
BIM-20,OD,machine_learning,Extra_Trees,2026-04-13 16:04:12,0.622,0.7419160693562777,-0.11991606935627774,synthetic_full_cycle,synthetic_growth_cycles
BIM-20,OD,machine_learning,Extra_Trees,2026-04-14 15:34:06,0.622,0.6421882908405578,-0.020188290840557843,synthetic_full_cycle,synthetic_growth_cycles
BIM-20,OD,machine_learning,Gradient_Boosting,2026-03-23 14:23:46,0.567,0.7456572815934971,-0.17865728159349714,synthetic_full_cycle,synthetic_growth_cycles
BIM-20,OD,machine_learning,Gradient_Boosting,2026-03-24 13:51:35,0.824,0.5870530917724028,0.23694690822759712,synthetic_full_cycle,synthetic_growth_cycles
BIM-20,OD,machine_learning,Gradient_Boosting,2026-03-25 12:33:27,0.812,0.9092735616419725,-0.09727356164197243,synthetic_full_cycle,synthetic_growth_cycles
BIM-20,OD,machine_learning,Gradient_Boosting,2026-03-26 13:08:34,0.536,0.882319183118824,-0.3463191831188239,synthetic_full_cycle,synthetic_growth_cycles
BIM-20,OD,machine_learning,Gradient_Boosting,2026-03-27 13:33:19,0.62,0.4894763959528671,0.13052360404713287,synthetic_full_cycle,synthetic_growth_cycles
BIM-20,OD,machine_learning,Gradient_Boosting,2026-03-30 13:24:25,0.722,0.6174624730051601,0.10453752699483987,synthetic_full_cycle,synthetic_growth_cycles
BIM-20,OD,machine_learning,Gradient_Boosting,2026-03-31 14:59:20,0.75,0.8065253902814481,-0.056525390281448096,synthetic_full_cycle,synthetic_growth_cycles
BIM-20,OD,machine_learning,Gradient_Boosting,2026-04-01 15:03:25,0.824,0.795585981004565,0.028414018995434942,synthetic_full_cycle,synthetic_growth_cycles
BIM-20,OD,machine_learning,Gradient_Boosting,2026-04-02 14:28:16,0.822,0.8508124980301557,-0.02881249803015573,synthetic_full_cycle,synthetic_growth_cycles
BIM-20,OD,machine_learning,Gradient_Boosting,2026-04-06 15:40:46,0.649,0.8412754493010233,-0.19227544930102325,synthetic_full_cycle,synthetic_growth_cycles
BIM-20,OD,machine_learning,Gradient_Boosting,2026-04-07 15:32:10,0.641,0.6343080583045749,0.0066919416954250854,synthetic_full_cycle,synthetic_growth_cycles
BIM-20,OD,machine_learning,Gradient_Boosting,2026-04-08 14:56:53,0.642,0.6392216696866847,0.0027783303133153137,synthetic_full_cycle,synthetic_growth_cycles
BIM-20,OD,machine_learning,Gradient_Boosting,2026-04-09 16:50:52,0.609,0.6997269470940624,-0.09072694709406237,synthetic_full_cycle,synthetic_growth_cycles
BIM-20,OD,machine_learning,Gradient_Boosting,2026-04-10 15:46:26,0.655,0.6531466569765919,0.001853343023408116,synthetic_full_cycle,synthetic_growth_cycles
BIM-20,OD,machine_learning,Gradient_Boosting,2026-04-13 16:04:12,0.622,0.709197349248947,-0.08719734924894695,synthetic_full_cycle,synthetic_growth_cycles
BIM-20,OD,machine_learning,Gradient_Boosting,2026-04-14 15:34:06,0.622,0.6738686711524848,-0.051868671152484835,synthetic_full_cycle,synthetic_growth_cycles
BIM-20,OD,machine_learning,AdaBoost,2026-03-23 14:23:46,0.567,0.8016279686953097,-0.23462796869530977,synthetic_full_cycle,synthetic_growth_cycles
BIM-20,OD,machine_learning,AdaBoost,2026-03-24 13:51:35,0.824,0.654566618222911,0.169433381777089,synthetic_full_cycle,synthetic_growth_cycles
BIM-20,OD,machine_learning,AdaBoost,2026-03-25 12:33:27,0.812,0.8482458383553435,-0.03624583835534345,synthetic_full_cycle,synthetic_growth_cycles
BIM-20,OD,machine_learning,AdaBoost,2026-03-26 13:08:34,0.536,0.8315443518462192,-0.2955443518462192,synthetic_full_cycle,synthetic_growth_cycles
BIM-20,OD,machine_learning,AdaBoost,2026-03-27 13:33:19,0.62,0.6069267599700251,0.013073240029974897,synthetic_full_cycle,synthetic_growth_cycles
BIM-20,OD,machine_learning,AdaBoost,2026-03-30 13:24:25,0.722,0.7203549177677266,0.0016450822322733316,synthetic_full_cycle,synthetic_growth_cycles
BIM-20,OD,machine_learning,AdaBoost,2026-03-31 14:59:20,0.75,0.82350427858948,-0.07350427858948005,synthetic_full_cycle,synthetic_growth_cycles
BIM-20,OD,machine_learning,AdaBoost,2026-04-01 15:03:25,0.824,0.82350427858948,0.0004957214105199004,synthetic_full_cycle,synthetic_growth_cycles
BIM-20,OD,machine_learning,AdaBoost,2026-04-02 14:28:16,0.822,0.8261471998514381,-0.004147199851438188,synthetic_full_cycle,synthetic_growth_cycles
BIM-20,OD,machine_learning,AdaBoost,2026-04-06 15:40:46,0.649,0.8261471998514381,-0.17714719985143812,synthetic_full_cycle,synthetic_growth_cycles
BIM-20,OD,machine_learning,AdaBoost,2026-04-07 15:32:10,0.641,0.761544061765967,-0.12054406176596699,synthetic_full_cycle,synthetic_growth_cycles
BIM-20,OD,machine_learning,AdaBoost,2026-04-08 14:56:53,0.642,0.729912349751777,-0.08791234975177697,synthetic_full_cycle,synthetic_growth_cycles
BIM-20,OD,machine_learning,AdaBoost,2026-04-09 16:50:52,0.609,0.729912349751777,-0.120912349751777,synthetic_full_cycle,synthetic_growth_cycles
BIM-20,OD,machine_learning,AdaBoost,2026-04-10 15:46:26,0.655,0.7160639705117863,-0.06106397051178625,synthetic_full_cycle,synthetic_growth_cycles
BIM-20,OD,machine_learning,AdaBoost,2026-04-13 16:04:12,0.622,0.7754466055664649,-0.15344660556646494,synthetic_full_cycle,synthetic_growth_cycles
BIM-20,OD,machine_learning,AdaBoost,2026-04-14 15:34:06,0.622,0.7203549177677266,-0.09835491776772665,synthetic_full_cycle,synthetic_growth_cycles
BIM-20,OD,machine_learning,SVR,2026-03-23 14:23:46,0.567,0.7321779818146743,-0.16517798181467436,synthetic_full_cycle,synthetic_growth_cycles
BIM-20,OD,machine_learning,SVR,2026-03-24 13:51:35,0.824,0.5570106457313889,0.26698935426861103,synthetic_full_cycle,synthetic_growth_cycles
BIM-20,OD,machine_learning,SVR,2026-03-25 12:33:27,0.812,1.022320605401187,-0.21032060540118702,synthetic_full_cycle,synthetic_growth_cycles
BIM-20,OD,machine_learning,SVR,2026-03-26 13:08:34,0.536,0.8598244422114516,-0.32382444221145157,synthetic_full_cycle,synthetic_growth_cycles
BIM-20,OD,machine_learning,SVR,2026-03-27 13:33:19,0.62,0.5188940993057256,0.10110590069427439,synthetic_full_cycle,synthetic_growth_cycles
BIM-20,OD,machine_learning,SVR,2026-03-30 13:24:25,0.722,0.7498212849289162,-0.027821284928916223,synthetic_full_cycle,synthetic_growth_cycles
BIM-20,OD,machine_learning,SVR,2026-03-31 14:59:20,0.75,0.8059333393564587,-0.05593333935645872,synthetic_full_cycle,synthetic_growth_cycles
BIM-20,OD,machine_learning,SVR,2026-04-01 15:03:25,0.824,0.7919341589922615,0.03206584100773846,synthetic_full_cycle,synthetic_growth_cycles
BIM-20,OD,machine_learning,SVR,2026-04-02 14:28:16,0.822,0.8600067737379697,-0.03800677373796979,synthetic_full_cycle,synthetic_growth_cycles
BIM-20,OD,machine_learning,SVR,2026-04-06 15:40:46,0.649,0.8415575213191857,-0.1925575213191857,synthetic_full_cycle,synthetic_growth_cycles
BIM-20,OD,machine_learning,SVR,2026-04-07 15:32:10,0.641,0.5750860262267901,0.06591397377320996,synthetic_full_cycle,synthetic_growth_cycles
BIM-20,OD,machine_learning,SVR,2026-04-08 14:56:53,0.642,0.6428618066959593,-0.0008618066959592552,synthetic_full_cycle,synthetic_growth_cycles
BIM-20,OD,machine_learning,SVR,2026-04-09 16:50:52,0.609,0.6514653169423242,-0.04246531694232425,synthetic_full_cycle,synthetic_growth_cycles
BIM-20,OD,machine_learning,SVR,2026-04-10 15:46:26,0.655,0.6074067234380439,0.04759327656195611,synthetic_full_cycle,synthetic_growth_cycles
BIM-20,OD,machine_learning,SVR,2026-04-13 16:04:12,0.622,0.6921725849368578,-0.07017258493685785,synthetic_full_cycle,synthetic_growth_cycles
BIM-20,OD,machine_learning,SVR,2026-04-14 15:34:06,0.622,0.6369907396920278,-0.014990739692027799,synthetic_full_cycle,synthetic_growth_cycles
BIM-20,OD,machine_learning,KNN,2026-03-23 14:23:46,0.567,0.7742278963595188,-0.20722789635951888,synthetic_full_cycle,synthetic_growth_cycles
BIM-20,OD,machine_learning,KNN,2026-03-24 13:51:35,0.824,0.621346323275973,0.202653676724027,synthetic_full_cycle,synthetic_growth_cycles
BIM-20,OD,machine_learning,KNN,2026-03-25 12:33:27,0.812,0.9528362116050236,-0.14083621160502358,synthetic_full_cycle,synthetic_growth_cycles
BIM-20,OD,machine_learning,KNN,2026-03-26 13:08:34,0.536,0.8927252613877213,-0.3567252613877213,synthetic_full_cycle,synthetic_growth_cycles
BIM-20,OD,machine_learning,KNN,2026-03-27 13:33:19,0.62,0.6166788335150035,0.003321166484996474,synthetic_full_cycle,synthetic_growth_cycles
BIM-20,OD,machine_learning,KNN,2026-03-30 13:24:25,0.722,0.736155277305729,-0.014155277305729075,synthetic_full_cycle,synthetic_growth_cycles
BIM-20,OD,machine_learning,KNN,2026-03-31 14:59:20,0.75,0.7682664281177045,-0.018266428117704514,synthetic_full_cycle,synthetic_growth_cycles
BIM-20,OD,machine_learning,KNN,2026-04-01 15:03:25,0.824,0.7954595346205059,0.028540465379494062,synthetic_full_cycle,synthetic_growth_cycles
BIM-20,OD,machine_learning,KNN,2026-04-02 14:28:16,0.822,0.8595275390759681,-0.037527539075968175,synthetic_full_cycle,synthetic_growth_cycles
BIM-20,OD,machine_learning,KNN,2026-04-06 15:40:46,0.649,0.8319647997450987,-0.18296479974509872,synthetic_full_cycle,synthetic_growth_cycles
BIM-20,OD,machine_learning,KNN,2026-04-07 15:32:10,0.641,0.6147640098300448,0.02623599016995526,synthetic_full_cycle,synthetic_growth_cycles
BIM-20,OD,machine_learning,KNN,2026-04-08 14:56:53,0.642,0.6581709546704727,-0.016170954670472693,synthetic_full_cycle,synthetic_growth_cycles
BIM-20,OD,machine_learning,KNN,2026-04-09 16:50:52,0.609,0.7369910988235925,-0.1279910988235925,synthetic_full_cycle,synthetic_growth_cycles
BIM-20,OD,machine_learning,KNN,2026-04-10 15:46:26,0.655,0.6326015201688117,0.022398479831188367,synthetic_full_cycle,synthetic_growth_cycles
BIM-20,OD,machine_learning,KNN,2026-04-13 16:04:12,0.622,0.716229312481468,-0.09422931248146804,synthetic_full_cycle,synthetic_growth_cycles
BIM-20,OD,machine_learning,KNN,2026-04-14 15:34:06,0.622,0.6086336357283525,0.013366364271647502,synthetic_full_cycle,synthetic_growth_cycles
BIM-20,OD,machine_learning,Gaussian_Process_Regression,2026-03-23 14:23:46,0.567,0.7607513370202494,-0.1937513370202495,synthetic_full_cycle,synthetic_growth_cycles
BIM-20,OD,machine_learning,Gaussian_Process_Regression,2026-03-24 13:51:35,0.824,0.5703889350834032,0.2536110649165968,synthetic_full_cycle,synthetic_growth_cycles
BIM-20,OD,machine_learning,Gaussian_Process_Regression,2026-03-25 12:33:27,0.812,1.0730146007763723,-0.2610146007763723,synthetic_full_cycle,synthetic_growth_cycles
BIM-20,OD,machine_learning,Gaussian_Process_Regression,2026-03-26 13:08:34,0.536,0.9111025649954914,-0.3751025649954913,synthetic_full_cycle,synthetic_growth_cycles
BIM-20,OD,machine_learning,Gaussian_Process_Regression,2026-03-27 13:33:19,0.62,0.24465197871072786,0.37534802128927214,synthetic_full_cycle,synthetic_growth_cycles
BIM-20,OD,machine_learning,Gaussian_Process_Regression,2026-03-30 13:24:25,0.722,1.0170399476189314,-0.2950399476189314,synthetic_full_cycle,synthetic_growth_cycles
BIM-20,OD,machine_learning,Gaussian_Process_Regression,2026-03-31 14:59:20,0.75,0.8086569562332424,-0.05865695623324241,synthetic_full_cycle,synthetic_growth_cycles
BIM-20,OD,machine_learning,Gaussian_Process_Regression,2026-04-01 15:03:25,0.824,0.794234412023975,0.02976558797602491,synthetic_full_cycle,synthetic_growth_cycles
BIM-20,OD,machine_learning,Gaussian_Process_Regression,2026-04-02 14:28:16,0.822,0.8641154341242465,-0.042115434124246565,synthetic_full_cycle,synthetic_growth_cycles
BIM-20,OD,machine_learning,Gaussian_Process_Regression,2026-04-06 15:40:46,0.649,0.8399614679800944,-0.1909614679800944,synthetic_full_cycle,synthetic_growth_cycles
BIM-20,OD,machine_learning,Gaussian_Process_Regression,2026-04-07 15:32:10,0.641,0.5221493201097744,0.11885067989022557,synthetic_full_cycle,synthetic_growth_cycles
BIM-20,OD,machine_learning,Gaussian_Process_Regression,2026-04-08 14:56:53,0.642,0.740673637318401,-0.09867363731840095,synthetic_full_cycle,synthetic_growth_cycles
BIM-20,OD,machine_learning,Gaussian_Process_Regression,2026-04-09 16:50:52,0.609,0.6559070314316171,-0.04690703143161712,synthetic_full_cycle,synthetic_growth_cycles
BIM-20,OD,machine_learning,Gaussian_Process_Regression,2026-04-10 15:46:26,0.655,0.6112047351956299,0.043795264804370126,synthetic_full_cycle,synthetic_growth_cycles
BIM-20,OD,machine_learning,Gaussian_Process_Regression,2026-04-13 16:04:12,0.622,0.6993340711269955,-0.07733407112699553,synthetic_full_cycle,synthetic_growth_cycles
BIM-20,OD,machine_learning,Gaussian_Process_Regression,2026-04-14 15:34:06,0.622,0.6389643373920988,-0.016964337392098794,synthetic_full_cycle,synthetic_growth_cycles
BIM-20,OD,machine_learning,PLS,2026-03-23 14:23:46,0.567,0.7087875560819554,-0.14178755608195548,synthetic_full_cycle,synthetic_growth_cycles
BIM-20,OD,machine_learning,PLS,2026-03-24 13:51:35,0.824,0.7112862466044545,0.11271375339554546,synthetic_full_cycle,synthetic_growth_cycles
BIM-20,OD,machine_learning,PLS,2026-03-25 12:33:27,0.812,0.7548529405329875,0.057147059467012595,synthetic_full_cycle,synthetic_growth_cycles
BIM-20,OD,machine_learning,PLS,2026-03-26 13:08:34,0.536,0.7985699017395695,-0.2625699017395695,synthetic_full_cycle,synthetic_growth_cycles
BIM-20,OD,machine_learning,PLS,2026-03-27 13:33:19,0.62,0.7774534293634533,-0.1574534293634533,synthetic_full_cycle,synthetic_growth_cycles
BIM-20,OD,machine_learning,PLS,2026-03-30 13:24:25,0.722,0.7187966357020915,0.003203364297908462,synthetic_full_cycle,synthetic_growth_cycles
BIM-20,OD,machine_learning,PLS,2026-03-31 14:59:20,0.75,0.700168205912415,0.04983179408758498,synthetic_full_cycle,synthetic_growth_cycles
BIM-20,OD,machine_learning,PLS,2026-04-01 15:03:25,0.824,0.7628867790946102,0.06111322090538973,synthetic_full_cycle,synthetic_growth_cycles
BIM-20,OD,machine_learning,PLS,2026-04-02 14:28:16,0.822,0.8233099527911016,-0.0013099527911016873,synthetic_full_cycle,synthetic_growth_cycles
BIM-20,OD,machine_learning,PLS,2026-04-06 15:40:46,0.649,0.8525054602784207,-0.20350546027842065,synthetic_full_cycle,synthetic_growth_cycles
BIM-20,OD,machine_learning,PLS,2026-04-07 15:32:10,0.641,0.8167792364666395,-0.1757792364666395,synthetic_full_cycle,synthetic_growth_cycles
BIM-20,OD,machine_learning,PLS,2026-04-08 14:56:53,0.642,0.7620363446864161,-0.12003634468641611,synthetic_full_cycle,synthetic_growth_cycles
BIM-20,OD,machine_learning,PLS,2026-04-09 16:50:52,0.609,0.7120232279001962,-0.10302322790019625,synthetic_full_cycle,synthetic_growth_cycles
BIM-20,OD,machine_learning,PLS,2026-04-10 15:46:26,0.655,0.699491120473875,-0.044491120473874934,synthetic_full_cycle,synthetic_growth_cycles
BIM-20,OD,machine_learning,PLS,2026-04-13 16:04:12,0.622,0.7047166974246377,-0.08271669742463772,synthetic_full_cycle,synthetic_growth_cycles
BIM-20,OD,machine_learning,PLS,2026-04-14 15:34:06,0.622,0.6986817496557034,-0.0766817496557034,synthetic_full_cycle,synthetic_growth_cycles
BIM-20,OD,machine_learning,PCR,2026-03-23 14:23:46,0.567,0.7079608666493107,-0.14096086664931073,synthetic_full_cycle,synthetic_growth_cycles
BIM-20,OD,machine_learning,PCR,2026-03-24 13:51:35,0.824,0.7153872092897698,0.10861279071023011,synthetic_full_cycle,synthetic_growth_cycles
BIM-20,OD,machine_learning,PCR,2026-03-25 12:33:27,0.812,0.7529280904146461,0.05907190958535391,synthetic_full_cycle,synthetic_growth_cycles
BIM-20,OD,machine_learning,PCR,2026-03-26 13:08:34,0.536,0.7954156652940021,-0.25941566529400206,synthetic_full_cycle,synthetic_growth_cycles
BIM-20,OD,machine_learning,PCR,2026-03-27 13:33:19,0.62,0.7844911898272104,-0.16449118982721045,synthetic_full_cycle,synthetic_growth_cycles
BIM-20,OD,machine_learning,PCR,2026-03-30 13:24:25,0.722,0.7235264436566845,-0.0015264436566845285,synthetic_full_cycle,synthetic_growth_cycles
BIM-20,OD,machine_learning,PCR,2026-03-31 14:59:20,0.75,0.69813947643765,0.05186052356235005,synthetic_full_cycle,synthetic_growth_cycles
BIM-20,OD,machine_learning,PCR,2026-04-01 15:03:25,0.824,0.761822250143499,0.06217774985650093,synthetic_full_cycle,synthetic_growth_cycles
BIM-20,OD,machine_learning,PCR,2026-04-02 14:28:16,0.822,0.8224573326967702,-0.0004573326967702851,synthetic_full_cycle,synthetic_growth_cycles
BIM-20,OD,machine_learning,PCR,2026-04-06 15:40:46,0.649,0.8522613300407035,-0.20326133004070346,synthetic_full_cycle,synthetic_growth_cycles
BIM-20,OD,machine_learning,PCR,2026-04-07 15:32:10,0.641,0.8214448474879236,-0.18044484748792355,synthetic_full_cycle,synthetic_growth_cycles
BIM-20,OD,machine_learning,PCR,2026-04-08 14:56:53,0.642,0.7666291547208514,-0.12462915472085134,synthetic_full_cycle,synthetic_growth_cycles
BIM-20,OD,machine_learning,PCR,2026-04-09 16:50:52,0.609,0.7136348041212549,-0.10463480412125492,synthetic_full_cycle,synthetic_growth_cycles
BIM-20,OD,machine_learning,PCR,2026-04-10 15:46:26,0.655,0.7016637088049498,-0.046663708804949744,synthetic_full_cycle,synthetic_growth_cycles
BIM-20,OD,machine_learning,PCR,2026-04-13 16:04:12,0.622,0.7058962280066975,-0.08389622800669749,synthetic_full_cycle,synthetic_growth_cycles
BIM-20,OD,machine_learning,PCR,2026-04-14 15:34:06,0.622,0.700049882288323,-0.07804988228832299,synthetic_full_cycle,synthetic_growth_cycles
BIM-20,OD,machine_learning,XGBoost,2026-03-23 14:23:46,0.567,0.7493960857391357,-0.1823960857391358,synthetic_full_cycle,synthetic_growth_cycles
BIM-20,OD,machine_learning,XGBoost,2026-03-24 13:51:35,0.824,0.5836415886878967,0.24035841131210323,synthetic_full_cycle,synthetic_growth_cycles
BIM-20,OD,machine_learning,XGBoost,2026-03-25 12:33:27,0.812,1.0215516090393066,-0.20955160903930659,synthetic_full_cycle,synthetic_growth_cycles
BIM-20,OD,machine_learning,XGBoost,2026-03-26 13:08:34,0.536,0.8736632466316223,-0.3376632466316223,synthetic_full_cycle,synthetic_growth_cycles
BIM-20,OD,machine_learning,XGBoost,2026-03-27 13:33:19,0.62,0.5693506002426147,0.05064939975738525,synthetic_full_cycle,synthetic_growth_cycles
BIM-20,OD,machine_learning,XGBoost,2026-03-30 13:24:25,0.722,0.7412136197090149,-0.019213619709014917,synthetic_full_cycle,synthetic_growth_cycles
BIM-20,OD,machine_learning,XGBoost,2026-03-31 14:59:20,0.75,0.8006743788719177,-0.050674378871917725,synthetic_full_cycle,synthetic_growth_cycles
BIM-20,OD,machine_learning,XGBoost,2026-04-01 15:03:25,0.824,0.799439549446106,0.024560450553893998,synthetic_full_cycle,synthetic_growth_cycles
BIM-20,OD,machine_learning,XGBoost,2026-04-02 14:28:16,0.822,0.8621551394462585,-0.04015513944625859,synthetic_full_cycle,synthetic_growth_cycles
BIM-20,OD,machine_learning,XGBoost,2026-04-06 15:40:46,0.649,0.8379349112510681,-0.1889349112510681,synthetic_full_cycle,synthetic_growth_cycles
BIM-20,OD,machine_learning,XGBoost,2026-04-07 15:32:10,0.641,0.6161818504333496,0.024818149566650405,synthetic_full_cycle,synthetic_growth_cycles
BIM-20,OD,machine_learning,XGBoost,2026-04-08 14:56:53,0.642,0.6807949542999268,-0.03879495429992674,synthetic_full_cycle,synthetic_growth_cycles
BIM-20,OD,machine_learning,XGBoost,2026-04-09 16:50:52,0.609,0.6827224493026733,-0.07372244930267335,synthetic_full_cycle,synthetic_growth_cycles
BIM-20,OD,machine_learning,XGBoost,2026-04-10 15:46:26,0.655,0.6238729357719421,0.031127064228057888,synthetic_full_cycle,synthetic_growth_cycles
BIM-20,OD,machine_learning,XGBoost,2026-04-13 16:04:12,0.622,0.7426488399505615,-0.12064883995056153,synthetic_full_cycle,synthetic_growth_cycles
BIM-20,OD,machine_learning,XGBoost,2026-04-14 15:34:06,0.622,0.6454417109489441,-0.023441710948944094,synthetic_full_cycle,synthetic_growth_cycles
BIM-20,OD,machine_learning,LightGBM,2026-03-23 14:23:46,0.567,0.7405063389138256,-0.1735063389138256,synthetic_full_cycle,synthetic_growth_cycles
BIM-20,OD,machine_learning,LightGBM,2026-03-24 13:51:35,0.824,0.5753495136791917,0.24865048632080822,synthetic_full_cycle,synthetic_growth_cycles
BIM-20,OD,machine_learning,LightGBM,2026-03-25 12:33:27,0.812,1.0127676158226724,-0.20076761582267233,synthetic_full_cycle,synthetic_growth_cycles
BIM-20,OD,machine_learning,LightGBM,2026-03-26 13:08:34,0.536,0.8548404180464285,-0.3188404180464285,synthetic_full_cycle,synthetic_growth_cycles
BIM-20,OD,machine_learning,LightGBM,2026-03-27 13:33:19,0.62,0.5389065312127985,0.08109346878720147,synthetic_full_cycle,synthetic_growth_cycles
BIM-20,OD,machine_learning,LightGBM,2026-03-30 13:24:25,0.722,0.6930331571771864,0.028966842822813588,synthetic_full_cycle,synthetic_growth_cycles
BIM-20,OD,machine_learning,LightGBM,2026-03-31 14:59:20,0.75,0.8104329038553261,-0.06043290385532607,synthetic_full_cycle,synthetic_growth_cycles
BIM-20,OD,machine_learning,LightGBM,2026-04-01 15:03:25,0.824,0.7904690716760725,0.033530928323927456,synthetic_full_cycle,synthetic_growth_cycles
BIM-20,OD,machine_learning,LightGBM,2026-04-02 14:28:16,0.822,0.8567136749831947,-0.034713674983194776,synthetic_full_cycle,synthetic_growth_cycles
BIM-20,OD,machine_learning,LightGBM,2026-04-06 15:40:46,0.649,0.8404026532711413,-0.19140265327114125,synthetic_full_cycle,synthetic_growth_cycles
BIM-20,OD,machine_learning,LightGBM,2026-04-07 15:32:10,0.641,0.6446460722789774,-0.003646072278977397,synthetic_full_cycle,synthetic_growth_cycles
BIM-20,OD,machine_learning,LightGBM,2026-04-08 14:56:53,0.642,0.6592479917594414,-0.01724799175944136,synthetic_full_cycle,synthetic_growth_cycles
BIM-20,OD,machine_learning,LightGBM,2026-04-09 16:50:52,0.609,0.6770475435368711,-0.06804754353687115,synthetic_full_cycle,synthetic_growth_cycles
BIM-20,OD,machine_learning,LightGBM,2026-04-10 15:46:26,0.655,0.6212528425037099,0.03374715749629009,synthetic_full_cycle,synthetic_growth_cycles
BIM-20,OD,machine_learning,LightGBM,2026-04-13 16:04:12,0.622,0.7102786532730125,-0.08827865327301254,synthetic_full_cycle,synthetic_growth_cycles
BIM-20,OD,machine_learning,LightGBM,2026-04-14 15:34:06,0.622,0.6452555584624332,-0.023255558462433212,synthetic_full_cycle,synthetic_growth_cycles
BIM-20,OD,machine_learning,CatBoost,2026-03-23 14:23:46,0.567,0.7360965776242898,-0.16909657762428987,synthetic_full_cycle,synthetic_growth_cycles
BIM-20,OD,machine_learning,CatBoost,2026-03-24 13:51:35,0.824,0.5599009098913241,0.2640990901086758,synthetic_full_cycle,synthetic_growth_cycles
BIM-20,OD,machine_learning,CatBoost,2026-03-25 12:33:27,0.812,0.9551077297012562,-0.14310772970125618,synthetic_full_cycle,synthetic_growth_cycles
BIM-20,OD,machine_learning,CatBoost,2026-03-26 13:08:34,0.536,0.845604816175996,-0.309604816175996,synthetic_full_cycle,synthetic_growth_cycles
BIM-20,OD,machine_learning,CatBoost,2026-03-27 13:33:19,0.62,0.5371680749408874,0.08283192505911263,synthetic_full_cycle,synthetic_growth_cycles
BIM-20,OD,machine_learning,CatBoost,2026-03-30 13:24:25,0.722,0.6814860722238363,0.040513927776163694,synthetic_full_cycle,synthetic_growth_cycles
BIM-20,OD,machine_learning,CatBoost,2026-03-31 14:59:20,0.75,0.804757162832997,-0.05475716283299703,synthetic_full_cycle,synthetic_growth_cycles
BIM-20,OD,machine_learning,CatBoost,2026-04-01 15:03:25,0.824,0.7949349803928023,0.02906501960719765,synthetic_full_cycle,synthetic_growth_cycles
BIM-20,OD,machine_learning,CatBoost,2026-04-02 14:28:16,0.822,0.8562508288588095,-0.03425082885880959,synthetic_full_cycle,synthetic_growth_cycles
BIM-20,OD,machine_learning,CatBoost,2026-04-06 15:40:46,0.649,0.8480113657568864,-0.19901136575688638,synthetic_full_cycle,synthetic_growth_cycles
BIM-20,OD,machine_learning,CatBoost,2026-04-07 15:32:10,0.641,0.5765141765268641,0.06448582347313592,synthetic_full_cycle,synthetic_growth_cycles
BIM-20,OD,machine_learning,CatBoost,2026-04-08 14:56:53,0.642,0.5986307141842071,0.04336928581579291,synthetic_full_cycle,synthetic_growth_cycles
BIM-20,OD,machine_learning,CatBoost,2026-04-09 16:50:52,0.609,0.6687031167340063,-0.0597031167340063,synthetic_full_cycle,synthetic_growth_cycles
BIM-20,OD,machine_learning,CatBoost,2026-04-10 15:46:26,0.655,0.6350699857490125,0.019930014250987504,synthetic_full_cycle,synthetic_growth_cycles
BIM-20,OD,machine_learning,CatBoost,2026-04-13 16:04:12,0.622,0.7222985151508676,-0.10029851515086763,synthetic_full_cycle,synthetic_growth_cycles
BIM-20,OD,machine_learning,CatBoost,2026-04-14 15:34:06,0.622,0.6369803918547419,-0.01498039185474187,synthetic_full_cycle,synthetic_growth_cycles
BIM-20,OD,deep_learning,MLP,2026-03-24 13:51:35,0.824,0.5908191130163194,0.23318088698368056,synthetic_full_cycle,synthetic_growth_cycles
BIM-20,OD,deep_learning,MLP,2026-03-25 12:33:27,0.812,0.9377365131308559,-0.12573651313085588,synthetic_full_cycle,synthetic_growth_cycles
BIM-20,OD,deep_learning,MLP,2026-03-26 13:08:34,0.536,0.8877700350811815,-0.35177003508118143,synthetic_full_cycle,synthetic_growth_cycles
BIM-20,OD,deep_learning,MLP,2026-03-27 13:33:19,0.62,0.6728874373095302,-0.05288743730953016,synthetic_full_cycle,synthetic_growth_cycles
BIM-20,OD,deep_learning,MLP,2026-03-30 13:24:25,0.722,0.6691887930055245,0.0528112069944755,synthetic_full_cycle,synthetic_growth_cycles
BIM-20,OD,deep_learning,MLP,2026-03-31 14:59:20,0.75,0.8196753400177688,-0.06967534001776876,synthetic_full_cycle,synthetic_growth_cycles
BIM-20,OD,deep_learning,MLP,2026-04-01 15:03:25,0.824,0.7903289520801584,0.033671047919841546,synthetic_full_cycle,synthetic_growth_cycles
BIM-20,OD,deep_learning,MLP,2026-04-02 14:28:16,0.822,0.8648387980811443,-0.042838798081144325,synthetic_full_cycle,synthetic_growth_cycles
BIM-20,OD,deep_learning,MLP,2026-04-06 15:40:46,0.649,0.835787708302655,-0.186787708302655,synthetic_full_cycle,synthetic_growth_cycles
BIM-20,OD,deep_learning,MLP,2026-04-07 15:32:10,0.641,0.6554867934978879,-0.01448679349788784,synthetic_full_cycle,synthetic_growth_cycles
BIM-20,OD,deep_learning,MLP,2026-04-08 14:56:53,0.642,0.6554346322321953,-0.01343463223219532,synthetic_full_cycle,synthetic_growth_cycles
BIM-20,OD,deep_learning,MLP,2026-04-09 16:50:52,0.609,0.6856751202992075,-0.07667512029920753,synthetic_full_cycle,synthetic_growth_cycles
BIM-20,OD,deep_learning,MLP,2026-04-10 15:46:26,0.655,0.6404321103644484,0.014567889635551667,synthetic_full_cycle,synthetic_growth_cycles
BIM-20,OD,deep_learning,MLP,2026-04-13 16:04:12,0.622,0.7278066808256884,-0.10580668082568845,synthetic_full_cycle,synthetic_growth_cycles
BIM-20,OD,deep_learning,MLP,2026-04-14 15:34:06,0.622,0.6494182421601893,-0.027418242160189288,synthetic_full_cycle,synthetic_growth_cycles
T1,OD,machine_learning,Linear_Regression,2026-05-08 00:00:00,0.502,0.5135380680761497,-0.011538068076149655,synthetic_full_cycle,synthetic_growth_cycles
T1,OD,machine_learning,Linear_Regression,2026-05-11 00:00:00,0.665,0.541175653492906,0.12382434650709406,synthetic_full_cycle,synthetic_growth_cycles
T1,OD,machine_learning,Linear_Regression,2026-05-12 00:00:00,0.785,0.7737925021468917,0.011207497853108372,synthetic_full_cycle,synthetic_growth_cycles
T1,OD,machine_learning,Linear_Regression,2026-05-13 00:00:00,0.815,0.871733989156454,-0.056733989156454,synthetic_full_cycle,synthetic_growth_cycles
T1,OD,machine_learning,Linear_Regression,2026-05-14 00:00:00,0.833,0.846015649165584,-0.013015649165584064,synthetic_full_cycle,synthetic_growth_cycles
T1,OD,machine_learning,Linear_Regression,2026-05-15 00:00:00,0.679,0.8494997970318602,-0.17049979703186013,synthetic_full_cycle,synthetic_growth_cycles
T1,OD,machine_learning,Polynomial_Regression,2026-05-08 00:00:00,0.502,0.5219071065801796,-0.01990710658017958,synthetic_full_cycle,synthetic_growth_cycles
T1,OD,machine_learning,Polynomial_Regression,2026-05-11 00:00:00,0.665,0.5387525935703634,0.1262474064296366,synthetic_full_cycle,synthetic_growth_cycles
T1,OD,machine_learning,Polynomial_Regression,2026-05-12 00:00:00,0.785,0.7945063861811219,-0.009506386181121873,synthetic_full_cycle,synthetic_growth_cycles
T1,OD,machine_learning,Polynomial_Regression,2026-05-13 00:00:00,0.815,0.8765942673429914,-0.06159426734299145,synthetic_full_cycle,synthetic_growth_cycles
T1,OD,machine_learning,Polynomial_Regression,2026-05-14 00:00:00,0.833,0.8565394283260424,-0.02353942832604239,synthetic_full_cycle,synthetic_growth_cycles
T1,OD,machine_learning,Polynomial_Regression,2026-05-15 00:00:00,0.679,0.8505017708536305,-0.1715017708536305,synthetic_full_cycle,synthetic_growth_cycles
T1,OD,machine_learning,Ridge,2026-05-08 00:00:00,0.502,0.5154828452175693,-0.013482845217569261,synthetic_full_cycle,synthetic_growth_cycles
T1,OD,machine_learning,Ridge,2026-05-11 00:00:00,0.665,0.5412005171910121,0.12379948280898789,synthetic_full_cycle,synthetic_growth_cycles
T1,OD,machine_learning,Ridge,2026-05-12 00:00:00,0.785,0.770061940477419,0.014938059522580982,synthetic_full_cycle,synthetic_growth_cycles
T1,OD,machine_learning,Ridge,2026-05-13 00:00:00,0.815,0.871891829242094,-0.056891829242094016,synthetic_full_cycle,synthetic_growth_cycles
T1,OD,machine_learning,Ridge,2026-05-14 00:00:00,0.833,0.8477701747430345,-0.014770174743034548,synthetic_full_cycle,synthetic_growth_cycles
T1,OD,machine_learning,Ridge,2026-05-15 00:00:00,0.679,0.8497342011064023,-0.17073420110640225,synthetic_full_cycle,synthetic_growth_cycles
T1,OD,machine_learning,Lasso,2026-05-08 00:00:00,0.502,0.532948131769825,-0.030948131769825027,synthetic_full_cycle,synthetic_growth_cycles
T1,OD,machine_learning,Lasso,2026-05-11 00:00:00,0.665,0.5479724350740046,0.11702756492599542,synthetic_full_cycle,synthetic_growth_cycles
T1,OD,machine_learning,Lasso,2026-05-12 00:00:00,0.785,0.7166774460912098,0.06832255390879027,synthetic_full_cycle,synthetic_growth_cycles
T1,OD,machine_learning,Lasso,2026-05-13 00:00:00,0.815,0.8383382893574688,-0.023338289357468844,synthetic_full_cycle,synthetic_growth_cycles
T1,OD,machine_learning,Lasso,2026-05-14 00:00:00,0.833,0.8499460248502779,-0.016946024850277963,synthetic_full_cycle,synthetic_growth_cycles
T1,OD,machine_learning,Lasso,2026-05-15 00:00:00,0.679,0.854259707719377,-0.17525970771937693,synthetic_full_cycle,synthetic_growth_cycles
T1,OD,machine_learning,Elastic_Net,2026-05-08 00:00:00,0.502,0.5338293518108871,-0.031829351810887085,synthetic_full_cycle,synthetic_growth_cycles
T1,OD,machine_learning,Elastic_Net,2026-05-11 00:00:00,0.665,0.5470599453096806,0.11794005469031943,synthetic_full_cycle,synthetic_growth_cycles
T1,OD,machine_learning,Elastic_Net,2026-05-12 00:00:00,0.785,0.7218830742445232,0.06311692575547678,synthetic_full_cycle,synthetic_growth_cycles
T1,OD,machine_learning,Elastic_Net,2026-05-13 00:00:00,0.815,0.8471893495073746,-0.03218934950737462,synthetic_full_cycle,synthetic_growth_cycles
T1,OD,machine_learning,Elastic_Net,2026-05-14 00:00:00,0.833,0.853348063394358,-0.020348063394358018,synthetic_full_cycle,synthetic_growth_cycles
T1,OD,machine_learning,Elastic_Net,2026-05-15 00:00:00,0.679,0.8534958226508795,-0.17449582265087948,synthetic_full_cycle,synthetic_growth_cycles
T1,OD,machine_learning,Decision_Trees,2026-05-08 00:00:00,0.502,0.6212661213278564,-0.11926612132785641,synthetic_full_cycle,synthetic_growth_cycles
T1,OD,machine_learning,Decision_Trees,2026-05-11 00:00:00,0.665,0.5457237676475901,0.11927623235240992,synthetic_full_cycle,synthetic_growth_cycles
T1,OD,machine_learning,Decision_Trees,2026-05-12 00:00:00,0.785,0.7865185396036304,-0.0015185396036303533,synthetic_full_cycle,synthetic_growth_cycles
T1,OD,machine_learning,Decision_Trees,2026-05-13 00:00:00,0.815,0.840027132436049,-0.025027132436049038,synthetic_full_cycle,synthetic_growth_cycles
T1,OD,machine_learning,Decision_Trees,2026-05-14 00:00:00,0.833,0.840027132436049,-0.007027132436049022,synthetic_full_cycle,synthetic_growth_cycles
T1,OD,machine_learning,Decision_Trees,2026-05-15 00:00:00,0.679,0.840027132436049,-0.16102713243604894,synthetic_full_cycle,synthetic_growth_cycles
T1,OD,machine_learning,Random_Forest,2026-05-08 00:00:00,0.502,0.5625400727852232,-0.06054007278522322,synthetic_full_cycle,synthetic_growth_cycles
T1,OD,machine_learning,Random_Forest,2026-05-11 00:00:00,0.665,0.5360837159184978,0.12891628408150224,synthetic_full_cycle,synthetic_growth_cycles
T1,OD,machine_learning,Random_Forest,2026-05-12 00:00:00,0.785,0.8365955547322401,-0.05159555473224009,synthetic_full_cycle,synthetic_growth_cycles
T1,OD,machine_learning,Random_Forest,2026-05-13 00:00:00,0.815,0.8736628148337666,-0.058662814833766674,synthetic_full_cycle,synthetic_growth_cycles
T1,OD,machine_learning,Random_Forest,2026-05-14 00:00:00,0.833,0.8339656275104308,-0.0009656275104308332,synthetic_full_cycle,synthetic_growth_cycles
T1,OD,machine_learning,Random_Forest,2026-05-15 00:00:00,0.679,0.8407695411607142,-0.16176954116071418,synthetic_full_cycle,synthetic_growth_cycles
T1,OD,machine_learning,Extra_Trees,2026-05-08 00:00:00,0.502,0.5555340368144716,-0.05353403681447155,synthetic_full_cycle,synthetic_growth_cycles
T1,OD,machine_learning,Extra_Trees,2026-05-11 00:00:00,0.665,0.5260567645036247,0.13894323549637533,synthetic_full_cycle,synthetic_growth_cycles
T1,OD,machine_learning,Extra_Trees,2026-05-12 00:00:00,0.785,0.8219319816714414,-0.036931981671441405,synthetic_full_cycle,synthetic_growth_cycles
T1,OD,machine_learning,Extra_Trees,2026-05-13 00:00:00,0.815,0.875991923559249,-0.060991923559249095,synthetic_full_cycle,synthetic_growth_cycles
T1,OD,machine_learning,Extra_Trees,2026-05-14 00:00:00,0.833,0.8337821290106284,-0.0007821290106284629,synthetic_full_cycle,synthetic_growth_cycles
T1,OD,machine_learning,Extra_Trees,2026-05-15 00:00:00,0.679,0.8368007616467562,-0.15780076164675616,synthetic_full_cycle,synthetic_growth_cycles
T1,OD,machine_learning,Gradient_Boosting,2026-05-08 00:00:00,0.502,0.5206434996292576,-0.0186434996292576,synthetic_full_cycle,synthetic_growth_cycles
T1,OD,machine_learning,Gradient_Boosting,2026-05-11 00:00:00,0.665,0.5292136963687848,0.13578630363121524,synthetic_full_cycle,synthetic_growth_cycles
T1,OD,machine_learning,Gradient_Boosting,2026-05-12 00:00:00,0.785,0.7936305666875214,-0.00863056668752138,synthetic_full_cycle,synthetic_growth_cycles
T1,OD,machine_learning,Gradient_Boosting,2026-05-13 00:00:00,0.815,0.8688678807421473,-0.05386788074214732,synthetic_full_cycle,synthetic_growth_cycles
T1,OD,machine_learning,Gradient_Boosting,2026-05-14 00:00:00,0.833,0.8531987609346817,-0.02019876093468176,synthetic_full_cycle,synthetic_growth_cycles
T1,OD,machine_learning,Gradient_Boosting,2026-05-15 00:00:00,0.679,0.8423936553605249,-0.16339365536052486,synthetic_full_cycle,synthetic_growth_cycles
T1,OD,machine_learning,AdaBoost,2026-05-08 00:00:00,0.502,0.574170876852585,-0.07217087685258505,synthetic_full_cycle,synthetic_growth_cycles
T1,OD,machine_learning,AdaBoost,2026-05-11 00:00:00,0.665,0.574170876852585,0.09082912314741498,synthetic_full_cycle,synthetic_growth_cycles
T1,OD,machine_learning,AdaBoost,2026-05-12 00:00:00,0.785,0.8113469816925598,-0.02634698169255978,synthetic_full_cycle,synthetic_growth_cycles
T1,OD,machine_learning,AdaBoost,2026-05-13 00:00:00,0.815,0.85129834090839,-0.036298340908390014,synthetic_full_cycle,synthetic_growth_cycles
T1,OD,machine_learning,AdaBoost,2026-05-14 00:00:00,0.833,0.8261471998514381,0.006852800148561822,synthetic_full_cycle,synthetic_growth_cycles
T1,OD,machine_learning,AdaBoost,2026-05-15 00:00:00,0.679,0.8261471998514381,-0.1471471998514381,synthetic_full_cycle,synthetic_growth_cycles
T1,OD,machine_learning,SVR,2026-05-08 00:00:00,0.502,0.5141913631278385,-0.012191363127838528,synthetic_full_cycle,synthetic_growth_cycles
T1,OD,machine_learning,SVR,2026-05-11 00:00:00,0.665,0.5264360822613477,0.1385639177386523,synthetic_full_cycle,synthetic_growth_cycles
T1,OD,machine_learning,SVR,2026-05-12 00:00:00,0.785,0.8191961272475243,-0.0341961272475243,synthetic_full_cycle,synthetic_growth_cycles
T1,OD,machine_learning,SVR,2026-05-13 00:00:00,0.815,0.863619380930215,-0.048619380930215006,synthetic_full_cycle,synthetic_growth_cycles
T1,OD,machine_learning,SVR,2026-05-14 00:00:00,0.833,0.8554443355161709,-0.022444335516170977,synthetic_full_cycle,synthetic_growth_cycles
T1,OD,machine_learning,SVR,2026-05-15 00:00:00,0.679,0.8458020297180007,-0.16680202971800062,synthetic_full_cycle,synthetic_growth_cycles
T1,OD,machine_learning,KNN,2026-05-08 00:00:00,0.502,0.5930791330314437,-0.09107913303144366,synthetic_full_cycle,synthetic_growth_cycles
T1,OD,machine_learning,KNN,2026-05-11 00:00:00,0.665,0.5106780296661703,0.15432197033382977,synthetic_full_cycle,synthetic_growth_cycles
T1,OD,machine_learning,KNN,2026-05-12 00:00:00,0.785,0.8211122013579146,-0.0361122013579146,synthetic_full_cycle,synthetic_growth_cycles
T1,OD,machine_learning,KNN,2026-05-13 00:00:00,0.815,0.8973677623252456,-0.08236776232524567,synthetic_full_cycle,synthetic_growth_cycles
T1,OD,machine_learning,KNN,2026-05-14 00:00:00,0.833,0.8810575802377678,-0.04805758023776785,synthetic_full_cycle,synthetic_growth_cycles
T1,OD,machine_learning,KNN,2026-05-15 00:00:00,0.679,0.8123337833713841,-0.13333378337138402,synthetic_full_cycle,synthetic_growth_cycles
T1,OD,machine_learning,Gaussian_Process_Regression,2026-05-08 00:00:00,0.502,0.5197885773470997,-0.01778857734709971,synthetic_full_cycle,synthetic_growth_cycles
T1,OD,machine_learning,Gaussian_Process_Regression,2026-05-11 00:00:00,0.665,0.5327309130717317,0.13226908692826833,synthetic_full_cycle,synthetic_growth_cycles
T1,OD,machine_learning,Gaussian_Process_Regression,2026-05-12 00:00:00,0.785,0.8265333202399924,-0.041533320239992344,synthetic_full_cycle,synthetic_growth_cycles
T1,OD,machine_learning,Gaussian_Process_Regression,2026-05-13 00:00:00,0.815,0.8628781316473462,-0.04787813164734622,synthetic_full_cycle,synthetic_growth_cycles
T1,OD,machine_learning,Gaussian_Process_Regression,2026-05-14 00:00:00,0.833,0.8552797280928848,-0.02227972809288481,synthetic_full_cycle,synthetic_growth_cycles
T1,OD,machine_learning,Gaussian_Process_Regression,2026-05-15 00:00:00,0.679,0.8452294920228479,-0.16622949202284787,synthetic_full_cycle,synthetic_growth_cycles
T1,OD,machine_learning,PLS,2026-05-08 00:00:00,0.502,0.5464566939549033,-0.04445669395490326,synthetic_full_cycle,synthetic_growth_cycles
T1,OD,machine_learning,PLS,2026-05-11 00:00:00,0.665,0.5718456296158547,0.09315437038414531,synthetic_full_cycle,synthetic_growth_cycles
T1,OD,machine_learning,PLS,2026-05-12 00:00:00,0.785,0.6311095083743938,0.1538904916256062,synthetic_full_cycle,synthetic_growth_cycles
T1,OD,machine_learning,PLS,2026-05-13 00:00:00,0.815,0.7244325711867399,0.09056742881326008,synthetic_full_cycle,synthetic_growth_cycles
T1,OD,machine_learning,PLS,2026-05-14 00:00:00,0.833,0.8150600608214209,0.017939939178579056,synthetic_full_cycle,synthetic_growth_cycles
T1,OD,machine_learning,PLS,2026-05-15 00:00:00,0.679,0.8630584295136177,-0.18405842951361762,synthetic_full_cycle,synthetic_growth_cycles
T1,OD,machine_learning,PCR,2026-05-08 00:00:00,0.502,0.5472839971371413,-0.04528399713714126,synthetic_full_cycle,synthetic_growth_cycles
T1,OD,machine_learning,PCR,2026-05-11 00:00:00,0.665,0.5733185474548659,0.09168145254513416,synthetic_full_cycle,synthetic_growth_cycles
T1,OD,machine_learning,PCR,2026-05-12 00:00:00,0.785,0.6291867932635467,0.15581320673645338,synthetic_full_cycle,synthetic_growth_cycles
T1,OD,machine_learning,PCR,2026-05-13 00:00:00,0.815,0.7205487231327519,0.09445127686724808,synthetic_full_cycle,synthetic_growth_cycles
T1,OD,machine_learning,PCR,2026-05-14 00:00:00,0.833,0.8134671603167505,0.01953283968324948,synthetic_full_cycle,synthetic_growth_cycles
T1,OD,machine_learning,PCR,2026-05-15 00:00:00,0.679,0.8631683510918243,-0.18416835109182428,synthetic_full_cycle,synthetic_growth_cycles
T1,OD,machine_learning,XGBoost,2026-05-08 00:00:00,0.502,0.5632354617118835,-0.06123546171188354,synthetic_full_cycle,synthetic_growth_cycles
T1,OD,machine_learning,XGBoost,2026-05-11 00:00:00,0.665,0.5270451903343201,0.13795480966567997,synthetic_full_cycle,synthetic_growth_cycles
T1,OD,machine_learning,XGBoost,2026-05-12 00:00:00,0.785,0.8436782360076904,-0.0586782360076904,synthetic_full_cycle,synthetic_growth_cycles
T1,OD,machine_learning,XGBoost,2026-05-13 00:00:00,0.815,0.8718395829200745,-0.056839582920074516,synthetic_full_cycle,synthetic_growth_cycles
T1,OD,machine_learning,XGBoost,2026-05-14 00:00:00,0.833,0.8565252423286438,-0.023525242328643836,synthetic_full_cycle,synthetic_growth_cycles
T1,OD,machine_learning,XGBoost,2026-05-15 00:00:00,0.679,0.8438689112663269,-0.16486891126632686,synthetic_full_cycle,synthetic_growth_cycles
T1,OD,machine_learning,LightGBM,2026-05-08 00:00:00,0.502,0.5313432800632256,-0.02934328006322562,synthetic_full_cycle,synthetic_growth_cycles
T1,OD,machine_learning,LightGBM,2026-05-11 00:00:00,0.665,0.5293065835741113,0.13569341642588872,synthetic_full_cycle,synthetic_growth_cycles
T1,OD,machine_learning,LightGBM,2026-05-12 00:00:00,0.785,0.8368042816175694,-0.05180428161756934,synthetic_full_cycle,synthetic_growth_cycles
T1,OD,machine_learning,LightGBM,2026-05-13 00:00:00,0.815,0.8740383360868165,-0.05903833608681652,synthetic_full_cycle,synthetic_growth_cycles
T1,OD,machine_learning,LightGBM,2026-05-14 00:00:00,0.833,0.8575378275300536,-0.024537827530053624,synthetic_full_cycle,synthetic_growth_cycles
T1,OD,machine_learning,LightGBM,2026-05-15 00:00:00,0.679,0.8430167476184512,-0.1640167476184512,synthetic_full_cycle,synthetic_growth_cycles
T1,OD,machine_learning,CatBoost,2026-05-08 00:00:00,0.502,0.5271610467554902,-0.025161046755490246,synthetic_full_cycle,synthetic_growth_cycles
T1,OD,machine_learning,CatBoost,2026-05-11 00:00:00,0.665,0.5197503770614016,0.14524962293859844,synthetic_full_cycle,synthetic_growth_cycles
T1,OD,machine_learning,CatBoost,2026-05-12 00:00:00,0.785,0.8085861965622112,-0.02358619656221117,synthetic_full_cycle,synthetic_growth_cycles
T1,OD,machine_learning,CatBoost,2026-05-13 00:00:00,0.815,0.8595210902287476,-0.04452109022874762,synthetic_full_cycle,synthetic_growth_cycles
T1,OD,machine_learning,CatBoost,2026-05-14 00:00:00,0.833,0.8606432475001197,-0.027643247500119705,synthetic_full_cycle,synthetic_growth_cycles
T1,OD,machine_learning,CatBoost,2026-05-15 00:00:00,0.679,0.8438524113115867,-0.16485241131158668,synthetic_full_cycle,synthetic_growth_cycles
T1,OD,deep_learning,MLP,2026-05-11 00:00:00,0.665,0.5425485507581717,0.12245144924182838,synthetic_full_cycle,synthetic_growth_cycles
T1,OD,deep_learning,MLP,2026-05-12 00:00:00,0.785,0.7991241285376758,-0.01412412853767575,synthetic_full_cycle,synthetic_growth_cycles
T1,OD,deep_learning,MLP,2026-05-13 00:00:00,0.815,0.8673176387439094,-0.05231763874390949,synthetic_full_cycle,synthetic_growth_cycles
T1,OD,deep_learning,MLP,2026-05-14 00:00:00,0.833,0.8550422189020881,-0.02204221890208813,synthetic_full_cycle,synthetic_growth_cycles
T1,OD,deep_learning,MLP,2026-05-15 00:00:00,0.679,0.8550561093499429,-0.17605610934994287,synthetic_full_cycle,synthetic_growth_cycles
T2,OD,machine_learning,Linear_Regression,2026-05-08 00:00:00,0.451,0.40496953509719513,0.04603046490280488,synthetic_full_cycle,synthetic_growth_cycles
T2,OD,machine_learning,Linear_Regression,2026-05-11 00:00:00,0.624,0.46178468839279324,0.16221531160720676,synthetic_full_cycle,synthetic_growth_cycles
T2,OD,machine_learning,Linear_Regression,2026-05-12 00:00:00,0.608,0.7385803962928621,-0.1305803962928621,synthetic_full_cycle,synthetic_growth_cycles
T2,OD,machine_learning,Linear_Regression,2026-05-13 00:00:00,0.553,0.6311349388730628,-0.07813493887306278,synthetic_full_cycle,synthetic_growth_cycles
T2,OD,machine_learning,Polynomial_Regression,2026-05-08 00:00:00,0.451,0.3815331162644313,0.0694668837355687,synthetic_full_cycle,synthetic_growth_cycles
T2,OD,machine_learning,Polynomial_Regression,2026-05-11 00:00:00,0.624,0.405162532043651,0.218837467956349,synthetic_full_cycle,synthetic_growth_cycles
T2,OD,machine_learning,Polynomial_Regression,2026-05-12 00:00:00,0.608,0.7655781985085076,-0.15757819850850763,synthetic_full_cycle,synthetic_growth_cycles
T2,OD,machine_learning,Polynomial_Regression,2026-05-13 00:00:00,0.553,0.6600414261177746,-0.10704142611777456,synthetic_full_cycle,synthetic_growth_cycles
T2,OD,machine_learning,Ridge,2026-05-08 00:00:00,0.451,0.41008687099904667,0.04091312900095334,synthetic_full_cycle,synthetic_growth_cycles
T2,OD,machine_learning,Ridge,2026-05-11 00:00:00,0.624,0.4596402018706008,0.16435979812939921,synthetic_full_cycle,synthetic_growth_cycles
T2,OD,machine_learning,Ridge,2026-05-12 00:00:00,0.608,0.7338997862917052,-0.12589978629170517,synthetic_full_cycle,synthetic_growth_cycles
T2,OD,machine_learning,Ridge,2026-05-13 00:00:00,0.553,0.6355591655978418,-0.08255916559784171,synthetic_full_cycle,synthetic_growth_cycles
T2,OD,machine_learning,Lasso,2026-05-08 00:00:00,0.451,0.49233550810675536,-0.04133550810675535,synthetic_full_cycle,synthetic_growth_cycles
T2,OD,machine_learning,Lasso,2026-05-11 00:00:00,0.624,0.47783525086856393,0.14616474913143607,synthetic_full_cycle,synthetic_growth_cycles
T2,OD,machine_learning,Lasso,2026-05-12 00:00:00,0.608,0.6760035951625781,-0.06800359516257815,synthetic_full_cycle,synthetic_growth_cycles
T2,OD,machine_learning,Lasso,2026-05-13 00:00:00,0.553,0.6611036481889788,-0.10810364818897877,synthetic_full_cycle,synthetic_growth_cycles
T2,OD,machine_learning,Elastic_Net,2026-05-08 00:00:00,0.451,0.4841694887612076,-0.033169488761207566,synthetic_full_cycle,synthetic_growth_cycles
T2,OD,machine_learning,Elastic_Net,2026-05-11 00:00:00,0.624,0.46914028049281414,0.15485971950718586,synthetic_full_cycle,synthetic_growth_cycles
T2,OD,machine_learning,Elastic_Net,2026-05-12 00:00:00,0.608,0.6802659028802976,-0.07226590288029766,synthetic_full_cycle,synthetic_growth_cycles
T2,OD,machine_learning,Elastic_Net,2026-05-13 00:00:00,0.553,0.665326807519608,-0.112326807519608,synthetic_full_cycle,synthetic_growth_cycles
T2,OD,machine_learning,Decision_Trees,2026-05-08 00:00:00,0.451,0.4884450066857326,-0.037445006685732585,synthetic_full_cycle,synthetic_growth_cycles
T2,OD,machine_learning,Decision_Trees,2026-05-11 00:00:00,0.624,0.4884450066857326,0.1355549933142674,synthetic_full_cycle,synthetic_growth_cycles
T2,OD,machine_learning,Decision_Trees,2026-05-12 00:00:00,0.608,0.7183244177547671,-0.11032441775476709,synthetic_full_cycle,synthetic_growth_cycles
T2,OD,machine_learning,Decision_Trees,2026-05-13 00:00:00,0.553,0.7183244177547671,-0.16532441775476703,synthetic_full_cycle,synthetic_growth_cycles
T2,OD,machine_learning,Random_Forest,2026-05-08 00:00:00,0.451,0.5175696466518274,-0.06656964665182735,synthetic_full_cycle,synthetic_growth_cycles
T2,OD,machine_learning,Random_Forest,2026-05-11 00:00:00,0.624,0.5079649947265831,0.11603500527341692,synthetic_full_cycle,synthetic_growth_cycles
T2,OD,machine_learning,Random_Forest,2026-05-12 00:00:00,0.608,0.8551706441304647,-0.24717064413046475,synthetic_full_cycle,synthetic_growth_cycles
T2,OD,machine_learning,Random_Forest,2026-05-13 00:00:00,0.553,0.7003669765871543,-0.14736697658715425,synthetic_full_cycle,synthetic_growth_cycles
T2,OD,machine_learning,Extra_Trees,2026-05-08 00:00:00,0.451,0.5535017342723786,-0.10250173427237858,synthetic_full_cycle,synthetic_growth_cycles
T2,OD,machine_learning,Extra_Trees,2026-05-11 00:00:00,0.624,0.49460816991158096,0.12939183008841904,synthetic_full_cycle,synthetic_growth_cycles
T2,OD,machine_learning,Extra_Trees,2026-05-12 00:00:00,0.608,0.8468528270988384,-0.23885282709883837,synthetic_full_cycle,synthetic_growth_cycles
T2,OD,machine_learning,Extra_Trees,2026-05-13 00:00:00,0.553,0.6649874298476545,-0.11198742984765442,synthetic_full_cycle,synthetic_growth_cycles
T2,OD,machine_learning,Gradient_Boosting,2026-05-08 00:00:00,0.451,0.4841397928316377,-0.033139792831637704,synthetic_full_cycle,synthetic_growth_cycles
T2,OD,machine_learning,Gradient_Boosting,2026-05-11 00:00:00,0.624,0.47095454496520117,0.15304545503479883,synthetic_full_cycle,synthetic_growth_cycles
T2,OD,machine_learning,Gradient_Boosting,2026-05-12 00:00:00,0.608,0.7695284232006196,-0.16152842320061966,synthetic_full_cycle,synthetic_growth_cycles
T2,OD,machine_learning,Gradient_Boosting,2026-05-13 00:00:00,0.553,0.6980065128169752,-0.14500651281697519,synthetic_full_cycle,synthetic_growth_cycles
T2,OD,machine_learning,AdaBoost,2026-05-08 00:00:00,0.451,0.574170876852585,-0.12317087685258504,synthetic_full_cycle,synthetic_growth_cycles
T2,OD,machine_learning,AdaBoost,2026-05-11 00:00:00,0.624,0.574170876852585,0.049829123147414944,synthetic_full_cycle,synthetic_growth_cycles
T2,OD,machine_learning,AdaBoost,2026-05-12 00:00:00,0.608,0.7877065207510455,-0.17970652075104554,synthetic_full_cycle,synthetic_growth_cycles
T2,OD,machine_learning,AdaBoost,2026-05-13 00:00:00,0.553,0.7182873634005723,-0.16528736340057226,synthetic_full_cycle,synthetic_growth_cycles
T2,OD,machine_learning,SVR,2026-05-08 00:00:00,0.451,0.5856662811620625,-0.13466628116206253,synthetic_full_cycle,synthetic_growth_cycles
T2,OD,machine_learning,SVR,2026-05-11 00:00:00,0.624,0.5361259805276839,0.0878740194723161,synthetic_full_cycle,synthetic_growth_cycles
T2,OD,machine_learning,SVR,2026-05-12 00:00:00,0.608,0.8051820000895237,-0.1971820000895237,synthetic_full_cycle,synthetic_growth_cycles
T2,OD,machine_learning,SVR,2026-05-13 00:00:00,0.553,0.6829043907562571,-0.12990439075625704,synthetic_full_cycle,synthetic_growth_cycles
T2,OD,machine_learning,KNN,2026-05-08 00:00:00,0.451,0.5548427864490163,-0.10384278644901629,synthetic_full_cycle,synthetic_growth_cycles
T2,OD,machine_learning,KNN,2026-05-11 00:00:00,0.624,0.4903447799138601,0.1336552200861399,synthetic_full_cycle,synthetic_growth_cycles
T2,OD,machine_learning,KNN,2026-05-12 00:00:00,0.608,0.8552114083310333,-0.24721140833103328,synthetic_full_cycle,synthetic_growth_cycles
T2,OD,machine_learning,KNN,2026-05-13 00:00:00,0.553,0.6991385875753954,-0.14613858757539533,synthetic_full_cycle,synthetic_growth_cycles
T2,OD,machine_learning,Gaussian_Process_Regression,2026-05-08 00:00:00,0.451,0.6012683613167189,-0.1502683613167189,synthetic_full_cycle,synthetic_growth_cycles
T2,OD,machine_learning,Gaussian_Process_Regression,2026-05-11 00:00:00,0.624,0.6036822397685857,0.020317760231414295,synthetic_full_cycle,synthetic_growth_cycles
T2,OD,machine_learning,Gaussian_Process_Regression,2026-05-12 00:00:00,0.608,0.8170599859383262,-0.2090599859383262,synthetic_full_cycle,synthetic_growth_cycles
T2,OD,machine_learning,Gaussian_Process_Regression,2026-05-13 00:00:00,0.553,0.7217801044042607,-0.1687801044042606,synthetic_full_cycle,synthetic_growth_cycles
T2,OD,machine_learning,PLS,2026-05-08 00:00:00,0.451,0.6430968244875095,-0.19209682448750948,synthetic_full_cycle,synthetic_growth_cycles
T2,OD,machine_learning,PLS,2026-05-11 00:00:00,0.624,0.591155558232582,0.032844441767417965,synthetic_full_cycle,synthetic_growth_cycles
T2,OD,machine_learning,PLS,2026-05-12 00:00:00,0.608,0.5985498720010243,0.00945012799897571,synthetic_full_cycle,synthetic_growth_cycles
T2,OD,machine_learning,PLS,2026-05-13 00:00:00,0.553,0.641139571783448,-0.088139571783448,synthetic_full_cycle,synthetic_growth_cycles
T2,OD,machine_learning,PCR,2026-05-08 00:00:00,0.451,0.6479960870848682,-0.1969960870848682,synthetic_full_cycle,synthetic_growth_cycles
T2,OD,machine_learning,PCR,2026-05-11 00:00:00,0.624,0.5961595120287144,0.027840487971285577,synthetic_full_cycle,synthetic_growth_cycles
T2,OD,machine_learning,PCR,2026-05-12 00:00:00,0.608,0.5971752080138006,0.010824791986199345,synthetic_full_cycle,synthetic_growth_cycles
T2,OD,machine_learning,PCR,2026-05-13 00:00:00,0.553,0.6400711929432629,-0.08707119294326282,synthetic_full_cycle,synthetic_growth_cycles
T2,OD,machine_learning,XGBoost,2026-05-08 00:00:00,0.451,0.5270823836326599,-0.0760823836326599,synthetic_full_cycle,synthetic_growth_cycles
T2,OD,machine_learning,XGBoost,2026-05-11 00:00:00,0.624,0.5848541259765625,0.0391458740234375,synthetic_full_cycle,synthetic_growth_cycles
T2,OD,machine_learning,XGBoost,2026-05-12 00:00:00,0.608,0.8694325089454651,-0.2614325089454651,synthetic_full_cycle,synthetic_growth_cycles
T2,OD,machine_learning,XGBoost,2026-05-13 00:00:00,0.553,0.6814457178115845,-0.12844571781158443,synthetic_full_cycle,synthetic_growth_cycles
T2,OD,machine_learning,LightGBM,2026-05-08 00:00:00,0.451,0.5172156748210917,-0.06621567482109164,synthetic_full_cycle,synthetic_growth_cycles
T2,OD,machine_learning,LightGBM,2026-05-11 00:00:00,0.624,0.48262621898375185,0.14137378101624815,synthetic_full_cycle,synthetic_growth_cycles
T2,OD,machine_learning,LightGBM,2026-05-12 00:00:00,0.608,0.8176228620307963,-0.20962286203079628,synthetic_full_cycle,synthetic_growth_cycles
T2,OD,machine_learning,LightGBM,2026-05-13 00:00:00,0.553,0.6760612339668396,-0.12306123396683954,synthetic_full_cycle,synthetic_growth_cycles
T2,OD,machine_learning,CatBoost,2026-05-08 00:00:00,0.451,0.5385646636472767,-0.08756466364727672,synthetic_full_cycle,synthetic_growth_cycles
T2,OD,machine_learning,CatBoost,2026-05-11 00:00:00,0.624,0.4971904221689783,0.1268095778310217,synthetic_full_cycle,synthetic_growth_cycles
T2,OD,machine_learning,CatBoost,2026-05-12 00:00:00,0.608,0.8023584234306311,-0.19435842343063114,synthetic_full_cycle,synthetic_growth_cycles
T2,OD,machine_learning,CatBoost,2026-05-13 00:00:00,0.553,0.6787493667242641,-0.12574936672426407,synthetic_full_cycle,synthetic_growth_cycles
T2,OD,deep_learning,MLP,2026-05-11 00:00:00,0.624,0.5491179373931165,0.07488206260688346,synthetic_full_cycle,synthetic_growth_cycles
T2,OD,deep_learning,MLP,2026-05-12 00:00:00,0.608,0.7669410688598692,-0.15894106885986925,synthetic_full_cycle,synthetic_growth_cycles
T2,OD,deep_learning,MLP,2026-05-13 00:00:00,0.553,0.6480637759806622,-0.09506377598066218,synthetic_full_cycle,synthetic_growth_cycles
T3,OD,machine_learning,Linear_Regression,2026-05-08 00:00:00,0.555,0.5432642837623638,0.011735716237636251,synthetic_full_cycle,synthetic_growth_cycles
T3,OD,machine_learning,Linear_Regression,2026-05-11 00:00:00,0.707,0.6437728420065344,0.06322715799346557,synthetic_full_cycle,synthetic_growth_cycles
T3,OD,machine_learning,Linear_Regression,2026-05-12 00:00:00,0.794,0.8126502338143052,-0.018650233814305195,synthetic_full_cycle,synthetic_growth_cycles
T3,OD,machine_learning,Linear_Regression,2026-05-13 00:00:00,0.875,0.8607870690364163,0.01421293096358367,synthetic_full_cycle,synthetic_growth_cycles
T3,OD,machine_learning,Linear_Regression,2026-05-14 00:00:00,0.755,0.9281704405075765,-0.17317044050757646,synthetic_full_cycle,synthetic_growth_cycles
T3,OD,machine_learning,Linear_Regression,2026-05-15 00:00:00,0.88,0.7030200914871775,0.17697990851282253,synthetic_full_cycle,synthetic_growth_cycles
T3,OD,machine_learning,Polynomial_Regression,2026-05-08 00:00:00,0.555,0.5666087856083802,-0.01160878560838019,synthetic_full_cycle,synthetic_growth_cycles
T3,OD,machine_learning,Polynomial_Regression,2026-05-11 00:00:00,0.707,0.6681177723982872,0.03888222760171278,synthetic_full_cycle,synthetic_growth_cycles
T3,OD,machine_learning,Polynomial_Regression,2026-05-12 00:00:00,0.794,0.8272105244520482,-0.033210524452048196,synthetic_full_cycle,synthetic_growth_cycles
T3,OD,machine_learning,Polynomial_Regression,2026-05-13 00:00:00,0.875,0.8674633583228731,0.007536641677126865,synthetic_full_cycle,synthetic_growth_cycles
T3,OD,machine_learning,Polynomial_Regression,2026-05-14 00:00:00,0.755,0.9273917993838177,-0.17239179938381766,synthetic_full_cycle,synthetic_growth_cycles
T3,OD,machine_learning,Polynomial_Regression,2026-05-15 00:00:00,0.88,0.7337481320120836,0.14625186798791645,synthetic_full_cycle,synthetic_growth_cycles
T3,OD,machine_learning,Ridge,2026-05-08 00:00:00,0.555,0.5412523051906892,0.013747694809310818,synthetic_full_cycle,synthetic_growth_cycles
T3,OD,machine_learning,Ridge,2026-05-11 00:00:00,0.707,0.6436093766685616,0.06339062333143841,synthetic_full_cycle,synthetic_growth_cycles
T3,OD,machine_learning,Ridge,2026-05-12 00:00:00,0.794,0.810810540101095,-0.01681054010109495,synthetic_full_cycle,synthetic_growth_cycles
T3,OD,machine_learning,Ridge,2026-05-13 00:00:00,0.875,0.861630184685463,0.01336981531453696,synthetic_full_cycle,synthetic_growth_cycles
T3,OD,machine_learning,Ridge,2026-05-14 00:00:00,0.755,0.9277402027394045,-0.1727402027394045,synthetic_full_cycle,synthetic_growth_cycles
T3,OD,machine_learning,Ridge,2026-05-15 00:00:00,0.88,0.708262852606652,0.171737147393348,synthetic_full_cycle,synthetic_growth_cycles
T3,OD,machine_learning,Lasso,2026-05-08 00:00:00,0.555,0.5138588582577072,0.041141141742292886,synthetic_full_cycle,synthetic_growth_cycles
T3,OD,machine_learning,Lasso,2026-05-11 00:00:00,0.707,0.6188675466400676,0.08813245335993236,synthetic_full_cycle,synthetic_growth_cycles
T3,OD,machine_learning,Lasso,2026-05-12 00:00:00,0.794,0.7635217689744517,0.030478231025548363,synthetic_full_cycle,synthetic_growth_cycles
T3,OD,machine_learning,Lasso,2026-05-13 00:00:00,0.875,0.8413310185841852,0.03366898141581476,synthetic_full_cycle,synthetic_growth_cycles
T3,OD,machine_learning,Lasso,2026-05-14 00:00:00,0.755,0.9070746576895256,-0.15207465768952555,synthetic_full_cycle,synthetic_growth_cycles
T3,OD,machine_learning,Lasso,2026-05-15 00:00:00,0.88,0.7723978473738101,0.10760215262618988,synthetic_full_cycle,synthetic_growth_cycles
T3,OD,machine_learning,Elastic_Net,2026-05-08 00:00:00,0.555,0.51703399533178,0.03796600466822009,synthetic_full_cycle,synthetic_growth_cycles
T3,OD,machine_learning,Elastic_Net,2026-05-11 00:00:00,0.707,0.6253688849317716,0.0816311150682284,synthetic_full_cycle,synthetic_growth_cycles
T3,OD,machine_learning,Elastic_Net,2026-05-12 00:00:00,0.794,0.7714449843703665,0.02255501562963358,synthetic_full_cycle,synthetic_growth_cycles
T3,OD,machine_learning,Elastic_Net,2026-05-13 00:00:00,0.875,0.848381800465801,0.026618199534198972,synthetic_full_cycle,synthetic_growth_cycles
T3,OD,machine_learning,Elastic_Net,2026-05-14 00:00:00,0.755,0.9110475279921925,-0.15604752799219246,synthetic_full_cycle,synthetic_growth_cycles
T3,OD,machine_learning,Elastic_Net,2026-05-15 00:00:00,0.88,0.7683234991596174,0.11167650084038261,synthetic_full_cycle,synthetic_growth_cycles
T3,OD,machine_learning,Decision_Trees,2026-05-08 00:00:00,0.555,0.4884450066857326,0.06655499331426745,synthetic_full_cycle,synthetic_growth_cycles
T3,OD,machine_learning,Decision_Trees,2026-05-11 00:00:00,0.707,0.6212661213278564,0.08573387867214355,synthetic_full_cycle,synthetic_growth_cycles
T3,OD,machine_learning,Decision_Trees,2026-05-12 00:00:00,0.794,0.7865185396036304,0.007481460396369655,synthetic_full_cycle,synthetic_growth_cycles
T3,OD,machine_learning,Decision_Trees,2026-05-13 00:00:00,0.875,0.840027132436049,0.034972867563951016,synthetic_full_cycle,synthetic_growth_cycles
T3,OD,machine_learning,Decision_Trees,2026-05-14 00:00:00,0.755,0.8975511641109808,-0.1425511641109808,synthetic_full_cycle,synthetic_growth_cycles
T3,OD,machine_learning,Decision_Trees,2026-05-15 00:00:00,0.88,0.7865185396036304,0.09348146039636962,synthetic_full_cycle,synthetic_growth_cycles
T3,OD,machine_learning,Random_Forest,2026-05-08 00:00:00,0.555,0.5962146652875963,-0.04121466528759621,synthetic_full_cycle,synthetic_growth_cycles
T3,OD,machine_learning,Random_Forest,2026-05-11 00:00:00,0.707,0.6813789628026121,0.02562103719738784,synthetic_full_cycle,synthetic_growth_cycles
T3,OD,machine_learning,Random_Forest,2026-05-12 00:00:00,0.794,0.8228541249321201,-0.02885412493212003,synthetic_full_cycle,synthetic_growth_cycles
T3,OD,machine_learning,Random_Forest,2026-05-13 00:00:00,0.875,0.8774918184882431,-0.0024918184882430916,synthetic_full_cycle,synthetic_growth_cycles
T3,OD,machine_learning,Random_Forest,2026-05-14 00:00:00,0.755,0.919253436241117,-0.164253436241117,synthetic_full_cycle,synthetic_growth_cycles
T3,OD,machine_learning,Random_Forest,2026-05-15 00:00:00,0.88,0.7120760565702965,0.16792394342970351,synthetic_full_cycle,synthetic_growth_cycles
T3,OD,machine_learning,Extra_Trees,2026-05-08 00:00:00,0.555,0.6288230736855678,-0.07382307368556773,synthetic_full_cycle,synthetic_growth_cycles
T3,OD,machine_learning,Extra_Trees,2026-05-11 00:00:00,0.707,0.6855133522128396,0.021486647787160362,synthetic_full_cycle,synthetic_growth_cycles
T3,OD,machine_learning,Extra_Trees,2026-05-12 00:00:00,0.794,0.8251912582160627,-0.03119125821606261,synthetic_full_cycle,synthetic_growth_cycles
T3,OD,machine_learning,Extra_Trees,2026-05-13 00:00:00,0.875,0.8773526537306975,-0.002352653730697485,synthetic_full_cycle,synthetic_growth_cycles
T3,OD,machine_learning,Extra_Trees,2026-05-14 00:00:00,0.755,0.9158382803564002,-0.16083828035640024,synthetic_full_cycle,synthetic_growth_cycles
T3,OD,machine_learning,Extra_Trees,2026-05-15 00:00:00,0.88,0.7223293710333017,0.15767062896669826,synthetic_full_cycle,synthetic_growth_cycles
T3,OD,machine_learning,Gradient_Boosting,2026-05-08 00:00:00,0.555,0.576634762942737,-0.021634762942736918,synthetic_full_cycle,synthetic_growth_cycles
T3,OD,machine_learning,Gradient_Boosting,2026-05-11 00:00:00,0.707,0.6878718384964478,0.01912816150355212,synthetic_full_cycle,synthetic_growth_cycles
T3,OD,machine_learning,Gradient_Boosting,2026-05-12 00:00:00,0.794,0.8165947006503268,-0.02259470065032676,synthetic_full_cycle,synthetic_growth_cycles
T3,OD,machine_learning,Gradient_Boosting,2026-05-13 00:00:00,0.875,0.8650494741868962,0.00995052581310385,synthetic_full_cycle,synthetic_growth_cycles
T3,OD,machine_learning,Gradient_Boosting,2026-05-14 00:00:00,0.755,0.9169803649857269,-0.16198036498572688,synthetic_full_cycle,synthetic_growth_cycles
T3,OD,machine_learning,Gradient_Boosting,2026-05-15 00:00:00,0.88,0.7433267483131673,0.13667325168683275,synthetic_full_cycle,synthetic_growth_cycles
T3,OD,machine_learning,AdaBoost,2026-05-08 00:00:00,0.555,0.6069267599700251,-0.05192675997002505,synthetic_full_cycle,synthetic_growth_cycles
T3,OD,machine_learning,AdaBoost,2026-05-11 00:00:00,0.707,0.662262798719206,0.04473720128079395,synthetic_full_cycle,synthetic_growth_cycles
T3,OD,machine_learning,AdaBoost,2026-05-12 00:00:00,0.794,0.82350427858948,-0.029504278589480015,synthetic_full_cycle,synthetic_growth_cycles
T3,OD,machine_learning,AdaBoost,2026-05-13 00:00:00,0.875,0.8482458383553435,0.026754161644656493,synthetic_full_cycle,synthetic_growth_cycles
T3,OD,machine_learning,AdaBoost,2026-05-14 00:00:00,0.755,0.918616692637296,-0.16361669263729595,synthetic_full_cycle,synthetic_growth_cycles
T3,OD,machine_learning,AdaBoost,2026-05-15 00:00:00,0.88,0.8113469816925598,0.0686530183074402,synthetic_full_cycle,synthetic_growth_cycles
T3,OD,machine_learning,SVR,2026-05-08 00:00:00,0.555,0.5783173563773322,-0.02331735637733212,synthetic_full_cycle,synthetic_growth_cycles
T3,OD,machine_learning,SVR,2026-05-11 00:00:00,0.707,0.6793040946287938,0.027695905371206142,synthetic_full_cycle,synthetic_growth_cycles
T3,OD,machine_learning,SVR,2026-05-12 00:00:00,0.794,0.821202169184592,-0.02720216918459195,synthetic_full_cycle,synthetic_growth_cycles
T3,OD,machine_learning,SVR,2026-05-13 00:00:00,0.875,0.8584773555948827,0.016522644405117304,synthetic_full_cycle,synthetic_growth_cycles
T3,OD,machine_learning,SVR,2026-05-14 00:00:00,0.755,0.9230692060345371,-0.16806920603453712,synthetic_full_cycle,synthetic_growth_cycles
T3,OD,machine_learning,SVR,2026-05-15 00:00:00,0.88,0.7383232078452096,0.14167679215479045,synthetic_full_cycle,synthetic_growth_cycles
T3,OD,machine_learning,KNN,2026-05-08 00:00:00,0.555,0.5800810115613465,-0.025081011561346456,synthetic_full_cycle,synthetic_growth_cycles
T3,OD,machine_learning,KNN,2026-05-11 00:00:00,0.707,0.6736787913501562,0.03332120864984378,synthetic_full_cycle,synthetic_growth_cycles
T3,OD,machine_learning,KNN,2026-05-12 00:00:00,0.794,0.7915738905813287,0.002426109418671385,synthetic_full_cycle,synthetic_growth_cycles
T3,OD,machine_learning,KNN,2026-05-13 00:00:00,0.875,0.8648051685691179,0.010194831430882068,synthetic_full_cycle,synthetic_growth_cycles
T3,OD,machine_learning,KNN,2026-05-14 00:00:00,0.755,0.9042081160735358,-0.1492081160735358,synthetic_full_cycle,synthetic_growth_cycles
T3,OD,machine_learning,KNN,2026-05-15 00:00:00,0.88,0.7814955651594023,0.09850443484059768,synthetic_full_cycle,synthetic_growth_cycles
T3,OD,machine_learning,Gaussian_Process_Regression,2026-05-08 00:00:00,0.555,0.5876808065090406,-0.032680806509040594,synthetic_full_cycle,synthetic_growth_cycles
T3,OD,machine_learning,Gaussian_Process_Regression,2026-05-11 00:00:00,0.707,0.6818752018210402,0.02512479817895974,synthetic_full_cycle,synthetic_growth_cycles
T3,OD,machine_learning,Gaussian_Process_Regression,2026-05-12 00:00:00,0.794,0.8242712580429599,-0.030271258042959825,synthetic_full_cycle,synthetic_growth_cycles
T3,OD,machine_learning,Gaussian_Process_Regression,2026-05-13 00:00:00,0.875,0.8599101238653338,0.01508987613466617,synthetic_full_cycle,synthetic_growth_cycles
T3,OD,machine_learning,Gaussian_Process_Regression,2026-05-14 00:00:00,0.755,0.923976583405448,-0.16897658340544797,synthetic_full_cycle,synthetic_growth_cycles
T3,OD,machine_learning,Gaussian_Process_Regression,2026-05-15 00:00:00,0.88,0.7162767651665138,0.16372323483348616,synthetic_full_cycle,synthetic_growth_cycles
T3,OD,machine_learning,PLS,2026-05-08 00:00:00,0.555,0.4744678673039906,0.08053213269600945,synthetic_full_cycle,synthetic_growth_cycles
T3,OD,machine_learning,PLS,2026-05-11 00:00:00,0.707,0.5433983048681761,0.16360169513182388,synthetic_full_cycle,synthetic_growth_cycles
T3,OD,machine_learning,PLS,2026-05-12 00:00:00,0.794,0.6526697900646871,0.14133020993531298,synthetic_full_cycle,synthetic_growth_cycles
T3,OD,machine_learning,PLS,2026-05-13 00:00:00,0.875,0.754547294209982,0.12045270579001799,synthetic_full_cycle,synthetic_growth_cycles
T3,OD,machine_learning,PLS,2026-05-14 00:00:00,0.755,0.8486825602697702,-0.09368256026977018,synthetic_full_cycle,synthetic_growth_cycles
T3,OD,machine_learning,PLS,2026-05-15 00:00:00,0.88,0.8583684240559255,0.0216315759440745,synthetic_full_cycle,synthetic_growth_cycles
T3,OD,machine_learning,PCR,2026-05-08 00:00:00,0.555,0.47430964739376646,0.08069035260623358,synthetic_full_cycle,synthetic_growth_cycles
T3,OD,machine_learning,PCR,2026-05-11 00:00:00,0.707,0.5414340261187892,0.16556597388121075,synthetic_full_cycle,synthetic_growth_cycles
T3,OD,machine_learning,PCR,2026-05-12 00:00:00,0.794,0.6494469524243416,0.14455304757565846,synthetic_full_cycle,synthetic_growth_cycles
T3,OD,machine_learning,PCR,2026-05-13 00:00:00,0.875,0.7514278523538008,0.12357214764619917,synthetic_full_cycle,synthetic_growth_cycles
T3,OD,machine_learning,PCR,2026-05-14 00:00:00,0.755,0.8465508533957713,-0.09155085339577129,synthetic_full_cycle,synthetic_growth_cycles
T3,OD,machine_learning,PCR,2026-05-15 00:00:00,0.88,0.8603494914649703,0.019650508535029698,synthetic_full_cycle,synthetic_growth_cycles
T3,OD,machine_learning,XGBoost,2026-05-08 00:00:00,0.555,0.6092674136161804,-0.05426741361618037,synthetic_full_cycle,synthetic_growth_cycles
T3,OD,machine_learning,XGBoost,2026-05-11 00:00:00,0.707,0.647465169429779,0.05953483057022091,synthetic_full_cycle,synthetic_growth_cycles
T3,OD,machine_learning,XGBoost,2026-05-12 00:00:00,0.794,0.806677520275116,-0.012677520275115928,synthetic_full_cycle,synthetic_growth_cycles
T3,OD,machine_learning,XGBoost,2026-05-13 00:00:00,0.875,0.8685813546180725,0.00641864538192749,synthetic_full_cycle,synthetic_growth_cycles
T3,OD,machine_learning,XGBoost,2026-05-14 00:00:00,0.755,0.9152637124061584,-0.16026371240615844,synthetic_full_cycle,synthetic_growth_cycles
T3,OD,machine_learning,XGBoost,2026-05-15 00:00:00,0.88,0.6037362217903137,0.2762637782096863,synthetic_full_cycle,synthetic_growth_cycles
T3,OD,machine_learning,LightGBM,2026-05-08 00:00:00,0.555,0.6128016666053363,-0.057801666605336255,synthetic_full_cycle,synthetic_growth_cycles
T3,OD,machine_learning,LightGBM,2026-05-11 00:00:00,0.707,0.6644068034862712,0.042593196513728726,synthetic_full_cycle,synthetic_growth_cycles
T3,OD,machine_learning,LightGBM,2026-05-12 00:00:00,0.794,0.8261212874142413,-0.03212128741424125,synthetic_full_cycle,synthetic_growth_cycles
T3,OD,machine_learning,LightGBM,2026-05-13 00:00:00,0.875,0.8716190638387308,0.0033809361612692213,synthetic_full_cycle,synthetic_growth_cycles
T3,OD,machine_learning,LightGBM,2026-05-14 00:00:00,0.755,0.9257789121585204,-0.17077891215852037,synthetic_full_cycle,synthetic_growth_cycles
T3,OD,machine_learning,LightGBM,2026-05-15 00:00:00,0.88,0.6931794808209366,0.1868205191790634,synthetic_full_cycle,synthetic_growth_cycles
T3,OD,machine_learning,CatBoost,2026-05-08 00:00:00,0.555,0.6034554637523677,-0.048455463752367645,synthetic_full_cycle,synthetic_growth_cycles
T3,OD,machine_learning,CatBoost,2026-05-11 00:00:00,0.707,0.6802653406178357,0.02673465938216424,synthetic_full_cycle,synthetic_growth_cycles
T3,OD,machine_learning,CatBoost,2026-05-12 00:00:00,0.794,0.8153115683984221,-0.021311568398422076,synthetic_full_cycle,synthetic_growth_cycles
T3,OD,machine_learning,CatBoost,2026-05-13 00:00:00,0.875,0.8587832415056663,0.016216758494333683,synthetic_full_cycle,synthetic_growth_cycles
T3,OD,machine_learning,CatBoost,2026-05-14 00:00:00,0.755,0.9242822491628936,-0.16928224916289358,synthetic_full_cycle,synthetic_growth_cycles
T3,OD,machine_learning,CatBoost,2026-05-15 00:00:00,0.88,0.7083453084133688,0.17165469158663116,synthetic_full_cycle,synthetic_growth_cycles
T3,OD,deep_learning,MLP,2026-05-11 00:00:00,0.707,0.6787189868242578,0.028281013175742165,synthetic_full_cycle,synthetic_growth_cycles
T3,OD,deep_learning,MLP,2026-05-12 00:00:00,0.794,0.8314155664369045,-0.03741556643690447,synthetic_full_cycle,synthetic_growth_cycles
T3,OD,deep_learning,MLP,2026-05-13 00:00:00,0.875,0.8509385339196192,0.024061466080380844,synthetic_full_cycle,synthetic_growth_cycles
T3,OD,deep_learning,MLP,2026-05-14 00:00:00,0.755,0.9310219854251474,-0.17602198542514735,synthetic_full_cycle,synthetic_growth_cycles
T3,OD,deep_learning,MLP,2026-05-15 00:00:00,0.88,0.7848440944528368,0.09515590554716324,synthetic_full_cycle,synthetic_growth_cycles
