BIM,target,category,model,status,fit_seconds,error,RMSE,MAE,MAPE,SMAPE,R2,Adjusted_R2,AIC,BIC,LogLikelihood,validation_mode,train_source
BIM-02,OD,classical,Naive_Last,skipped,4.2000028770416975e-06,model does not implement synthetic-cycle training,,,,,,,,,,synthetic_full_cycle,synthetic_growth_cycles
BIM-02,OD,classical,Moving_Average,skipped,1.5999976312741637e-06,model does not implement synthetic-cycle training,,,,,,,,,,synthetic_full_cycle,synthetic_growth_cycles
BIM-02,OD,classical,Weighted_Moving_Average,skipped,1.00000761449337e-06,model does not implement synthetic-cycle training,,,,,,,,,,synthetic_full_cycle,synthetic_growth_cycles
BIM-02,OD,classical,Drift,skipped,6.999907782301307e-07,model does not implement synthetic-cycle training,,,,,,,,,,synthetic_full_cycle,synthetic_growth_cycles
BIM-02,OD,classical,Exponential_Smoothing,skipped,7.999915396794677e-07,model does not implement synthetic-cycle training,,,,,,,,,,synthetic_full_cycle,synthetic_growth_cycles
BIM-02,OD,classical,Holt,skipped,3.00002284348011e-07,model does not implement synthetic-cycle training,,,,,,,,,,synthetic_full_cycle,synthetic_growth_cycles
BIM-02,OD,classical,Holt_Winters_Additive,skipped,2.00001522898674e-07,model does not implement synthetic-cycle training,,,,,,,,,,synthetic_full_cycle,synthetic_growth_cycles
BIM-02,OD,classical,Holt_Winters_Multiplicative,skipped,2.9998773243278265e-07,model does not implement synthetic-cycle training,,,,,,,,,,synthetic_full_cycle,synthetic_growth_cycles
BIM-02,OD,classical,Brown_Double_Exponential,skipped,2.9998773243278265e-07,model does not implement synthetic-cycle training,,,,,,,,,,synthetic_full_cycle,synthetic_growth_cycles
BIM-02,OD,classical,Winters,skipped,3.00002284348011e-07,model does not implement synthetic-cycle training,,,,,,,,,,synthetic_full_cycle,synthetic_growth_cycles
BIM-02,OD,classical,Croston,skipped,5.00003807246685e-07,model does not implement synthetic-cycle training,,,,,,,,,,synthetic_full_cycle,synthetic_growth_cycles
BIM-02,OD,classical,Theta_Method,skipped,4.00003045797348e-07,model does not implement synthetic-cycle training,,,,,,,,,,synthetic_full_cycle,synthetic_growth_cycles
BIM-02,OD,statistical,AR,skipped,1.00000761449337e-06,model does not implement synthetic-cycle training,,,,,,,,,,synthetic_full_cycle,synthetic_growth_cycles
BIM-02,OD,statistical,MA,skipped,2.00001522898674e-07,model does not implement synthetic-cycle training,,,,,,,,,,synthetic_full_cycle,synthetic_growth_cycles
BIM-02,OD,statistical,ARMA,skipped,2.00001522898674e-07,model does not implement synthetic-cycle training,,,,,,,,,,synthetic_full_cycle,synthetic_growth_cycles
BIM-02,OD,statistical,ARIMA,skipped,2.00001522898674e-07,model does not implement synthetic-cycle training,,,,,,,,,,synthetic_full_cycle,synthetic_growth_cycles
BIM-02,OD,statistical,SARIMA,skipped,3.00002284348011e-07,model does not implement synthetic-cycle training,,,,,,,,,,synthetic_full_cycle,synthetic_growth_cycles
BIM-02,OD,statistical,ARIMAX,skipped,5.999900167807937e-07,model does not implement synthetic-cycle training,,,,,,,,,,synthetic_full_cycle,synthetic_growth_cycles
BIM-02,OD,statistical,SARIMAX,skipped,2.9998773243278265e-07,model does not implement synthetic-cycle training,,,,,,,,,,synthetic_full_cycle,synthetic_growth_cycles
BIM-02,OD,statistical,VAR,skipped,7.999915396794677e-07,model does not implement synthetic-cycle training,,,,,,,,,,synthetic_full_cycle,synthetic_growth_cycles
BIM-02,OD,statistical,VARMAX,skipped,3.00002284348011e-07,model does not implement synthetic-cycle training,,,,,,,,,,synthetic_full_cycle,synthetic_growth_cycles
BIM-02,OD,statistical,VECM,skipped,2.00001522898674e-07,model does not implement synthetic-cycle training,,,,,,,,,,synthetic_full_cycle,synthetic_growth_cycles
BIM-02,OD,statistical,ARCH,skipped,7.00005330145359e-07,model does not implement synthetic-cycle training,,,,,,,,,,synthetic_full_cycle,synthetic_growth_cycles
BIM-02,OD,statistical,GARCH,skipped,2.00001522898674e-07,model does not implement synthetic-cycle training,,,,,,,,,,synthetic_full_cycle,synthetic_growth_cycles
BIM-02,OD,statistical,State_Space_Model,skipped,5.00003807246685e-07,model does not implement synthetic-cycle training,,,,,,,,,,synthetic_full_cycle,synthetic_growth_cycles
BIM-02,OD,statistical,Dynamic_Linear_Model,skipped,3.00002284348011e-07,model does not implement synthetic-cycle training,,,,,,,,,,synthetic_full_cycle,synthetic_growth_cycles
BIM-02,OD,statistical,Kalman_Filter,skipped,3.00002284348011e-07,model does not implement synthetic-cycle training,,,,,,,,,,synthetic_full_cycle,synthetic_growth_cycles
BIM-02,OD,statistical,BSTS_proxy,skipped,1.9998697098344564e-07,model does not implement synthetic-cycle training,,,,,,,,,,synthetic_full_cycle,synthetic_growth_cycles
BIM-02,OD,biological,Exponential,skipped,5.999900167807937e-07,model does not implement synthetic-cycle training,,,,,,,,,,synthetic_full_cycle,synthetic_growth_cycles
BIM-02,OD,biological,Logistic,skipped,1.9998697098344564e-07,model does not implement synthetic-cycle training,,,,,,,,,,synthetic_full_cycle,synthetic_growth_cycles
BIM-02,OD,biological,Gompertz,skipped,3.00002284348011e-07,model does not implement synthetic-cycle training,,,,,,,,,,synthetic_full_cycle,synthetic_growth_cycles
BIM-02,OD,biological,Richards,skipped,2.00001522898674e-07,model does not implement synthetic-cycle training,,,,,,,,,,synthetic_full_cycle,synthetic_growth_cycles
BIM-02,OD,biological,Verhulst,skipped,3.00002284348011e-07,model does not implement synthetic-cycle training,,,,,,,,,,synthetic_full_cycle,synthetic_growth_cycles
BIM-02,OD,biological,Baranyi,skipped,2.00001522898674e-07,model does not implement synthetic-cycle training,,,,,,,,,,synthetic_full_cycle,synthetic_growth_cycles
BIM-02,OD,biological,Bertalanffy,skipped,2.00001522898674e-07,model does not implement synthetic-cycle training,,,,,,,,,,synthetic_full_cycle,synthetic_growth_cycles
BIM-02,OD,biological,Monod,skipped,2.9998773243278265e-07,model does not implement synthetic-cycle training,,,,,,,,,,synthetic_full_cycle,synthetic_growth_cycles
BIM-02,OD,biological,Droop,skipped,2.00001522898674e-07,model does not implement synthetic-cycle training,,,,,,,,,,synthetic_full_cycle,synthetic_growth_cycles
BIM-02,OD,biological,Contois,skipped,3.00002284348011e-07,model does not implement synthetic-cycle training,,,,,,,,,,synthetic_full_cycle,synthetic_growth_cycles
BIM-02,OD,biological,Haldane,skipped,2.00001522898674e-07,model does not implement synthetic-cycle training,,,,,,,,,,synthetic_full_cycle,synthetic_growth_cycles
BIM-02,OD,biological,Andrews,skipped,2.00001522898674e-07,model does not implement synthetic-cycle training,,,,,,,,,,synthetic_full_cycle,synthetic_growth_cycles
BIM-02,OD,biological,Tessier,skipped,2.9998773243278265e-07,model does not implement synthetic-cycle training,,,,,,,,,,synthetic_full_cycle,synthetic_growth_cycles
BIM-02,OD,biological,Moser,skipped,1.9998697098344564e-07,model does not implement synthetic-cycle training,,,,,,,,,,synthetic_full_cycle,synthetic_growth_cycles
BIM-02,OD,biological,Eilers_Peeters,skipped,2.00001522898674e-07,model does not implement synthetic-cycle training,,,,,,,,,,synthetic_full_cycle,synthetic_growth_cycles
BIM-02,OD,biological,Steele,skipped,3.00002284348011e-07,model does not implement synthetic-cycle training,,,,,,,,,,synthetic_full_cycle,synthetic_growth_cycles
BIM-02,OD,biological,Photo_Limited,skipped,2.00001522898674e-07,model does not implement synthetic-cycle training,,,,,,,,,,synthetic_full_cycle,synthetic_growth_cycles
BIM-02,OD,biological,Photo_Inhibited,skipped,2.9998773243278265e-07,model does not implement synthetic-cycle training,,,,,,,,,,synthetic_full_cycle,synthetic_growth_cycles
BIM-02,OD,biological,Cell_Mortality,skipped,2.00001522898674e-07,model does not implement synthetic-cycle training,,,,,,,,,,synthetic_full_cycle,synthetic_growth_cycles
BIM-02,OD,biological,Lotka_Volterra,skipped,3.00002284348011e-07,model does not implement synthetic-cycle training,,,,,,,,,,synthetic_full_cycle,synthetic_growth_cycles
BIM-02,OD,biological,Bioenergetic_Dynamic,skipped,3.00002284348011e-07,model does not implement synthetic-cycle training,,,,,,,,,,synthetic_full_cycle,synthetic_growth_cycles
BIM-02,OD,biological,Dynamic_Metabolic,skipped,2.00001522898674e-07,model does not implement synthetic-cycle training,,,,,,,,,,synthetic_full_cycle,synthetic_growth_cycles
BIM-02,OD,differential_equations,ODE_Logistic,skipped,3.00002284348011e-07,model does not implement synthetic-cycle training,,,,,,,,,,synthetic_full_cycle,synthetic_growth_cycles
BIM-02,OD,differential_equations,ODE_Monod_Chemostat,skipped,3.00002284348011e-07,model does not implement synthetic-cycle training,,,,,,,,,,synthetic_full_cycle,synthetic_growth_cycles
BIM-02,OD,differential_equations,Chemostat_Model,skipped,2.00001522898674e-07,model does not implement synthetic-cycle training,,,,,,,,,,synthetic_full_cycle,synthetic_growth_cycles
BIM-02,OD,differential_equations,PDE,skipped,8.00006091594696e-07,model does not implement synthetic-cycle training,,,,,,,,,,synthetic_full_cycle,synthetic_growth_cycles
BIM-02,OD,differential_equations,DDE,skipped,2.00001522898674e-07,model does not implement synthetic-cycle training,,,,,,,,,,synthetic_full_cycle,synthetic_growth_cycles
BIM-02,OD,differential_equations,Reaction_Diffusion,skipped,2.00001522898674e-07,model does not implement synthetic-cycle training,,,,,,,,,,synthetic_full_cycle,synthetic_growth_cycles
BIM-02,OD,differential_equations,Population_Balance_Model,skipped,2.00001522898674e-07,model does not implement synthetic-cycle training,,,,,,,,,,synthetic_full_cycle,synthetic_growth_cycles
BIM-02,OD,differential_equations,dFBA,skipped,3.00002284348011e-07,model does not implement synthetic-cycle training,,,,,,,,,,synthetic_full_cycle,synthetic_growth_cycles
BIM-02,OD,probabilistic,Hidden_Markov_Models,skipped,6.999907782301307e-07,model does not implement synthetic-cycle training,,,,,,,,,,synthetic_full_cycle,synthetic_growth_cycles
BIM-02,OD,probabilistic,Markov_Chains,skipped,7.999915396794677e-07,model does not implement synthetic-cycle training,,,,,,,,,,synthetic_full_cycle,synthetic_growth_cycles
BIM-02,OD,probabilistic,Semi_Markov,skipped,2.00001522898674e-07,model does not implement synthetic-cycle training,,,,,,,,,,synthetic_full_cycle,synthetic_growth_cycles
BIM-02,OD,probabilistic,Gaussian_Processes,skipped,6.999907782301307e-07,model does not implement synthetic-cycle training,,,,,,,,,,synthetic_full_cycle,synthetic_growth_cycles
BIM-02,OD,probabilistic,Bayesian_Networks,skipped,1.9998697098344564e-07,model does not implement synthetic-cycle training,,,,,,,,,,synthetic_full_cycle,synthetic_growth_cycles
BIM-02,OD,probabilistic,Particle_Filters,skipped,5.999900167807937e-07,model does not implement synthetic-cycle training,,,,,,,,,,synthetic_full_cycle,synthetic_growth_cycles
BIM-02,OD,probabilistic,Monte_Carlo,skipped,8.999923011288047e-07,model does not implement synthetic-cycle training,,,,,,,,,,synthetic_full_cycle,synthetic_growth_cycles
BIM-02,OD,probabilistic,Sequential_Monte_Carlo,skipped,3.00002284348011e-07,model does not implement synthetic-cycle training,,,,,,,,,,synthetic_full_cycle,synthetic_growth_cycles
BIM-02,OD,probabilistic,Probabilistic_Graphical_Models,skipped,2.00001522898674e-07,model does not implement synthetic-cycle training,,,,,,,,,,synthetic_full_cycle,synthetic_growth_cycles
BIM-02,OD,machine_learning,Linear_Regression,skipped,2.00001522898674e-07,model does not implement synthetic-cycle training,,,,,,,,,,synthetic_full_cycle,synthetic_growth_cycles
BIM-02,OD,machine_learning,Polynomial_Regression,skipped,1.9998697098344564e-07,model does not implement synthetic-cycle training,,,,,,,,,,synthetic_full_cycle,synthetic_growth_cycles
BIM-02,OD,machine_learning,Ridge,skipped,2.00001522898674e-07,model does not implement synthetic-cycle training,,,,,,,,,,synthetic_full_cycle,synthetic_growth_cycles
BIM-02,OD,machine_learning,Lasso,skipped,2.00001522898674e-07,model does not implement synthetic-cycle training,,,,,,,,,,synthetic_full_cycle,synthetic_growth_cycles
BIM-02,OD,machine_learning,Elastic_Net,skipped,3.00002284348011e-07,model does not implement synthetic-cycle training,,,,,,,,,,synthetic_full_cycle,synthetic_growth_cycles
BIM-02,OD,machine_learning,Decision_Trees,skipped,2.00001522898674e-07,model does not implement synthetic-cycle training,,,,,,,,,,synthetic_full_cycle,synthetic_growth_cycles
BIM-02,OD,machine_learning,Random_Forest,skipped,3.00002284348011e-07,model does not implement synthetic-cycle training,,,,,,,,,,synthetic_full_cycle,synthetic_growth_cycles
BIM-02,OD,machine_learning,Extra_Trees,skipped,2.00001522898674e-07,model does not implement synthetic-cycle training,,,,,,,,,,synthetic_full_cycle,synthetic_growth_cycles
BIM-02,OD,machine_learning,Gradient_Boosting,skipped,2.00001522898674e-07,model does not implement synthetic-cycle training,,,,,,,,,,synthetic_full_cycle,synthetic_growth_cycles
BIM-02,OD,machine_learning,AdaBoost,skipped,2.00001522898674e-07,model does not implement synthetic-cycle training,,,,,,,,,,synthetic_full_cycle,synthetic_growth_cycles
BIM-02,OD,machine_learning,XGBoost,skipped,1.9998697098344564e-07,model does not implement synthetic-cycle training,,,,,,,,,,synthetic_full_cycle,synthetic_growth_cycles
BIM-02,OD,machine_learning,LightGBM,skipped,2.00001522898674e-07,model does not implement synthetic-cycle training,,,,,,,,,,synthetic_full_cycle,synthetic_growth_cycles
BIM-02,OD,machine_learning,CatBoost,skipped,2.00001522898674e-07,model does not implement synthetic-cycle training,,,,,,,,,,synthetic_full_cycle,synthetic_growth_cycles
BIM-02,OD,machine_learning,SVR,skipped,4.00003045797348e-07,model does not implement synthetic-cycle training,,,,,,,,,,synthetic_full_cycle,synthetic_growth_cycles
BIM-02,OD,machine_learning,KNN,skipped,2.00001522898674e-07,model does not implement synthetic-cycle training,,,,,,,,,,synthetic_full_cycle,synthetic_growth_cycles
BIM-02,OD,machine_learning,Gaussian_Process_Regression,skipped,1.9998697098344564e-07,model does not implement synthetic-cycle training,,,,,,,,,,synthetic_full_cycle,synthetic_growth_cycles
BIM-02,OD,machine_learning,PLS,skipped,2.00001522898674e-07,model does not implement synthetic-cycle training,,,,,,,,,,synthetic_full_cycle,synthetic_growth_cycles
BIM-02,OD,machine_learning,PCR,skipped,2.00001522898674e-07,model does not implement synthetic-cycle training,,,,,,,,,,synthetic_full_cycle,synthetic_growth_cycles
BIM-02,OD,deep_learning,MLP,skipped,2.00001522898674e-07,model does not implement synthetic-cycle training,,,,,,,,,,synthetic_full_cycle,synthetic_growth_cycles
BIM-02,OD,deep_learning,RNN,skipped,6.00004568696022e-07,model does not implement synthetic-cycle training,,,,,,,,,,synthetic_full_cycle,synthetic_growth_cycles
BIM-02,OD,deep_learning,LSTM,skipped,2.00001522898674e-07,model does not implement synthetic-cycle training,,,,,,,,,,synthetic_full_cycle,synthetic_growth_cycles
BIM-02,OD,deep_learning,Bidirectional_LSTM,skipped,2.00001522898674e-07,model does not implement synthetic-cycle training,,,,,,,,,,synthetic_full_cycle,synthetic_growth_cycles
BIM-02,OD,deep_learning,GRU,skipped,2.00001522898674e-07,model does not implement synthetic-cycle training,,,,,,,,,,synthetic_full_cycle,synthetic_growth_cycles
BIM-02,OD,deep_learning,CNN_temporal,skipped,2.00001522898674e-07,model does not implement synthetic-cycle training,,,,,,,,,,synthetic_full_cycle,synthetic_growth_cycles
BIM-02,OD,deep_learning,Seq2Seq,skipped,3.00002284348011e-07,model does not implement synthetic-cycle training,,,,,,,,,,synthetic_full_cycle,synthetic_growth_cycles
BIM-02,OD,deep_learning,TCN,skipped,1.9998697098344564e-07,model does not implement synthetic-cycle training,,,,,,,,,,synthetic_full_cycle,synthetic_growth_cycles
BIM-02,OD,deep_learning,DeepAR,skipped,2.00001522898674e-07,model does not implement synthetic-cycle training,,,,,,,,,,synthetic_full_cycle,synthetic_growth_cycles
BIM-02,OD,deep_learning,N_BEATS,skipped,2.00001522898674e-07,model does not implement synthetic-cycle training,,,,,,,,,,synthetic_full_cycle,synthetic_growth_cycles
BIM-02,OD,deep_learning,N_HiTS,skipped,2.00001522898674e-07,model does not implement synthetic-cycle training,,,,,,,,,,synthetic_full_cycle,synthetic_growth_cycles
BIM-02,OD,deep_learning,TFT,skipped,2.00001522898674e-07,model does not implement synthetic-cycle training,,,,,,,,,,synthetic_full_cycle,synthetic_growth_cycles
BIM-02,OD,deep_learning,Temporal_Transformers,skipped,2.00001522898674e-07,model does not implement synthetic-cycle training,,,,,,,,,,synthetic_full_cycle,synthetic_growth_cycles
BIM-02,OD,deep_learning,Informer,skipped,2.00001522898674e-07,model does not implement synthetic-cycle training,,,,,,,,,,synthetic_full_cycle,synthetic_growth_cycles
BIM-02,OD,deep_learning,Autoformer,skipped,2.00001522898674e-07,model does not implement synthetic-cycle training,,,,,,,,,,synthetic_full_cycle,synthetic_growth_cycles
BIM-02,OD,deep_learning,PatchTST,skipped,2.00001522898674e-07,model does not implement synthetic-cycle training,,,,,,,,,,synthetic_full_cycle,synthetic_growth_cycles
BIM-02,OD,hybrid,ARIMA_XGBoost,skipped,7.00005330145359e-07,model does not implement synthetic-cycle training,,,,,,,,,,synthetic_full_cycle,synthetic_growth_cycles
BIM-02,OD,hybrid,SARIMA_LSTM,skipped,1.9998697098344564e-07,model does not implement synthetic-cycle training,,,,,,,,,,synthetic_full_cycle,synthetic_growth_cycles
BIM-02,OD,hybrid,ODE_ML,skipped,9.999930625781417e-07,model does not implement synthetic-cycle training,,,,,,,,,,synthetic_full_cycle,synthetic_growth_cycles
BIM-02,OD,hybrid,Gompertz_Random_Forest,skipped,5.999900167807937e-07,model does not implement synthetic-cycle training,,,,,,,,,,synthetic_full_cycle,synthetic_growth_cycles
BIM-02,OD,hybrid,Monod_Neural_Networks,skipped,3.00002284348011e-07,model does not implement synthetic-cycle training,,,,,,,,,,synthetic_full_cycle,synthetic_growth_cycles
BIM-02,OD,hybrid,Kalman_LSTM,skipped,2.00001522898674e-07,model does not implement synthetic-cycle training,,,,,,,,,,synthetic_full_cycle,synthetic_growth_cycles
BIM-02,OD,hybrid,PINNs,skipped,2.00001522898674e-07,model does not implement synthetic-cycle training,,,,,,,,,,synthetic_full_cycle,synthetic_growth_cycles
BIM-02,OD,hybrid,Neural_ODEs,skipped,2.00001522898674e-07,model does not implement synthetic-cycle training,,,,,,,,,,synthetic_full_cycle,synthetic_growth_cycles
BIM-02,OD,hybrid,Digital_Twin_Hybrid,skipped,2.00001522898674e-07,model does not implement synthetic-cycle training,,,,,,,,,,synthetic_full_cycle,synthetic_growth_cycles
BIM-04,OD,classical,Naive_Last,skipped,2.8999929782003164e-06,model does not implement synthetic-cycle training,,,,,,,,,,synthetic_full_cycle,synthetic_growth_cycles
BIM-04,OD,classical,Moving_Average,skipped,9.00006853044033e-07,model does not implement synthetic-cycle training,,,,,,,,,,synthetic_full_cycle,synthetic_growth_cycles
BIM-04,OD,classical,Weighted_Moving_Average,skipped,6.00004568696022e-07,model does not implement synthetic-cycle training,,,,,,,,,,synthetic_full_cycle,synthetic_growth_cycles
BIM-04,OD,classical,Drift,skipped,7.00005330145359e-07,model does not implement synthetic-cycle training,,,,,,,,,,synthetic_full_cycle,synthetic_growth_cycles
BIM-04,OD,classical,Exponential_Smoothing,skipped,9.00006853044033e-07,model does not implement synthetic-cycle training,,,,,,,,,,synthetic_full_cycle,synthetic_growth_cycles
BIM-04,OD,classical,Holt,skipped,4.00003045797348e-07,model does not implement synthetic-cycle training,,,,,,,,,,synthetic_full_cycle,synthetic_growth_cycles
BIM-04,OD,classical,Holt_Winters_Additive,skipped,2.00001522898674e-07,model does not implement synthetic-cycle training,,,,,,,,,,synthetic_full_cycle,synthetic_growth_cycles
BIM-04,OD,classical,Holt_Winters_Multiplicative,skipped,3.00002284348011e-07,model does not implement synthetic-cycle training,,,,,,,,,,synthetic_full_cycle,synthetic_growth_cycles
BIM-04,OD,classical,Brown_Double_Exponential,skipped,3.00002284348011e-07,model does not implement synthetic-cycle training,,,,,,,,,,synthetic_full_cycle,synthetic_growth_cycles
BIM-04,OD,classical,Winters,skipped,3.00002284348011e-07,model does not implement synthetic-cycle training,,,,,,,,,,synthetic_full_cycle,synthetic_growth_cycles
BIM-04,OD,classical,Croston,skipped,7.999915396794677e-07,model does not implement synthetic-cycle training,,,,,,,,,,synthetic_full_cycle,synthetic_growth_cycles
BIM-04,OD,classical,Theta_Method,skipped,4.999892553314567e-07,model does not implement synthetic-cycle training,,,,,,,,,,synthetic_full_cycle,synthetic_growth_cycles
BIM-04,OD,statistical,AR,skipped,3.9998849388211966e-07,model does not implement synthetic-cycle training,,,,,,,,,,synthetic_full_cycle,synthetic_growth_cycles
BIM-04,OD,statistical,MA,skipped,2.00001522898674e-07,model does not implement synthetic-cycle training,,,,,,,,,,synthetic_full_cycle,synthetic_growth_cycles
BIM-04,OD,statistical,ARMA,skipped,2.00001522898674e-07,model does not implement synthetic-cycle training,,,,,,,,,,synthetic_full_cycle,synthetic_growth_cycles
BIM-04,OD,statistical,ARIMA,skipped,2.00001522898674e-07,model does not implement synthetic-cycle training,,,,,,,,,,synthetic_full_cycle,synthetic_growth_cycles
BIM-04,OD,statistical,SARIMA,skipped,2.00001522898674e-07,model does not implement synthetic-cycle training,,,,,,,,,,synthetic_full_cycle,synthetic_growth_cycles
BIM-04,OD,statistical,ARIMAX,skipped,2.00001522898674e-07,model does not implement synthetic-cycle training,,,,,,,,,,synthetic_full_cycle,synthetic_growth_cycles
BIM-04,OD,statistical,SARIMAX,skipped,2.9998773243278265e-07,model does not implement synthetic-cycle training,,,,,,,,,,synthetic_full_cycle,synthetic_growth_cycles
BIM-04,OD,statistical,VAR,skipped,3.9998849388211966e-07,model does not implement synthetic-cycle training,,,,,,,,,,synthetic_full_cycle,synthetic_growth_cycles
BIM-04,OD,statistical,VARMAX,skipped,2.00001522898674e-07,model does not implement synthetic-cycle training,,,,,,,,,,synthetic_full_cycle,synthetic_growth_cycles
BIM-04,OD,statistical,VECM,skipped,2.00001522898674e-07,model does not implement synthetic-cycle training,,,,,,,,,,synthetic_full_cycle,synthetic_growth_cycles
BIM-04,OD,statistical,ARCH,skipped,4.00003045797348e-07,model does not implement synthetic-cycle training,,,,,,,,,,synthetic_full_cycle,synthetic_growth_cycles
BIM-04,OD,statistical,GARCH,skipped,3.00002284348011e-07,model does not implement synthetic-cycle training,,,,,,,,,,synthetic_full_cycle,synthetic_growth_cycles
BIM-04,OD,statistical,State_Space_Model,skipped,3.9998849388211966e-07,model does not implement synthetic-cycle training,,,,,,,,,,synthetic_full_cycle,synthetic_growth_cycles
BIM-04,OD,statistical,Dynamic_Linear_Model,skipped,2.00001522898674e-07,model does not implement synthetic-cycle training,,,,,,,,,,synthetic_full_cycle,synthetic_growth_cycles
BIM-04,OD,statistical,Kalman_Filter,skipped,1.9998697098344564e-07,model does not implement synthetic-cycle training,,,,,,,,,,synthetic_full_cycle,synthetic_growth_cycles
BIM-04,OD,statistical,BSTS_proxy,skipped,2.00001522898674e-07,model does not implement synthetic-cycle training,,,,,,,,,,synthetic_full_cycle,synthetic_growth_cycles
BIM-04,OD,biological,Exponential,skipped,5.00003807246685e-07,model does not implement synthetic-cycle training,,,,,,,,,,synthetic_full_cycle,synthetic_growth_cycles
BIM-04,OD,biological,Logistic,skipped,2.00001522898674e-07,model does not implement synthetic-cycle training,,,,,,,,,,synthetic_full_cycle,synthetic_growth_cycles
BIM-04,OD,biological,Gompertz,skipped,2.00001522898674e-07,model does not implement synthetic-cycle training,,,,,,,,,,synthetic_full_cycle,synthetic_growth_cycles
BIM-04,OD,biological,Richards,skipped,3.00002284348011e-07,model does not implement synthetic-cycle training,,,,,,,,,,synthetic_full_cycle,synthetic_growth_cycles
BIM-04,OD,biological,Verhulst,skipped,2.00001522898674e-07,model does not implement synthetic-cycle training,,,,,,,,,,synthetic_full_cycle,synthetic_growth_cycles
BIM-04,OD,biological,Baranyi,skipped,3.00002284348011e-07,model does not implement synthetic-cycle training,,,,,,,,,,synthetic_full_cycle,synthetic_growth_cycles
BIM-04,OD,biological,Bertalanffy,skipped,2.00001522898674e-07,model does not implement synthetic-cycle training,,,,,,,,,,synthetic_full_cycle,synthetic_growth_cycles
BIM-04,OD,biological,Monod,skipped,2.00001522898674e-07,model does not implement synthetic-cycle training,,,,,,,,,,synthetic_full_cycle,synthetic_growth_cycles
BIM-04,OD,biological,Droop,skipped,3.00002284348011e-07,model does not implement synthetic-cycle training,,,,,,,,,,synthetic_full_cycle,synthetic_growth_cycles
BIM-04,OD,biological,Contois,skipped,1.9998697098344564e-07,model does not implement synthetic-cycle training,,,,,,,,,,synthetic_full_cycle,synthetic_growth_cycles
BIM-04,OD,biological,Haldane,skipped,2.00001522898674e-07,model does not implement synthetic-cycle training,,,,,,,,,,synthetic_full_cycle,synthetic_growth_cycles
BIM-04,OD,biological,Andrews,skipped,2.00001522898674e-07,model does not implement synthetic-cycle training,,,,,,,,,,synthetic_full_cycle,synthetic_growth_cycles
BIM-04,OD,biological,Tessier,skipped,2.00001522898674e-07,model does not implement synthetic-cycle training,,,,,,,,,,synthetic_full_cycle,synthetic_growth_cycles
BIM-04,OD,biological,Moser,skipped,3.00002284348011e-07,model does not implement synthetic-cycle training,,,,,,,,,,synthetic_full_cycle,synthetic_growth_cycles
BIM-04,OD,biological,Eilers_Peeters,skipped,2.00001522898674e-07,model does not implement synthetic-cycle training,,,,,,,,,,synthetic_full_cycle,synthetic_growth_cycles
BIM-04,OD,biological,Steele,skipped,2.00001522898674e-07,model does not implement synthetic-cycle training,,,,,,,,,,synthetic_full_cycle,synthetic_growth_cycles
BIM-04,OD,biological,Photo_Limited,skipped,2.00001522898674e-07,model does not implement synthetic-cycle training,,,,,,,,,,synthetic_full_cycle,synthetic_growth_cycles
BIM-04,OD,biological,Photo_Inhibited,skipped,2.00001522898674e-07,model does not implement synthetic-cycle training,,,,,,,,,,synthetic_full_cycle,synthetic_growth_cycles
BIM-04,OD,biological,Cell_Mortality,skipped,2.00001522898674e-07,model does not implement synthetic-cycle training,,,,,,,,,,synthetic_full_cycle,synthetic_growth_cycles
BIM-04,OD,biological,Lotka_Volterra,skipped,2.00001522898674e-07,model does not implement synthetic-cycle training,,,,,,,,,,synthetic_full_cycle,synthetic_growth_cycles
BIM-04,OD,biological,Bioenergetic_Dynamic,skipped,2.00001522898674e-07,model does not implement synthetic-cycle training,,,,,,,,,,synthetic_full_cycle,synthetic_growth_cycles
BIM-04,OD,biological,Dynamic_Metabolic,skipped,1.9998697098344564e-07,model does not implement synthetic-cycle training,,,,,,,,,,synthetic_full_cycle,synthetic_growth_cycles
BIM-04,OD,differential_equations,ODE_Logistic,skipped,3.00002284348011e-07,model does not implement synthetic-cycle training,,,,,,,,,,synthetic_full_cycle,synthetic_growth_cycles
BIM-04,OD,differential_equations,ODE_Monod_Chemostat,skipped,3.00002284348011e-07,model does not implement synthetic-cycle training,,,,,,,,,,synthetic_full_cycle,synthetic_growth_cycles
BIM-04,OD,differential_equations,Chemostat_Model,skipped,4.00003045797348e-07,model does not implement synthetic-cycle training,,,,,,,,,,synthetic_full_cycle,synthetic_growth_cycles
BIM-04,OD,differential_equations,PDE,skipped,4.00003045797348e-07,model does not implement synthetic-cycle training,,,,,,,,,,synthetic_full_cycle,synthetic_growth_cycles
BIM-04,OD,differential_equations,DDE,skipped,3.00002284348011e-07,model does not implement synthetic-cycle training,,,,,,,,,,synthetic_full_cycle,synthetic_growth_cycles
BIM-04,OD,differential_equations,Reaction_Diffusion,skipped,2.9998773243278265e-07,model does not implement synthetic-cycle training,,,,,,,,,,synthetic_full_cycle,synthetic_growth_cycles
BIM-04,OD,differential_equations,Population_Balance_Model,skipped,3.00002284348011e-07,model does not implement synthetic-cycle training,,,,,,,,,,synthetic_full_cycle,synthetic_growth_cycles
BIM-04,OD,differential_equations,dFBA,skipped,2.00001522898674e-07,model does not implement synthetic-cycle training,,,,,,,,,,synthetic_full_cycle,synthetic_growth_cycles
BIM-04,OD,probabilistic,Hidden_Markov_Models,skipped,4.00003045797348e-07,model does not implement synthetic-cycle training,,,,,,,,,,synthetic_full_cycle,synthetic_growth_cycles
BIM-04,OD,probabilistic,Markov_Chains,skipped,4.00003045797348e-07,model does not implement synthetic-cycle training,,,,,,,,,,synthetic_full_cycle,synthetic_growth_cycles
BIM-04,OD,probabilistic,Semi_Markov,skipped,2.00001522898674e-07,model does not implement synthetic-cycle training,,,,,,,,,,synthetic_full_cycle,synthetic_growth_cycles
BIM-04,OD,probabilistic,Gaussian_Processes,skipped,3.00002284348011e-07,model does not implement synthetic-cycle training,,,,,,,,,,synthetic_full_cycle,synthetic_growth_cycles
BIM-04,OD,probabilistic,Bayesian_Networks,skipped,2.00001522898674e-07,model does not implement synthetic-cycle training,,,,,,,,,,synthetic_full_cycle,synthetic_growth_cycles
BIM-04,OD,probabilistic,Particle_Filters,skipped,2.9998773243278265e-07,model does not implement synthetic-cycle training,,,,,,,,,,synthetic_full_cycle,synthetic_growth_cycles
BIM-04,OD,probabilistic,Monte_Carlo,skipped,7.999915396794677e-07,model does not implement synthetic-cycle training,,,,,,,,,,synthetic_full_cycle,synthetic_growth_cycles
BIM-04,OD,probabilistic,Sequential_Monte_Carlo,skipped,3.00002284348011e-07,model does not implement synthetic-cycle training,,,,,,,,,,synthetic_full_cycle,synthetic_growth_cycles
BIM-04,OD,probabilistic,Probabilistic_Graphical_Models,skipped,3.00002284348011e-07,model does not implement synthetic-cycle training,,,,,,,,,,synthetic_full_cycle,synthetic_growth_cycles
BIM-04,OD,machine_learning,Linear_Regression,skipped,3.00002284348011e-07,model does not implement synthetic-cycle training,,,,,,,,,,synthetic_full_cycle,synthetic_growth_cycles
BIM-04,OD,machine_learning,Polynomial_Regression,skipped,1.9998697098344564e-07,model does not implement synthetic-cycle training,,,,,,,,,,synthetic_full_cycle,synthetic_growth_cycles
BIM-04,OD,machine_learning,Ridge,skipped,2.00001522898674e-07,model does not implement synthetic-cycle training,,,,,,,,,,synthetic_full_cycle,synthetic_growth_cycles
BIM-04,OD,machine_learning,Lasso,skipped,2.00001522898674e-07,model does not implement synthetic-cycle training,,,,,,,,,,synthetic_full_cycle,synthetic_growth_cycles
BIM-04,OD,machine_learning,Elastic_Net,skipped,2.00001522898674e-07,model does not implement synthetic-cycle training,,,,,,,,,,synthetic_full_cycle,synthetic_growth_cycles
BIM-04,OD,machine_learning,Decision_Trees,skipped,2.00001522898674e-07,model does not implement synthetic-cycle training,,,,,,,,,,synthetic_full_cycle,synthetic_growth_cycles
BIM-04,OD,machine_learning,Random_Forest,skipped,2.9998773243278265e-07,model does not implement synthetic-cycle training,,,,,,,,,,synthetic_full_cycle,synthetic_growth_cycles
BIM-04,OD,machine_learning,Extra_Trees,skipped,3.00002284348011e-07,model does not implement synthetic-cycle training,,,,,,,,,,synthetic_full_cycle,synthetic_growth_cycles
BIM-04,OD,machine_learning,Gradient_Boosting,skipped,4.00003045797348e-07,model does not implement synthetic-cycle training,,,,,,,,,,synthetic_full_cycle,synthetic_growth_cycles
BIM-04,OD,machine_learning,AdaBoost,skipped,2.00001522898674e-07,model does not implement synthetic-cycle training,,,,,,,,,,synthetic_full_cycle,synthetic_growth_cycles
BIM-04,OD,machine_learning,XGBoost,skipped,2.00001522898674e-07,model does not implement synthetic-cycle training,,,,,,,,,,synthetic_full_cycle,synthetic_growth_cycles
BIM-04,OD,machine_learning,LightGBM,skipped,2.00001522898674e-07,model does not implement synthetic-cycle training,,,,,,,,,,synthetic_full_cycle,synthetic_growth_cycles
BIM-04,OD,machine_learning,CatBoost,skipped,4.999892553314567e-07,model does not implement synthetic-cycle training,,,,,,,,,,synthetic_full_cycle,synthetic_growth_cycles
BIM-04,OD,machine_learning,SVR,skipped,2.9998773243278265e-07,model does not implement synthetic-cycle training,,,,,,,,,,synthetic_full_cycle,synthetic_growth_cycles
BIM-04,OD,machine_learning,KNN,skipped,2.00001522898674e-07,model does not implement synthetic-cycle training,,,,,,,,,,synthetic_full_cycle,synthetic_growth_cycles
BIM-04,OD,machine_learning,Gaussian_Process_Regression,skipped,2.00001522898674e-07,model does not implement synthetic-cycle training,,,,,,,,,,synthetic_full_cycle,synthetic_growth_cycles
BIM-04,OD,machine_learning,PLS,skipped,3.00002284348011e-07,model does not implement synthetic-cycle training,,,,,,,,,,synthetic_full_cycle,synthetic_growth_cycles
BIM-04,OD,machine_learning,PCR,skipped,2.00001522898674e-07,model does not implement synthetic-cycle training,,,,,,,,,,synthetic_full_cycle,synthetic_growth_cycles
BIM-04,OD,deep_learning,MLP,skipped,2.9998773243278265e-07,model does not implement synthetic-cycle training,,,,,,,,,,synthetic_full_cycle,synthetic_growth_cycles
BIM-04,OD,deep_learning,RNN,skipped,4.00003045797348e-07,model does not implement synthetic-cycle training,,,,,,,,,,synthetic_full_cycle,synthetic_growth_cycles
BIM-04,OD,deep_learning,LSTM,skipped,3.00002284348011e-07,model does not implement synthetic-cycle training,,,,,,,,,,synthetic_full_cycle,synthetic_growth_cycles
BIM-04,OD,deep_learning,Bidirectional_LSTM,skipped,2.00001522898674e-07,model does not implement synthetic-cycle training,,,,,,,,,,synthetic_full_cycle,synthetic_growth_cycles
BIM-04,OD,deep_learning,GRU,skipped,2.9998773243278265e-07,model does not implement synthetic-cycle training,,,,,,,,,,synthetic_full_cycle,synthetic_growth_cycles
BIM-04,OD,deep_learning,CNN_temporal,skipped,2.00001522898674e-07,model does not implement synthetic-cycle training,,,,,,,,,,synthetic_full_cycle,synthetic_growth_cycles
BIM-04,OD,deep_learning,Seq2Seq,skipped,2.00001522898674e-07,model does not implement synthetic-cycle training,,,,,,,,,,synthetic_full_cycle,synthetic_growth_cycles
BIM-04,OD,deep_learning,TCN,skipped,3.00002284348011e-07,model does not implement synthetic-cycle training,,,,,,,,,,synthetic_full_cycle,synthetic_growth_cycles
BIM-04,OD,deep_learning,DeepAR,skipped,2.00001522898674e-07,model does not implement synthetic-cycle training,,,,,,,,,,synthetic_full_cycle,synthetic_growth_cycles
BIM-04,OD,deep_learning,N_BEATS,skipped,2.00001522898674e-07,model does not implement synthetic-cycle training,,,,,,,,,,synthetic_full_cycle,synthetic_growth_cycles
BIM-04,OD,deep_learning,N_HiTS,skipped,2.00001522898674e-07,model does not implement synthetic-cycle training,,,,,,,,,,synthetic_full_cycle,synthetic_growth_cycles
BIM-04,OD,deep_learning,TFT,skipped,2.00001522898674e-07,model does not implement synthetic-cycle training,,,,,,,,,,synthetic_full_cycle,synthetic_growth_cycles
BIM-04,OD,deep_learning,Temporal_Transformers,skipped,2.00001522898674e-07,model does not implement synthetic-cycle training,,,,,,,,,,synthetic_full_cycle,synthetic_growth_cycles
BIM-04,OD,deep_learning,Informer,skipped,3.00002284348011e-07,model does not implement synthetic-cycle training,,,,,,,,,,synthetic_full_cycle,synthetic_growth_cycles
BIM-04,OD,deep_learning,Autoformer,skipped,2.00001522898674e-07,model does not implement synthetic-cycle training,,,,,,,,,,synthetic_full_cycle,synthetic_growth_cycles
BIM-04,OD,deep_learning,PatchTST,skipped,2.00001522898674e-07,model does not implement synthetic-cycle training,,,,,,,,,,synthetic_full_cycle,synthetic_growth_cycles
BIM-04,OD,hybrid,ARIMA_XGBoost,skipped,7.00005330145359e-07,model does not implement synthetic-cycle training,,,,,,,,,,synthetic_full_cycle,synthetic_growth_cycles
BIM-04,OD,hybrid,SARIMA_LSTM,skipped,2.00001522898674e-07,model does not implement synthetic-cycle training,,,,,,,,,,synthetic_full_cycle,synthetic_growth_cycles
BIM-04,OD,hybrid,ODE_ML,skipped,4.00003045797348e-07,model does not implement synthetic-cycle training,,,,,,,,,,synthetic_full_cycle,synthetic_growth_cycles
BIM-04,OD,hybrid,Gompertz_Random_Forest,skipped,3.00002284348011e-07,model does not implement synthetic-cycle training,,,,,,,,,,synthetic_full_cycle,synthetic_growth_cycles
BIM-04,OD,hybrid,Monod_Neural_Networks,skipped,2.00001522898674e-07,model does not implement synthetic-cycle training,,,,,,,,,,synthetic_full_cycle,synthetic_growth_cycles
BIM-04,OD,hybrid,Kalman_LSTM,skipped,2.00001522898674e-07,model does not implement synthetic-cycle training,,,,,,,,,,synthetic_full_cycle,synthetic_growth_cycles
BIM-04,OD,hybrid,PINNs,skipped,2.00001522898674e-07,model does not implement synthetic-cycle training,,,,,,,,,,synthetic_full_cycle,synthetic_growth_cycles
BIM-04,OD,hybrid,Neural_ODEs,skipped,2.00001522898674e-07,model does not implement synthetic-cycle training,,,,,,,,,,synthetic_full_cycle,synthetic_growth_cycles
BIM-04,OD,hybrid,Digital_Twin_Hybrid,skipped,3.00002284348011e-07,model does not implement synthetic-cycle training,,,,,,,,,,synthetic_full_cycle,synthetic_growth_cycles
BIM-05,OD,classical,Naive_Last,skipped,2.800006768666208e-06,model does not implement synthetic-cycle training,,,,,,,,,,synthetic_full_cycle,synthetic_growth_cycles
BIM-05,OD,classical,Moving_Average,skipped,7.00005330145359e-07,model does not implement synthetic-cycle training,,,,,,,,,,synthetic_full_cycle,synthetic_growth_cycles
BIM-05,OD,classical,Weighted_Moving_Average,skipped,5.999900167807937e-07,model does not implement synthetic-cycle training,,,,,,,,,,synthetic_full_cycle,synthetic_growth_cycles
BIM-05,OD,classical,Drift,skipped,3.9998849388211966e-07,model does not implement synthetic-cycle training,,,,,,,,,,synthetic_full_cycle,synthetic_growth_cycles
BIM-05,OD,classical,Exponential_Smoothing,skipped,3.9998849388211966e-07,model does not implement synthetic-cycle training,,,,,,,,,,synthetic_full_cycle,synthetic_growth_cycles
BIM-05,OD,classical,Holt,skipped,2.9998773243278265e-07,model does not implement synthetic-cycle training,,,,,,,,,,synthetic_full_cycle,synthetic_growth_cycles
BIM-05,OD,classical,Holt_Winters_Additive,skipped,1.9998697098344564e-07,model does not implement synthetic-cycle training,,,,,,,,,,synthetic_full_cycle,synthetic_growth_cycles
BIM-05,OD,classical,Holt_Winters_Multiplicative,skipped,1.9998697098344564e-07,model does not implement synthetic-cycle training,,,,,,,,,,synthetic_full_cycle,synthetic_growth_cycles
BIM-05,OD,classical,Brown_Double_Exponential,skipped,3.00002284348011e-07,model does not implement synthetic-cycle training,,,,,,,,,,synthetic_full_cycle,synthetic_growth_cycles
BIM-05,OD,classical,Winters,skipped,2.00001522898674e-07,model does not implement synthetic-cycle training,,,,,,,,,,synthetic_full_cycle,synthetic_growth_cycles
BIM-05,OD,classical,Croston,skipped,4.00003045797348e-07,model does not implement synthetic-cycle training,,,,,,,,,,synthetic_full_cycle,synthetic_growth_cycles
BIM-05,OD,classical,Theta_Method,skipped,3.00002284348011e-07,model does not implement synthetic-cycle training,,,,,,,,,,synthetic_full_cycle,synthetic_growth_cycles
BIM-05,OD,statistical,AR,skipped,6.00004568696022e-07,model does not implement synthetic-cycle training,,,,,,,,,,synthetic_full_cycle,synthetic_growth_cycles
BIM-05,OD,statistical,MA,skipped,2.00001522898674e-07,model does not implement synthetic-cycle training,,,,,,,,,,synthetic_full_cycle,synthetic_growth_cycles
BIM-05,OD,statistical,ARMA,skipped,2.00001522898674e-07,model does not implement synthetic-cycle training,,,,,,,,,,synthetic_full_cycle,synthetic_growth_cycles
BIM-05,OD,statistical,ARIMA,skipped,2.00001522898674e-07,model does not implement synthetic-cycle training,,,,,,,,,,synthetic_full_cycle,synthetic_growth_cycles
BIM-05,OD,statistical,SARIMA,skipped,2.00001522898674e-07,model does not implement synthetic-cycle training,,,,,,,,,,synthetic_full_cycle,synthetic_growth_cycles
BIM-05,OD,statistical,ARIMAX,skipped,2.00001522898674e-07,model does not implement synthetic-cycle training,,,,,,,,,,synthetic_full_cycle,synthetic_growth_cycles
BIM-05,OD,statistical,SARIMAX,skipped,3.00002284348011e-07,model does not implement synthetic-cycle training,,,,,,,,,,synthetic_full_cycle,synthetic_growth_cycles
BIM-05,OD,statistical,VAR,skipped,3.00002284348011e-07,model does not implement synthetic-cycle training,,,,,,,,,,synthetic_full_cycle,synthetic_growth_cycles
BIM-05,OD,statistical,VARMAX,skipped,2.00001522898674e-07,model does not implement synthetic-cycle training,,,,,,,,,,synthetic_full_cycle,synthetic_growth_cycles
BIM-05,OD,statistical,VECM,skipped,2.00001522898674e-07,model does not implement synthetic-cycle training,,,,,,,,,,synthetic_full_cycle,synthetic_growth_cycles
BIM-05,OD,statistical,ARCH,skipped,4.00003045797348e-07,model does not implement synthetic-cycle training,,,,,,,,,,synthetic_full_cycle,synthetic_growth_cycles
BIM-05,OD,statistical,GARCH,skipped,3.00002284348011e-07,model does not implement synthetic-cycle training,,,,,,,,,,synthetic_full_cycle,synthetic_growth_cycles
BIM-05,OD,statistical,State_Space_Model,skipped,4.00003045797348e-07,model does not implement synthetic-cycle training,,,,,,,,,,synthetic_full_cycle,synthetic_growth_cycles
BIM-05,OD,statistical,Dynamic_Linear_Model,skipped,3.00002284348011e-07,model does not implement synthetic-cycle training,,,,,,,,,,synthetic_full_cycle,synthetic_growth_cycles
BIM-05,OD,statistical,Kalman_Filter,skipped,2.00001522898674e-07,model does not implement synthetic-cycle training,,,,,,,,,,synthetic_full_cycle,synthetic_growth_cycles
BIM-05,OD,statistical,BSTS_proxy,skipped,3.00002284348011e-07,model does not implement synthetic-cycle training,,,,,,,,,,synthetic_full_cycle,synthetic_growth_cycles
BIM-05,OD,biological,Exponential,skipped,5.00003807246685e-07,model does not implement synthetic-cycle training,,,,,,,,,,synthetic_full_cycle,synthetic_growth_cycles
BIM-05,OD,biological,Logistic,skipped,2.00001522898674e-07,model does not implement synthetic-cycle training,,,,,,,,,,synthetic_full_cycle,synthetic_growth_cycles
BIM-05,OD,biological,Gompertz,skipped,2.00001522898674e-07,model does not implement synthetic-cycle training,,,,,,,,,,synthetic_full_cycle,synthetic_growth_cycles
BIM-05,OD,biological,Richards,skipped,2.00001522898674e-07,model does not implement synthetic-cycle training,,,,,,,,,,synthetic_full_cycle,synthetic_growth_cycles
BIM-05,OD,biological,Verhulst,skipped,2.00001522898674e-07,model does not implement synthetic-cycle training,,,,,,,,,,synthetic_full_cycle,synthetic_growth_cycles
BIM-05,OD,biological,Baranyi,skipped,3.00002284348011e-07,model does not implement synthetic-cycle training,,,,,,,,,,synthetic_full_cycle,synthetic_growth_cycles
BIM-05,OD,biological,Bertalanffy,skipped,2.00001522898674e-07,model does not implement synthetic-cycle training,,,,,,,,,,synthetic_full_cycle,synthetic_growth_cycles
BIM-05,OD,biological,Monod,skipped,6.00004568696022e-07,model does not implement synthetic-cycle training,,,,,,,,,,synthetic_full_cycle,synthetic_growth_cycles
BIM-05,OD,biological,Droop,skipped,3.00002284348011e-07,model does not implement synthetic-cycle training,,,,,,,,,,synthetic_full_cycle,synthetic_growth_cycles
BIM-05,OD,biological,Contois,skipped,3.00002284348011e-07,model does not implement synthetic-cycle training,,,,,,,,,,synthetic_full_cycle,synthetic_growth_cycles
BIM-05,OD,biological,Haldane,skipped,2.00001522898674e-07,model does not implement synthetic-cycle training,,,,,,,,,,synthetic_full_cycle,synthetic_growth_cycles
BIM-05,OD,biological,Andrews,skipped,2.00001522898674e-07,model does not implement synthetic-cycle training,,,,,,,,,,synthetic_full_cycle,synthetic_growth_cycles
BIM-05,OD,biological,Tessier,skipped,3.00002284348011e-07,model does not implement synthetic-cycle training,,,,,,,,,,synthetic_full_cycle,synthetic_growth_cycles
BIM-05,OD,biological,Moser,skipped,3.00002284348011e-07,model does not implement synthetic-cycle training,,,,,,,,,,synthetic_full_cycle,synthetic_growth_cycles
BIM-05,OD,biological,Eilers_Peeters,skipped,2.9998773243278265e-07,model does not implement synthetic-cycle training,,,,,,,,,,synthetic_full_cycle,synthetic_growth_cycles
BIM-05,OD,biological,Steele,skipped,2.00001522898674e-07,model does not implement synthetic-cycle training,,,,,,,,,,synthetic_full_cycle,synthetic_growth_cycles
BIM-05,OD,biological,Photo_Limited,skipped,3.00002284348011e-07,model does not implement synthetic-cycle training,,,,,,,,,,synthetic_full_cycle,synthetic_growth_cycles
BIM-05,OD,biological,Photo_Inhibited,skipped,3.00002284348011e-07,model does not implement synthetic-cycle training,,,,,,,,,,synthetic_full_cycle,synthetic_growth_cycles
BIM-05,OD,biological,Cell_Mortality,skipped,2.00001522898674e-07,model does not implement synthetic-cycle training,,,,,,,,,,synthetic_full_cycle,synthetic_growth_cycles
BIM-05,OD,biological,Lotka_Volterra,skipped,1.9998697098344564e-07,model does not implement synthetic-cycle training,,,,,,,,,,synthetic_full_cycle,synthetic_growth_cycles
BIM-05,OD,biological,Bioenergetic_Dynamic,skipped,3.00002284348011e-07,model does not implement synthetic-cycle training,,,,,,,,,,synthetic_full_cycle,synthetic_growth_cycles
BIM-05,OD,biological,Dynamic_Metabolic,skipped,2.00001522898674e-07,model does not implement synthetic-cycle training,,,,,,,,,,synthetic_full_cycle,synthetic_growth_cycles
BIM-05,OD,differential_equations,ODE_Logistic,skipped,2.00001522898674e-07,model does not implement synthetic-cycle training,,,,,,,,,,synthetic_full_cycle,synthetic_growth_cycles
BIM-05,OD,differential_equations,ODE_Monod_Chemostat,skipped,2.00001522898674e-07,model does not implement synthetic-cycle training,,,,,,,,,,synthetic_full_cycle,synthetic_growth_cycles
BIM-05,OD,differential_equations,Chemostat_Model,skipped,3.00002284348011e-07,model does not implement synthetic-cycle training,,,,,,,,,,synthetic_full_cycle,synthetic_growth_cycles
BIM-05,OD,differential_equations,PDE,skipped,4.00003045797348e-07,model does not implement synthetic-cycle training,,,,,,,,,,synthetic_full_cycle,synthetic_growth_cycles
BIM-05,OD,differential_equations,DDE,skipped,2.00001522898674e-07,model does not implement synthetic-cycle training,,,,,,,,,,synthetic_full_cycle,synthetic_growth_cycles
BIM-05,OD,differential_equations,Reaction_Diffusion,skipped,2.00001522898674e-07,model does not implement synthetic-cycle training,,,,,,,,,,synthetic_full_cycle,synthetic_growth_cycles
BIM-05,OD,differential_equations,Population_Balance_Model,skipped,2.00001522898674e-07,model does not implement synthetic-cycle training,,,,,,,,,,synthetic_full_cycle,synthetic_growth_cycles
BIM-05,OD,differential_equations,dFBA,skipped,2.00001522898674e-07,model does not implement synthetic-cycle training,,,,,,,,,,synthetic_full_cycle,synthetic_growth_cycles
BIM-05,OD,probabilistic,Hidden_Markov_Models,skipped,6.999907782301307e-07,model does not implement synthetic-cycle training,,,,,,,,,,synthetic_full_cycle,synthetic_growth_cycles
BIM-05,OD,probabilistic,Markov_Chains,skipped,3.9998849388211966e-07,model does not implement synthetic-cycle training,,,,,,,,,,synthetic_full_cycle,synthetic_growth_cycles
BIM-05,OD,probabilistic,Semi_Markov,skipped,2.00001522898674e-07,model does not implement synthetic-cycle training,,,,,,,,,,synthetic_full_cycle,synthetic_growth_cycles
BIM-05,OD,probabilistic,Gaussian_Processes,skipped,3.9998849388211966e-07,model does not implement synthetic-cycle training,,,,,,,,,,synthetic_full_cycle,synthetic_growth_cycles
BIM-05,OD,probabilistic,Bayesian_Networks,skipped,3.00002284348011e-07,model does not implement synthetic-cycle training,,,,,,,,,,synthetic_full_cycle,synthetic_growth_cycles
BIM-05,OD,probabilistic,Particle_Filters,skipped,3.00002284348011e-07,model does not implement synthetic-cycle training,,,,,,,,,,synthetic_full_cycle,synthetic_growth_cycles
BIM-05,OD,probabilistic,Monte_Carlo,skipped,9.999930625781417e-07,model does not implement synthetic-cycle training,,,,,,,,,,synthetic_full_cycle,synthetic_growth_cycles
BIM-05,OD,probabilistic,Sequential_Monte_Carlo,skipped,3.00002284348011e-07,model does not implement synthetic-cycle training,,,,,,,,,,synthetic_full_cycle,synthetic_growth_cycles
BIM-05,OD,probabilistic,Probabilistic_Graphical_Models,skipped,2.00001522898674e-07,model does not implement synthetic-cycle training,,,,,,,,,,synthetic_full_cycle,synthetic_growth_cycles
BIM-05,OD,machine_learning,Linear_Regression,skipped,2.00001522898674e-07,model does not implement synthetic-cycle training,,,,,,,,,,synthetic_full_cycle,synthetic_growth_cycles
BIM-05,OD,machine_learning,Polynomial_Regression,skipped,2.00001522898674e-07,model does not implement synthetic-cycle training,,,,,,,,,,synthetic_full_cycle,synthetic_growth_cycles
BIM-05,OD,machine_learning,Ridge,skipped,2.00001522898674e-07,model does not implement synthetic-cycle training,,,,,,,,,,synthetic_full_cycle,synthetic_growth_cycles
BIM-05,OD,machine_learning,Lasso,skipped,2.00001522898674e-07,model does not implement synthetic-cycle training,,,,,,,,,,synthetic_full_cycle,synthetic_growth_cycles
BIM-05,OD,machine_learning,Elastic_Net,skipped,3.00002284348011e-07,model does not implement synthetic-cycle training,,,,,,,,,,synthetic_full_cycle,synthetic_growth_cycles
BIM-05,OD,machine_learning,Decision_Trees,skipped,2.00001522898674e-07,model does not implement synthetic-cycle training,,,,,,,,,,synthetic_full_cycle,synthetic_growth_cycles
BIM-05,OD,machine_learning,Random_Forest,skipped,3.00002284348011e-07,model does not implement synthetic-cycle training,,,,,,,,,,synthetic_full_cycle,synthetic_growth_cycles
BIM-05,OD,machine_learning,Extra_Trees,skipped,3.00002284348011e-07,model does not implement synthetic-cycle training,,,,,,,,,,synthetic_full_cycle,synthetic_growth_cycles
BIM-05,OD,machine_learning,Gradient_Boosting,skipped,3.00002284348011e-07,model does not implement synthetic-cycle training,,,,,,,,,,synthetic_full_cycle,synthetic_growth_cycles
BIM-05,OD,machine_learning,AdaBoost,skipped,2.00001522898674e-07,model does not implement synthetic-cycle training,,,,,,,,,,synthetic_full_cycle,synthetic_growth_cycles
BIM-05,OD,machine_learning,XGBoost,skipped,3.00002284348011e-07,model does not implement synthetic-cycle training,,,,,,,,,,synthetic_full_cycle,synthetic_growth_cycles
BIM-05,OD,machine_learning,LightGBM,skipped,3.00002284348011e-07,model does not implement synthetic-cycle training,,,,,,,,,,synthetic_full_cycle,synthetic_growth_cycles
BIM-05,OD,machine_learning,CatBoost,skipped,3.00002284348011e-07,model does not implement synthetic-cycle training,,,,,,,,,,synthetic_full_cycle,synthetic_growth_cycles
BIM-05,OD,machine_learning,SVR,skipped,2.9998773243278265e-07,model does not implement synthetic-cycle training,,,,,,,,,,synthetic_full_cycle,synthetic_growth_cycles
BIM-05,OD,machine_learning,KNN,skipped,2.00001522898674e-07,model does not implement synthetic-cycle training,,,,,,,,,,synthetic_full_cycle,synthetic_growth_cycles
BIM-05,OD,machine_learning,Gaussian_Process_Regression,skipped,2.00001522898674e-07,model does not implement synthetic-cycle training,,,,,,,,,,synthetic_full_cycle,synthetic_growth_cycles
BIM-05,OD,machine_learning,PLS,skipped,3.00002284348011e-07,model does not implement synthetic-cycle training,,,,,,,,,,synthetic_full_cycle,synthetic_growth_cycles
BIM-05,OD,machine_learning,PCR,skipped,2.00001522898674e-07,model does not implement synthetic-cycle training,,,,,,,,,,synthetic_full_cycle,synthetic_growth_cycles
BIM-05,OD,deep_learning,MLP,skipped,3.00002284348011e-07,model does not implement synthetic-cycle training,,,,,,,,,,synthetic_full_cycle,synthetic_growth_cycles
BIM-05,OD,deep_learning,RNN,skipped,4.00003045797348e-07,model does not implement synthetic-cycle training,,,,,,,,,,synthetic_full_cycle,synthetic_growth_cycles
BIM-05,OD,deep_learning,LSTM,skipped,1.9998697098344564e-07,model does not implement synthetic-cycle training,,,,,,,,,,synthetic_full_cycle,synthetic_growth_cycles
BIM-05,OD,deep_learning,Bidirectional_LSTM,skipped,2.00001522898674e-07,model does not implement synthetic-cycle training,,,,,,,,,,synthetic_full_cycle,synthetic_growth_cycles
BIM-05,OD,deep_learning,GRU,skipped,2.00001522898674e-07,model does not implement synthetic-cycle training,,,,,,,,,,synthetic_full_cycle,synthetic_growth_cycles
BIM-05,OD,deep_learning,CNN_temporal,skipped,2.00001522898674e-07,model does not implement synthetic-cycle training,,,,,,,,,,synthetic_full_cycle,synthetic_growth_cycles
BIM-05,OD,deep_learning,Seq2Seq,skipped,1.9998697098344564e-07,model does not implement synthetic-cycle training,,,,,,,,,,synthetic_full_cycle,synthetic_growth_cycles
BIM-05,OD,deep_learning,TCN,skipped,2.00001522898674e-07,model does not implement synthetic-cycle training,,,,,,,,,,synthetic_full_cycle,synthetic_growth_cycles
BIM-05,OD,deep_learning,DeepAR,skipped,2.00001522898674e-07,model does not implement synthetic-cycle training,,,,,,,,,,synthetic_full_cycle,synthetic_growth_cycles
BIM-05,OD,deep_learning,N_BEATS,skipped,2.00001522898674e-07,model does not implement synthetic-cycle training,,,,,,,,,,synthetic_full_cycle,synthetic_growth_cycles
BIM-05,OD,deep_learning,N_HiTS,skipped,2.00001522898674e-07,model does not implement synthetic-cycle training,,,,,,,,,,synthetic_full_cycle,synthetic_growth_cycles
BIM-05,OD,deep_learning,TFT,skipped,3.00002284348011e-07,model does not implement synthetic-cycle training,,,,,,,,,,synthetic_full_cycle,synthetic_growth_cycles
BIM-05,OD,deep_learning,Temporal_Transformers,skipped,2.9998773243278265e-07,model does not implement synthetic-cycle training,,,,,,,,,,synthetic_full_cycle,synthetic_growth_cycles
BIM-05,OD,deep_learning,Informer,skipped,3.00002284348011e-07,model does not implement synthetic-cycle training,,,,,,,,,,synthetic_full_cycle,synthetic_growth_cycles
BIM-05,OD,deep_learning,Autoformer,skipped,2.00001522898674e-07,model does not implement synthetic-cycle training,,,,,,,,,,synthetic_full_cycle,synthetic_growth_cycles
BIM-05,OD,deep_learning,PatchTST,skipped,3.00002284348011e-07,model does not implement synthetic-cycle training,,,,,,,,,,synthetic_full_cycle,synthetic_growth_cycles
BIM-05,OD,hybrid,ARIMA_XGBoost,skipped,4.00003045797348e-07,model does not implement synthetic-cycle training,,,,,,,,,,synthetic_full_cycle,synthetic_growth_cycles
BIM-05,OD,hybrid,SARIMA_LSTM,skipped,1.9998697098344564e-07,model does not implement synthetic-cycle training,,,,,,,,,,synthetic_full_cycle,synthetic_growth_cycles
BIM-05,OD,hybrid,ODE_ML,skipped,3.9998849388211966e-07,model does not implement synthetic-cycle training,,,,,,,,,,synthetic_full_cycle,synthetic_growth_cycles
BIM-05,OD,hybrid,Gompertz_Random_Forest,skipped,3.00002284348011e-07,model does not implement synthetic-cycle training,,,,,,,,,,synthetic_full_cycle,synthetic_growth_cycles
BIM-05,OD,hybrid,Monod_Neural_Networks,skipped,2.00001522898674e-07,model does not implement synthetic-cycle training,,,,,,,,,,synthetic_full_cycle,synthetic_growth_cycles
BIM-05,OD,hybrid,Kalman_LSTM,skipped,2.00001522898674e-07,model does not implement synthetic-cycle training,,,,,,,,,,synthetic_full_cycle,synthetic_growth_cycles
BIM-05,OD,hybrid,PINNs,skipped,2.00001522898674e-07,model does not implement synthetic-cycle training,,,,,,,,,,synthetic_full_cycle,synthetic_growth_cycles
BIM-05,OD,hybrid,Neural_ODEs,skipped,2.00001522898674e-07,model does not implement synthetic-cycle training,,,,,,,,,,synthetic_full_cycle,synthetic_growth_cycles
BIM-05,OD,hybrid,Digital_Twin_Hybrid,skipped,2.9998773243278265e-07,model does not implement synthetic-cycle training,,,,,,,,,,synthetic_full_cycle,synthetic_growth_cycles
BIM-07,OD,classical,Naive_Last,skipped,4.0000013541430235e-06,model does not implement synthetic-cycle training,,,,,,,,,,synthetic_full_cycle,synthetic_growth_cycles
BIM-07,OD,classical,Moving_Average,skipped,7.999915396794677e-07,model does not implement synthetic-cycle training,,,,,,,,,,synthetic_full_cycle,synthetic_growth_cycles
BIM-07,OD,classical,Weighted_Moving_Average,skipped,8.00006091594696e-07,model does not implement synthetic-cycle training,,,,,,,,,,synthetic_full_cycle,synthetic_growth_cycles
BIM-07,OD,classical,Drift,skipped,6.00004568696022e-07,model does not implement synthetic-cycle training,,,,,,,,,,synthetic_full_cycle,synthetic_growth_cycles
BIM-07,OD,classical,Exponential_Smoothing,skipped,4.00003045797348e-07,model does not implement synthetic-cycle training,,,,,,,,,,synthetic_full_cycle,synthetic_growth_cycles
BIM-07,OD,classical,Holt,skipped,3.00002284348011e-07,model does not implement synthetic-cycle training,,,,,,,,,,synthetic_full_cycle,synthetic_growth_cycles
BIM-07,OD,classical,Holt_Winters_Additive,skipped,3.00002284348011e-07,model does not implement synthetic-cycle training,,,,,,,,,,synthetic_full_cycle,synthetic_growth_cycles
BIM-07,OD,classical,Holt_Winters_Multiplicative,skipped,3.00002284348011e-07,model does not implement synthetic-cycle training,,,,,,,,,,synthetic_full_cycle,synthetic_growth_cycles
BIM-07,OD,classical,Brown_Double_Exponential,skipped,2.00001522898674e-07,model does not implement synthetic-cycle training,,,,,,,,,,synthetic_full_cycle,synthetic_growth_cycles
BIM-07,OD,classical,Winters,skipped,3.00002284348011e-07,model does not implement synthetic-cycle training,,,,,,,,,,synthetic_full_cycle,synthetic_growth_cycles
BIM-07,OD,classical,Croston,skipped,5.00003807246685e-07,model does not implement synthetic-cycle training,,,,,,,,,,synthetic_full_cycle,synthetic_growth_cycles
BIM-07,OD,classical,Theta_Method,skipped,2.00001522898674e-07,model does not implement synthetic-cycle training,,,,,,,,,,synthetic_full_cycle,synthetic_growth_cycles
BIM-07,OD,statistical,AR,skipped,4.00003045797348e-07,model does not implement synthetic-cycle training,,,,,,,,,,synthetic_full_cycle,synthetic_growth_cycles
BIM-07,OD,statistical,MA,skipped,2.00001522898674e-07,model does not implement synthetic-cycle training,,,,,,,,,,synthetic_full_cycle,synthetic_growth_cycles
BIM-07,OD,statistical,ARMA,skipped,3.00002284348011e-07,model does not implement synthetic-cycle training,,,,,,,,,,synthetic_full_cycle,synthetic_growth_cycles
BIM-07,OD,statistical,ARIMA,skipped,4.00003045797348e-07,model does not implement synthetic-cycle training,,,,,,,,,,synthetic_full_cycle,synthetic_growth_cycles
BIM-07,OD,statistical,SARIMA,skipped,2.00001522898674e-07,model does not implement synthetic-cycle training,,,,,,,,,,synthetic_full_cycle,synthetic_growth_cycles
BIM-07,OD,statistical,ARIMAX,skipped,4.00003045797348e-07,model does not implement synthetic-cycle training,,,,,,,,,,synthetic_full_cycle,synthetic_growth_cycles
BIM-07,OD,statistical,SARIMAX,skipped,3.00002284348011e-07,model does not implement synthetic-cycle training,,,,,,,,,,synthetic_full_cycle,synthetic_growth_cycles
BIM-07,OD,statistical,VAR,skipped,4.00003045797348e-07,model does not implement synthetic-cycle training,,,,,,,,,,synthetic_full_cycle,synthetic_growth_cycles
BIM-07,OD,statistical,VARMAX,skipped,2.00001522898674e-07,model does not implement synthetic-cycle training,,,,,,,,,,synthetic_full_cycle,synthetic_growth_cycles
BIM-07,OD,statistical,VECM,skipped,3.00002284348011e-07,model does not implement synthetic-cycle training,,,,,,,,,,synthetic_full_cycle,synthetic_growth_cycles
BIM-07,OD,statistical,ARCH,skipped,6.00004568696022e-07,model does not implement synthetic-cycle training,,,,,,,,,,synthetic_full_cycle,synthetic_growth_cycles
BIM-07,OD,statistical,GARCH,skipped,4.00003045797348e-07,model does not implement synthetic-cycle training,,,,,,,,,,synthetic_full_cycle,synthetic_growth_cycles
BIM-07,OD,statistical,State_Space_Model,skipped,4.00003045797348e-07,model does not implement synthetic-cycle training,,,,,,,,,,synthetic_full_cycle,synthetic_growth_cycles
BIM-07,OD,statistical,Dynamic_Linear_Model,skipped,3.00002284348011e-07,model does not implement synthetic-cycle training,,,,,,,,,,synthetic_full_cycle,synthetic_growth_cycles
BIM-07,OD,statistical,Kalman_Filter,skipped,2.00001522898674e-07,model does not implement synthetic-cycle training,,,,,,,,,,synthetic_full_cycle,synthetic_growth_cycles
BIM-07,OD,statistical,BSTS_proxy,skipped,3.00002284348011e-07,model does not implement synthetic-cycle training,,,,,,,,,,synthetic_full_cycle,synthetic_growth_cycles
BIM-07,OD,biological,Exponential,skipped,5.00003807246685e-07,model does not implement synthetic-cycle training,,,,,,,,,,synthetic_full_cycle,synthetic_growth_cycles
BIM-07,OD,biological,Logistic,skipped,3.00002284348011e-07,model does not implement synthetic-cycle training,,,,,,,,,,synthetic_full_cycle,synthetic_growth_cycles
BIM-07,OD,biological,Gompertz,skipped,2.00001522898674e-07,model does not implement synthetic-cycle training,,,,,,,,,,synthetic_full_cycle,synthetic_growth_cycles
BIM-07,OD,biological,Richards,skipped,4.00003045797348e-07,model does not implement synthetic-cycle training,,,,,,,,,,synthetic_full_cycle,synthetic_growth_cycles
BIM-07,OD,biological,Verhulst,skipped,2.00001522898674e-07,model does not implement synthetic-cycle training,,,,,,,,,,synthetic_full_cycle,synthetic_growth_cycles
BIM-07,OD,biological,Baranyi,skipped,3.00002284348011e-07,model does not implement synthetic-cycle training,,,,,,,,,,synthetic_full_cycle,synthetic_growth_cycles
BIM-07,OD,biological,Bertalanffy,skipped,1.9998697098344564e-07,model does not implement synthetic-cycle training,,,,,,,,,,synthetic_full_cycle,synthetic_growth_cycles
BIM-07,OD,biological,Monod,skipped,3.00002284348011e-07,model does not implement synthetic-cycle training,,,,,,,,,,synthetic_full_cycle,synthetic_growth_cycles
BIM-07,OD,biological,Droop,skipped,2.00001522898674e-07,model does not implement synthetic-cycle training,,,,,,,,,,synthetic_full_cycle,synthetic_growth_cycles
BIM-07,OD,biological,Contois,skipped,2.00001522898674e-07,model does not implement synthetic-cycle training,,,,,,,,,,synthetic_full_cycle,synthetic_growth_cycles
BIM-07,OD,biological,Haldane,skipped,2.00001522898674e-07,model does not implement synthetic-cycle training,,,,,,,,,,synthetic_full_cycle,synthetic_growth_cycles
BIM-07,OD,biological,Andrews,skipped,2.9998773243278265e-07,model does not implement synthetic-cycle training,,,,,,,,,,synthetic_full_cycle,synthetic_growth_cycles
BIM-07,OD,biological,Tessier,skipped,2.00001522898674e-07,model does not implement synthetic-cycle training,,,,,,,,,,synthetic_full_cycle,synthetic_growth_cycles
BIM-07,OD,biological,Moser,skipped,3.9998849388211966e-07,model does not implement synthetic-cycle training,,,,,,,,,,synthetic_full_cycle,synthetic_growth_cycles
BIM-07,OD,biological,Eilers_Peeters,skipped,2.00001522898674e-07,model does not implement synthetic-cycle training,,,,,,,,,,synthetic_full_cycle,synthetic_growth_cycles
BIM-07,OD,biological,Steele,skipped,2.00001522898674e-07,model does not implement synthetic-cycle training,,,,,,,,,,synthetic_full_cycle,synthetic_growth_cycles
BIM-07,OD,biological,Photo_Limited,skipped,2.00001522898674e-07,model does not implement synthetic-cycle training,,,,,,,,,,synthetic_full_cycle,synthetic_growth_cycles
BIM-07,OD,biological,Photo_Inhibited,skipped,2.00001522898674e-07,model does not implement synthetic-cycle training,,,,,,,,,,synthetic_full_cycle,synthetic_growth_cycles
BIM-07,OD,biological,Cell_Mortality,skipped,2.00001522898674e-07,model does not implement synthetic-cycle training,,,,,,,,,,synthetic_full_cycle,synthetic_growth_cycles
BIM-07,OD,biological,Lotka_Volterra,skipped,4.00003045797348e-07,model does not implement synthetic-cycle training,,,,,,,,,,synthetic_full_cycle,synthetic_growth_cycles
BIM-07,OD,biological,Bioenergetic_Dynamic,skipped,2.00001522898674e-07,model does not implement synthetic-cycle training,,,,,,,,,,synthetic_full_cycle,synthetic_growth_cycles
BIM-07,OD,biological,Dynamic_Metabolic,skipped,3.00002284348011e-07,model does not implement synthetic-cycle training,,,,,,,,,,synthetic_full_cycle,synthetic_growth_cycles
BIM-07,OD,differential_equations,ODE_Logistic,skipped,2.9998773243278265e-07,model does not implement synthetic-cycle training,,,,,,,,,,synthetic_full_cycle,synthetic_growth_cycles
BIM-07,OD,differential_equations,ODE_Monod_Chemostat,skipped,2.00001522898674e-07,model does not implement synthetic-cycle training,,,,,,,,,,synthetic_full_cycle,synthetic_growth_cycles
BIM-07,OD,differential_equations,Chemostat_Model,skipped,3.00002284348011e-07,model does not implement synthetic-cycle training,,,,,,,,,,synthetic_full_cycle,synthetic_growth_cycles
BIM-07,OD,differential_equations,PDE,skipped,4.00003045797348e-07,model does not implement synthetic-cycle training,,,,,,,,,,synthetic_full_cycle,synthetic_growth_cycles
BIM-07,OD,differential_equations,DDE,skipped,2.00001522898674e-07,model does not implement synthetic-cycle training,,,,,,,,,,synthetic_full_cycle,synthetic_growth_cycles
BIM-07,OD,differential_equations,Reaction_Diffusion,skipped,3.00002284348011e-07,model does not implement synthetic-cycle training,,,,,,,,,,synthetic_full_cycle,synthetic_growth_cycles
BIM-07,OD,differential_equations,Population_Balance_Model,skipped,2.00001522898674e-07,model does not implement synthetic-cycle training,,,,,,,,,,synthetic_full_cycle,synthetic_growth_cycles
BIM-07,OD,differential_equations,dFBA,skipped,2.00001522898674e-07,model does not implement synthetic-cycle training,,,,,,,,,,synthetic_full_cycle,synthetic_growth_cycles
BIM-07,OD,probabilistic,Hidden_Markov_Models,skipped,3.9998849388211966e-07,model does not implement synthetic-cycle training,,,,,,,,,,synthetic_full_cycle,synthetic_growth_cycles
BIM-07,OD,probabilistic,Markov_Chains,skipped,4.00003045797348e-07,model does not implement synthetic-cycle training,,,,,,,,,,synthetic_full_cycle,synthetic_growth_cycles
BIM-07,OD,probabilistic,Semi_Markov,skipped,2.00001522898674e-07,model does not implement synthetic-cycle training,,,,,,,,,,synthetic_full_cycle,synthetic_growth_cycles
BIM-07,OD,probabilistic,Gaussian_Processes,skipped,4.00003045797348e-07,model does not implement synthetic-cycle training,,,,,,,,,,synthetic_full_cycle,synthetic_growth_cycles
BIM-07,OD,probabilistic,Bayesian_Networks,skipped,2.00001522898674e-07,model does not implement synthetic-cycle training,,,,,,,,,,synthetic_full_cycle,synthetic_growth_cycles
BIM-07,OD,probabilistic,Particle_Filters,skipped,4.00003045797348e-07,model does not implement synthetic-cycle training,,,,,,,,,,synthetic_full_cycle,synthetic_growth_cycles
BIM-07,OD,probabilistic,Monte_Carlo,skipped,8.999923011288047e-07,model does not implement synthetic-cycle training,,,,,,,,,,synthetic_full_cycle,synthetic_growth_cycles
BIM-07,OD,probabilistic,Sequential_Monte_Carlo,skipped,4.00003045797348e-07,model does not implement synthetic-cycle training,,,,,,,,,,synthetic_full_cycle,synthetic_growth_cycles
BIM-07,OD,probabilistic,Probabilistic_Graphical_Models,skipped,2.00001522898674e-07,model does not implement synthetic-cycle training,,,,,,,,,,synthetic_full_cycle,synthetic_growth_cycles
BIM-07,OD,machine_learning,Linear_Regression,skipped,2.00001522898674e-07,model does not implement synthetic-cycle training,,,,,,,,,,synthetic_full_cycle,synthetic_growth_cycles
BIM-07,OD,machine_learning,Polynomial_Regression,skipped,4.00003045797348e-07,model does not implement synthetic-cycle training,,,,,,,,,,synthetic_full_cycle,synthetic_growth_cycles
BIM-07,OD,machine_learning,Ridge,skipped,3.00002284348011e-07,model does not implement synthetic-cycle training,,,,,,,,,,synthetic_full_cycle,synthetic_growth_cycles
BIM-07,OD,machine_learning,Lasso,skipped,1.9998697098344564e-07,model does not implement synthetic-cycle training,,,,,,,,,,synthetic_full_cycle,synthetic_growth_cycles
BIM-07,OD,machine_learning,Elastic_Net,skipped,2.9998773243278265e-07,model does not implement synthetic-cycle training,,,,,,,,,,synthetic_full_cycle,synthetic_growth_cycles
BIM-07,OD,machine_learning,Decision_Trees,skipped,3.00002284348011e-07,model does not implement synthetic-cycle training,,,,,,,,,,synthetic_full_cycle,synthetic_growth_cycles
BIM-07,OD,machine_learning,Random_Forest,skipped,6.999907782301307e-07,model does not implement synthetic-cycle training,,,,,,,,,,synthetic_full_cycle,synthetic_growth_cycles
BIM-07,OD,machine_learning,Extra_Trees,skipped,3.00002284348011e-07,model does not implement synthetic-cycle training,,,,,,,,,,synthetic_full_cycle,synthetic_growth_cycles
BIM-07,OD,machine_learning,Gradient_Boosting,skipped,3.00002284348011e-07,model does not implement synthetic-cycle training,,,,,,,,,,synthetic_full_cycle,synthetic_growth_cycles
BIM-07,OD,machine_learning,AdaBoost,skipped,2.00001522898674e-07,model does not implement synthetic-cycle training,,,,,,,,,,synthetic_full_cycle,synthetic_growth_cycles
BIM-07,OD,machine_learning,XGBoost,skipped,3.00002284348011e-07,model does not implement synthetic-cycle training,,,,,,,,,,synthetic_full_cycle,synthetic_growth_cycles
BIM-07,OD,machine_learning,LightGBM,skipped,2.9998773243278265e-07,model does not implement synthetic-cycle training,,,,,,,,,,synthetic_full_cycle,synthetic_growth_cycles
BIM-07,OD,machine_learning,CatBoost,skipped,2.00001522898674e-07,model does not implement synthetic-cycle training,,,,,,,,,,synthetic_full_cycle,synthetic_growth_cycles
BIM-07,OD,machine_learning,SVR,skipped,4.00003045797348e-07,model does not implement synthetic-cycle training,,,,,,,,,,synthetic_full_cycle,synthetic_growth_cycles
BIM-07,OD,machine_learning,KNN,skipped,2.00001522898674e-07,model does not implement synthetic-cycle training,,,,,,,,,,synthetic_full_cycle,synthetic_growth_cycles
BIM-07,OD,machine_learning,Gaussian_Process_Regression,skipped,2.00001522898674e-07,model does not implement synthetic-cycle training,,,,,,,,,,synthetic_full_cycle,synthetic_growth_cycles
BIM-07,OD,machine_learning,PLS,skipped,2.00001522898674e-07,model does not implement synthetic-cycle training,,,,,,,,,,synthetic_full_cycle,synthetic_growth_cycles
BIM-07,OD,machine_learning,PCR,skipped,2.00001522898674e-07,model does not implement synthetic-cycle training,,,,,,,,,,synthetic_full_cycle,synthetic_growth_cycles
BIM-07,OD,deep_learning,MLP,skipped,3.00002284348011e-07,model does not implement synthetic-cycle training,,,,,,,,,,synthetic_full_cycle,synthetic_growth_cycles
BIM-07,OD,deep_learning,RNN,skipped,4.00003045797348e-07,model does not implement synthetic-cycle training,,,,,,,,,,synthetic_full_cycle,synthetic_growth_cycles
BIM-07,OD,deep_learning,LSTM,skipped,3.00002284348011e-07,model does not implement synthetic-cycle training,,,,,,,,,,synthetic_full_cycle,synthetic_growth_cycles
BIM-07,OD,deep_learning,Bidirectional_LSTM,skipped,2.00001522898674e-07,model does not implement synthetic-cycle training,,,,,,,,,,synthetic_full_cycle,synthetic_growth_cycles
BIM-07,OD,deep_learning,GRU,skipped,2.00001522898674e-07,model does not implement synthetic-cycle training,,,,,,,,,,synthetic_full_cycle,synthetic_growth_cycles
BIM-07,OD,deep_learning,CNN_temporal,skipped,2.00001522898674e-07,model does not implement synthetic-cycle training,,,,,,,,,,synthetic_full_cycle,synthetic_growth_cycles
BIM-07,OD,deep_learning,Seq2Seq,skipped,4.00003045797348e-07,model does not implement synthetic-cycle training,,,,,,,,,,synthetic_full_cycle,synthetic_growth_cycles
BIM-07,OD,deep_learning,TCN,skipped,2.00001522898674e-07,model does not implement synthetic-cycle training,,,,,,,,,,synthetic_full_cycle,synthetic_growth_cycles
BIM-07,OD,deep_learning,DeepAR,skipped,3.00002284348011e-07,model does not implement synthetic-cycle training,,,,,,,,,,synthetic_full_cycle,synthetic_growth_cycles
BIM-07,OD,deep_learning,N_BEATS,skipped,2.00001522898674e-07,model does not implement synthetic-cycle training,,,,,,,,,,synthetic_full_cycle,synthetic_growth_cycles
BIM-07,OD,deep_learning,N_HiTS,skipped,2.00001522898674e-07,model does not implement synthetic-cycle training,,,,,,,,,,synthetic_full_cycle,synthetic_growth_cycles
BIM-07,OD,deep_learning,TFT,skipped,3.00002284348011e-07,model does not implement synthetic-cycle training,,,,,,,,,,synthetic_full_cycle,synthetic_growth_cycles
BIM-07,OD,deep_learning,Temporal_Transformers,skipped,2.9998773243278265e-07,model does not implement synthetic-cycle training,,,,,,,,,,synthetic_full_cycle,synthetic_growth_cycles
BIM-07,OD,deep_learning,Informer,skipped,2.00001522898674e-07,model does not implement synthetic-cycle training,,,,,,,,,,synthetic_full_cycle,synthetic_growth_cycles
BIM-07,OD,deep_learning,Autoformer,skipped,2.9998773243278265e-07,model does not implement synthetic-cycle training,,,,,,,,,,synthetic_full_cycle,synthetic_growth_cycles
BIM-07,OD,deep_learning,PatchTST,skipped,3.00002284348011e-07,model does not implement synthetic-cycle training,,,,,,,,,,synthetic_full_cycle,synthetic_growth_cycles
BIM-07,OD,hybrid,ARIMA_XGBoost,skipped,4.999892553314567e-07,model does not implement synthetic-cycle training,,,,,,,,,,synthetic_full_cycle,synthetic_growth_cycles
BIM-07,OD,hybrid,SARIMA_LSTM,skipped,3.00002284348011e-07,model does not implement synthetic-cycle training,,,,,,,,,,synthetic_full_cycle,synthetic_growth_cycles
BIM-07,OD,hybrid,ODE_ML,skipped,6.999907782301307e-07,model does not implement synthetic-cycle training,,,,,,,,,,synthetic_full_cycle,synthetic_growth_cycles
BIM-07,OD,hybrid,Gompertz_Random_Forest,skipped,6.00004568696022e-07,model does not implement synthetic-cycle training,,,,,,,,,,synthetic_full_cycle,synthetic_growth_cycles
BIM-07,OD,hybrid,Monod_Neural_Networks,skipped,2.00001522898674e-07,model does not implement synthetic-cycle training,,,,,,,,,,synthetic_full_cycle,synthetic_growth_cycles
BIM-07,OD,hybrid,Kalman_LSTM,skipped,2.00001522898674e-07,model does not implement synthetic-cycle training,,,,,,,,,,synthetic_full_cycle,synthetic_growth_cycles
BIM-07,OD,hybrid,PINNs,skipped,2.00001522898674e-07,model does not implement synthetic-cycle training,,,,,,,,,,synthetic_full_cycle,synthetic_growth_cycles
BIM-07,OD,hybrid,Neural_ODEs,skipped,2.00001522898674e-07,model does not implement synthetic-cycle training,,,,,,,,,,synthetic_full_cycle,synthetic_growth_cycles
BIM-07,OD,hybrid,Digital_Twin_Hybrid,skipped,2.00001522898674e-07,model does not implement synthetic-cycle training,,,,,,,,,,synthetic_full_cycle,synthetic_growth_cycles
BIM-09,OD,classical,Naive_Last,skipped,2.3000029614195228e-06,model does not implement synthetic-cycle training,,,,,,,,,,synthetic_full_cycle,synthetic_growth_cycles
BIM-09,OD,classical,Moving_Average,skipped,6.999907782301307e-07,model does not implement synthetic-cycle training,,,,,,,,,,synthetic_full_cycle,synthetic_growth_cycles
BIM-09,OD,classical,Weighted_Moving_Average,skipped,6.00004568696022e-07,model does not implement synthetic-cycle training,,,,,,,,,,synthetic_full_cycle,synthetic_growth_cycles
BIM-09,OD,classical,Drift,skipped,5.00003807246685e-07,model does not implement synthetic-cycle training,,,,,,,,,,synthetic_full_cycle,synthetic_growth_cycles
BIM-09,OD,classical,Exponential_Smoothing,skipped,4.00003045797348e-07,model does not implement synthetic-cycle training,,,,,,,,,,synthetic_full_cycle,synthetic_growth_cycles
BIM-09,OD,classical,Holt,skipped,3.00002284348011e-07,model does not implement synthetic-cycle training,,,,,,,,,,synthetic_full_cycle,synthetic_growth_cycles
BIM-09,OD,classical,Holt_Winters_Additive,skipped,3.00002284348011e-07,model does not implement synthetic-cycle training,,,,,,,,,,synthetic_full_cycle,synthetic_growth_cycles
BIM-09,OD,classical,Holt_Winters_Multiplicative,skipped,2.9998773243278265e-07,model does not implement synthetic-cycle training,,,,,,,,,,synthetic_full_cycle,synthetic_growth_cycles
BIM-09,OD,classical,Brown_Double_Exponential,skipped,3.00002284348011e-07,model does not implement synthetic-cycle training,,,,,,,,,,synthetic_full_cycle,synthetic_growth_cycles
BIM-09,OD,classical,Winters,skipped,3.00002284348011e-07,model does not implement synthetic-cycle training,,,,,,,,,,synthetic_full_cycle,synthetic_growth_cycles
BIM-09,OD,classical,Croston,skipped,4.00003045797348e-07,model does not implement synthetic-cycle training,,,,,,,,,,synthetic_full_cycle,synthetic_growth_cycles
BIM-09,OD,classical,Theta_Method,skipped,3.00002284348011e-07,model does not implement synthetic-cycle training,,,,,,,,,,synthetic_full_cycle,synthetic_growth_cycles
BIM-09,OD,statistical,AR,skipped,4.00003045797348e-07,model does not implement synthetic-cycle training,,,,,,,,,,synthetic_full_cycle,synthetic_growth_cycles
BIM-09,OD,statistical,MA,skipped,2.9998773243278265e-07,model does not implement synthetic-cycle training,,,,,,,,,,synthetic_full_cycle,synthetic_growth_cycles
BIM-09,OD,statistical,ARMA,skipped,2.00001522898674e-07,model does not implement synthetic-cycle training,,,,,,,,,,synthetic_full_cycle,synthetic_growth_cycles
BIM-09,OD,statistical,ARIMA,skipped,2.00001522898674e-07,model does not implement synthetic-cycle training,,,,,,,,,,synthetic_full_cycle,synthetic_growth_cycles
BIM-09,OD,statistical,SARIMA,skipped,2.00001522898674e-07,model does not implement synthetic-cycle training,,,,,,,,,,synthetic_full_cycle,synthetic_growth_cycles
BIM-09,OD,statistical,ARIMAX,skipped,2.00001522898674e-07,model does not implement synthetic-cycle training,,,,,,,,,,synthetic_full_cycle,synthetic_growth_cycles
BIM-09,OD,statistical,SARIMAX,skipped,1.9998697098344564e-07,model does not implement synthetic-cycle training,,,,,,,,,,synthetic_full_cycle,synthetic_growth_cycles
BIM-09,OD,statistical,VAR,skipped,4.00003045797348e-07,model does not implement synthetic-cycle training,,,,,,,,,,synthetic_full_cycle,synthetic_growth_cycles
BIM-09,OD,statistical,VARMAX,skipped,2.00001522898674e-07,model does not implement synthetic-cycle training,,,,,,,,,,synthetic_full_cycle,synthetic_growth_cycles
BIM-09,OD,statistical,VECM,skipped,3.00002284348011e-07,model does not implement synthetic-cycle training,,,,,,,,,,synthetic_full_cycle,synthetic_growth_cycles
BIM-09,OD,statistical,ARCH,skipped,3.00002284348011e-07,model does not implement synthetic-cycle training,,,,,,,,,,synthetic_full_cycle,synthetic_growth_cycles
BIM-09,OD,statistical,GARCH,skipped,3.00002284348011e-07,model does not implement synthetic-cycle training,,,,,,,,,,synthetic_full_cycle,synthetic_growth_cycles
BIM-09,OD,statistical,State_Space_Model,skipped,3.9998849388211966e-07,model does not implement synthetic-cycle training,,,,,,,,,,synthetic_full_cycle,synthetic_growth_cycles
BIM-09,OD,statistical,Dynamic_Linear_Model,skipped,2.00001522898674e-07,model does not implement synthetic-cycle training,,,,,,,,,,synthetic_full_cycle,synthetic_growth_cycles
BIM-09,OD,statistical,Kalman_Filter,skipped,1.9998697098344564e-07,model does not implement synthetic-cycle training,,,,,,,,,,synthetic_full_cycle,synthetic_growth_cycles
BIM-09,OD,statistical,BSTS_proxy,skipped,2.00001522898674e-07,model does not implement synthetic-cycle training,,,,,,,,,,synthetic_full_cycle,synthetic_growth_cycles
BIM-09,OD,biological,Exponential,skipped,4.00003045797348e-07,model does not implement synthetic-cycle training,,,,,,,,,,synthetic_full_cycle,synthetic_growth_cycles
BIM-09,OD,biological,Logistic,skipped,3.00002284348011e-07,model does not implement synthetic-cycle training,,,,,,,,,,synthetic_full_cycle,synthetic_growth_cycles
BIM-09,OD,biological,Gompertz,skipped,2.00001522898674e-07,model does not implement synthetic-cycle training,,,,,,,,,,synthetic_full_cycle,synthetic_growth_cycles
BIM-09,OD,biological,Richards,skipped,2.00001522898674e-07,model does not implement synthetic-cycle training,,,,,,,,,,synthetic_full_cycle,synthetic_growth_cycles
BIM-09,OD,biological,Verhulst,skipped,1.9998697098344564e-07,model does not implement synthetic-cycle training,,,,,,,,,,synthetic_full_cycle,synthetic_growth_cycles
BIM-09,OD,biological,Baranyi,skipped,3.00002284348011e-07,model does not implement synthetic-cycle training,,,,,,,,,,synthetic_full_cycle,synthetic_growth_cycles
BIM-09,OD,biological,Bertalanffy,skipped,2.00001522898674e-07,model does not implement synthetic-cycle training,,,,,,,,,,synthetic_full_cycle,synthetic_growth_cycles
BIM-09,OD,biological,Monod,skipped,2.00001522898674e-07,model does not implement synthetic-cycle training,,,,,,,,,,synthetic_full_cycle,synthetic_growth_cycles
BIM-09,OD,biological,Droop,skipped,3.00002284348011e-07,model does not implement synthetic-cycle training,,,,,,,,,,synthetic_full_cycle,synthetic_growth_cycles
BIM-09,OD,biological,Contois,skipped,4.00003045797348e-07,model does not implement synthetic-cycle training,,,,,,,,,,synthetic_full_cycle,synthetic_growth_cycles
BIM-09,OD,biological,Haldane,skipped,2.00001522898674e-07,model does not implement synthetic-cycle training,,,,,,,,,,synthetic_full_cycle,synthetic_growth_cycles
BIM-09,OD,biological,Andrews,skipped,1.9998697098344564e-07,model does not implement synthetic-cycle training,,,,,,,,,,synthetic_full_cycle,synthetic_growth_cycles
BIM-09,OD,biological,Tessier,skipped,2.00001522898674e-07,model does not implement synthetic-cycle training,,,,,,,,,,synthetic_full_cycle,synthetic_growth_cycles
BIM-09,OD,biological,Moser,skipped,2.00001522898674e-07,model does not implement synthetic-cycle training,,,,,,,,,,synthetic_full_cycle,synthetic_growth_cycles
BIM-09,OD,biological,Eilers_Peeters,skipped,3.00002284348011e-07,model does not implement synthetic-cycle training,,,,,,,,,,synthetic_full_cycle,synthetic_growth_cycles
BIM-09,OD,biological,Steele,skipped,1.9998697098344564e-07,model does not implement synthetic-cycle training,,,,,,,,,,synthetic_full_cycle,synthetic_growth_cycles
BIM-09,OD,biological,Photo_Limited,skipped,2.00001522898674e-07,model does not implement synthetic-cycle training,,,,,,,,,,synthetic_full_cycle,synthetic_growth_cycles
BIM-09,OD,biological,Photo_Inhibited,skipped,2.00001522898674e-07,model does not implement synthetic-cycle training,,,,,,,,,,synthetic_full_cycle,synthetic_growth_cycles
BIM-09,OD,biological,Cell_Mortality,skipped,2.00001522898674e-07,model does not implement synthetic-cycle training,,,,,,,,,,synthetic_full_cycle,synthetic_growth_cycles
BIM-09,OD,biological,Lotka_Volterra,skipped,3.00002284348011e-07,model does not implement synthetic-cycle training,,,,,,,,,,synthetic_full_cycle,synthetic_growth_cycles
BIM-09,OD,biological,Bioenergetic_Dynamic,skipped,2.00001522898674e-07,model does not implement synthetic-cycle training,,,,,,,,,,synthetic_full_cycle,synthetic_growth_cycles
BIM-09,OD,biological,Dynamic_Metabolic,skipped,2.00001522898674e-07,model does not implement synthetic-cycle training,,,,,,,,,,synthetic_full_cycle,synthetic_growth_cycles
BIM-09,OD,differential_equations,ODE_Logistic,skipped,2.00001522898674e-07,model does not implement synthetic-cycle training,,,,,,,,,,synthetic_full_cycle,synthetic_growth_cycles
BIM-09,OD,differential_equations,ODE_Monod_Chemostat,skipped,5.999900167807937e-07,model does not implement synthetic-cycle training,,,,,,,,,,synthetic_full_cycle,synthetic_growth_cycles
BIM-09,OD,differential_equations,Chemostat_Model,skipped,2.00001522898674e-07,model does not implement synthetic-cycle training,,,,,,,,,,synthetic_full_cycle,synthetic_growth_cycles
BIM-09,OD,differential_equations,PDE,skipped,4.00003045797348e-07,model does not implement synthetic-cycle training,,,,,,,,,,synthetic_full_cycle,synthetic_growth_cycles
BIM-09,OD,differential_equations,DDE,skipped,2.00001522898674e-07,model does not implement synthetic-cycle training,,,,,,,,,,synthetic_full_cycle,synthetic_growth_cycles
BIM-09,OD,differential_equations,Reaction_Diffusion,skipped,2.00001522898674e-07,model does not implement synthetic-cycle training,,,,,,,,,,synthetic_full_cycle,synthetic_growth_cycles
BIM-09,OD,differential_equations,Population_Balance_Model,skipped,2.00001522898674e-07,model does not implement synthetic-cycle training,,,,,,,,,,synthetic_full_cycle,synthetic_growth_cycles
BIM-09,OD,differential_equations,dFBA,skipped,2.00001522898674e-07,model does not implement synthetic-cycle training,,,,,,,,,,synthetic_full_cycle,synthetic_growth_cycles
BIM-09,OD,probabilistic,Hidden_Markov_Models,skipped,3.00002284348011e-07,model does not implement synthetic-cycle training,,,,,,,,,,synthetic_full_cycle,synthetic_growth_cycles
BIM-09,OD,probabilistic,Markov_Chains,skipped,4.00003045797348e-07,model does not implement synthetic-cycle training,,,,,,,,,,synthetic_full_cycle,synthetic_growth_cycles
BIM-09,OD,probabilistic,Semi_Markov,skipped,2.00001522898674e-07,model does not implement synthetic-cycle training,,,,,,,,,,synthetic_full_cycle,synthetic_growth_cycles
BIM-09,OD,probabilistic,Gaussian_Processes,skipped,4.00003045797348e-07,model does not implement synthetic-cycle training,,,,,,,,,,synthetic_full_cycle,synthetic_growth_cycles
BIM-09,OD,probabilistic,Bayesian_Networks,skipped,4.00003045797348e-07,model does not implement synthetic-cycle training,,,,,,,,,,synthetic_full_cycle,synthetic_growth_cycles
BIM-09,OD,probabilistic,Particle_Filters,skipped,6.999907782301307e-07,model does not implement synthetic-cycle training,,,,,,,,,,synthetic_full_cycle,synthetic_growth_cycles
BIM-09,OD,probabilistic,Monte_Carlo,skipped,7.00005330145359e-07,model does not implement synthetic-cycle training,,,,,,,,,,synthetic_full_cycle,synthetic_growth_cycles
BIM-09,OD,probabilistic,Sequential_Monte_Carlo,skipped,3.00002284348011e-07,model does not implement synthetic-cycle training,,,,,,,,,,synthetic_full_cycle,synthetic_growth_cycles
BIM-09,OD,probabilistic,Probabilistic_Graphical_Models,skipped,2.00001522898674e-07,model does not implement synthetic-cycle training,,,,,,,,,,synthetic_full_cycle,synthetic_growth_cycles
BIM-09,OD,machine_learning,Linear_Regression,skipped,3.00002284348011e-07,model does not implement synthetic-cycle training,,,,,,,,,,synthetic_full_cycle,synthetic_growth_cycles
BIM-09,OD,machine_learning,Polynomial_Regression,skipped,2.00001522898674e-07,model does not implement synthetic-cycle training,,,,,,,,,,synthetic_full_cycle,synthetic_growth_cycles
BIM-09,OD,machine_learning,Ridge,skipped,2.00001522898674e-07,model does not implement synthetic-cycle training,,,,,,,,,,synthetic_full_cycle,synthetic_growth_cycles
BIM-09,OD,machine_learning,Lasso,skipped,2.00001522898674e-07,model does not implement synthetic-cycle training,,,,,,,,,,synthetic_full_cycle,synthetic_growth_cycles
BIM-09,OD,machine_learning,Elastic_Net,skipped,2.00001522898674e-07,model does not implement synthetic-cycle training,,,,,,,,,,synthetic_full_cycle,synthetic_growth_cycles
BIM-09,OD,machine_learning,Decision_Trees,skipped,1.9998697098344564e-07,model does not implement synthetic-cycle training,,,,,,,,,,synthetic_full_cycle,synthetic_growth_cycles
BIM-09,OD,machine_learning,Random_Forest,skipped,2.00001522898674e-07,model does not implement synthetic-cycle training,,,,,,,,,,synthetic_full_cycle,synthetic_growth_cycles
BIM-09,OD,machine_learning,Extra_Trees,skipped,3.00002284348011e-07,model does not implement synthetic-cycle training,,,,,,,,,,synthetic_full_cycle,synthetic_growth_cycles
BIM-09,OD,machine_learning,Gradient_Boosting,skipped,1.9998697098344564e-07,model does not implement synthetic-cycle training,,,,,,,,,,synthetic_full_cycle,synthetic_growth_cycles
BIM-09,OD,machine_learning,AdaBoost,skipped,2.00001522898674e-07,model does not implement synthetic-cycle training,,,,,,,,,,synthetic_full_cycle,synthetic_growth_cycles
BIM-09,OD,machine_learning,XGBoost,skipped,1.9998697098344564e-07,model does not implement synthetic-cycle training,,,,,,,,,,synthetic_full_cycle,synthetic_growth_cycles
BIM-09,OD,machine_learning,LightGBM,skipped,2.00001522898674e-07,model does not implement synthetic-cycle training,,,,,,,,,,synthetic_full_cycle,synthetic_growth_cycles
BIM-09,OD,machine_learning,CatBoost,skipped,2.00001522898674e-07,model does not implement synthetic-cycle training,,,,,,,,,,synthetic_full_cycle,synthetic_growth_cycles
BIM-09,OD,machine_learning,SVR,skipped,2.00001522898674e-07,model does not implement synthetic-cycle training,,,,,,,,,,synthetic_full_cycle,synthetic_growth_cycles
BIM-09,OD,machine_learning,KNN,skipped,2.00001522898674e-07,model does not implement synthetic-cycle training,,,,,,,,,,synthetic_full_cycle,synthetic_growth_cycles
BIM-09,OD,machine_learning,Gaussian_Process_Regression,skipped,2.00001522898674e-07,model does not implement synthetic-cycle training,,,,,,,,,,synthetic_full_cycle,synthetic_growth_cycles
BIM-09,OD,machine_learning,PLS,skipped,2.00001522898674e-07,model does not implement synthetic-cycle training,,,,,,,,,,synthetic_full_cycle,synthetic_growth_cycles
BIM-09,OD,machine_learning,PCR,skipped,2.00001522898674e-07,model does not implement synthetic-cycle training,,,,,,,,,,synthetic_full_cycle,synthetic_growth_cycles
BIM-09,OD,deep_learning,MLP,skipped,2.00001522898674e-07,model does not implement synthetic-cycle training,,,,,,,,,,synthetic_full_cycle,synthetic_growth_cycles
BIM-09,OD,deep_learning,RNN,skipped,3.9998849388211966e-07,model does not implement synthetic-cycle training,,,,,,,,,,synthetic_full_cycle,synthetic_growth_cycles
BIM-09,OD,deep_learning,LSTM,skipped,3.00002284348011e-07,model does not implement synthetic-cycle training,,,,,,,,,,synthetic_full_cycle,synthetic_growth_cycles
BIM-09,OD,deep_learning,Bidirectional_LSTM,skipped,3.00002284348011e-07,model does not implement synthetic-cycle training,,,,,,,,,,synthetic_full_cycle,synthetic_growth_cycles
BIM-09,OD,deep_learning,GRU,skipped,2.00001522898674e-07,model does not implement synthetic-cycle training,,,,,,,,,,synthetic_full_cycle,synthetic_growth_cycles
BIM-09,OD,deep_learning,CNN_temporal,skipped,2.00001522898674e-07,model does not implement synthetic-cycle training,,,,,,,,,,synthetic_full_cycle,synthetic_growth_cycles
BIM-09,OD,deep_learning,Seq2Seq,skipped,2.00001522898674e-07,model does not implement synthetic-cycle training,,,,,,,,,,synthetic_full_cycle,synthetic_growth_cycles
BIM-09,OD,deep_learning,TCN,skipped,3.00002284348011e-07,model does not implement synthetic-cycle training,,,,,,,,,,synthetic_full_cycle,synthetic_growth_cycles
BIM-09,OD,deep_learning,DeepAR,skipped,2.00001522898674e-07,model does not implement synthetic-cycle training,,,,,,,,,,synthetic_full_cycle,synthetic_growth_cycles
BIM-09,OD,deep_learning,N_BEATS,skipped,1.9998697098344564e-07,model does not implement synthetic-cycle training,,,,,,,,,,synthetic_full_cycle,synthetic_growth_cycles
BIM-09,OD,deep_learning,N_HiTS,skipped,2.00001522898674e-07,model does not implement synthetic-cycle training,,,,,,,,,,synthetic_full_cycle,synthetic_growth_cycles
BIM-09,OD,deep_learning,TFT,skipped,2.00001522898674e-07,model does not implement synthetic-cycle training,,,,,,,,,,synthetic_full_cycle,synthetic_growth_cycles
BIM-09,OD,deep_learning,Temporal_Transformers,skipped,5.999900167807937e-07,model does not implement synthetic-cycle training,,,,,,,,,,synthetic_full_cycle,synthetic_growth_cycles
BIM-09,OD,deep_learning,Informer,skipped,5.00003807246685e-07,model does not implement synthetic-cycle training,,,,,,,,,,synthetic_full_cycle,synthetic_growth_cycles
BIM-09,OD,deep_learning,Autoformer,skipped,4.00003045797348e-07,model does not implement synthetic-cycle training,,,,,,,,,,synthetic_full_cycle,synthetic_growth_cycles
BIM-09,OD,deep_learning,PatchTST,skipped,4.999892553314567e-07,model does not implement synthetic-cycle training,,,,,,,,,,synthetic_full_cycle,synthetic_growth_cycles
BIM-09,OD,hybrid,ARIMA_XGBoost,skipped,5.00003807246685e-07,model does not implement synthetic-cycle training,,,,,,,,,,synthetic_full_cycle,synthetic_growth_cycles
BIM-09,OD,hybrid,SARIMA_LSTM,skipped,3.00002284348011e-07,model does not implement synthetic-cycle training,,,,,,,,,,synthetic_full_cycle,synthetic_growth_cycles
BIM-09,OD,hybrid,ODE_ML,skipped,5.00003807246685e-07,model does not implement synthetic-cycle training,,,,,,,,,,synthetic_full_cycle,synthetic_growth_cycles
BIM-09,OD,hybrid,Gompertz_Random_Forest,skipped,7.999915396794677e-07,model does not implement synthetic-cycle training,,,,,,,,,,synthetic_full_cycle,synthetic_growth_cycles
BIM-09,OD,hybrid,Monod_Neural_Networks,skipped,4.00003045797348e-07,model does not implement synthetic-cycle training,,,,,,,,,,synthetic_full_cycle,synthetic_growth_cycles
BIM-09,OD,hybrid,Kalman_LSTM,skipped,4.00003045797348e-07,model does not implement synthetic-cycle training,,,,,,,,,,synthetic_full_cycle,synthetic_growth_cycles
BIM-09,OD,hybrid,PINNs,skipped,3.00002284348011e-07,model does not implement synthetic-cycle training,,,,,,,,,,synthetic_full_cycle,synthetic_growth_cycles
BIM-09,OD,hybrid,Neural_ODEs,skipped,3.9998849388211966e-07,model does not implement synthetic-cycle training,,,,,,,,,,synthetic_full_cycle,synthetic_growth_cycles
BIM-09,OD,hybrid,Digital_Twin_Hybrid,skipped,5.00003807246685e-07,model does not implement synthetic-cycle training,,,,,,,,,,synthetic_full_cycle,synthetic_growth_cycles
BIM-12,OD,classical,Naive_Last,skipped,2.7000060072168708e-06,model does not implement synthetic-cycle training,,,,,,,,,,synthetic_full_cycle,synthetic_growth_cycles
BIM-12,OD,classical,Moving_Average,skipped,6.00004568696022e-07,model does not implement synthetic-cycle training,,,,,,,,,,synthetic_full_cycle,synthetic_growth_cycles
BIM-12,OD,classical,Weighted_Moving_Average,skipped,6.00004568696022e-07,model does not implement synthetic-cycle training,,,,,,,,,,synthetic_full_cycle,synthetic_growth_cycles
BIM-12,OD,classical,Drift,skipped,3.9998849388211966e-07,model does not implement synthetic-cycle training,,,,,,,,,,synthetic_full_cycle,synthetic_growth_cycles
BIM-12,OD,classical,Exponential_Smoothing,skipped,3.9998849388211966e-07,model does not implement synthetic-cycle training,,,,,,,,,,synthetic_full_cycle,synthetic_growth_cycles
BIM-12,OD,classical,Holt,skipped,2.00001522898674e-07,model does not implement synthetic-cycle training,,,,,,,,,,synthetic_full_cycle,synthetic_growth_cycles
BIM-12,OD,classical,Holt_Winters_Additive,skipped,2.00001522898674e-07,model does not implement synthetic-cycle training,,,,,,,,,,synthetic_full_cycle,synthetic_growth_cycles
BIM-12,OD,classical,Holt_Winters_Multiplicative,skipped,2.00001522898674e-07,model does not implement synthetic-cycle training,,,,,,,,,,synthetic_full_cycle,synthetic_growth_cycles
BIM-12,OD,classical,Brown_Double_Exponential,skipped,2.00001522898674e-07,model does not implement synthetic-cycle training,,,,,,,,,,synthetic_full_cycle,synthetic_growth_cycles
BIM-12,OD,classical,Winters,skipped,2.00001522898674e-07,model does not implement synthetic-cycle training,,,,,,,,,,synthetic_full_cycle,synthetic_growth_cycles
BIM-12,OD,classical,Croston,skipped,4.00003045797348e-07,model does not implement synthetic-cycle training,,,,,,,,,,synthetic_full_cycle,synthetic_growth_cycles
BIM-12,OD,classical,Theta_Method,skipped,2.00001522898674e-07,model does not implement synthetic-cycle training,,,,,,,,,,synthetic_full_cycle,synthetic_growth_cycles
BIM-12,OD,statistical,AR,skipped,4.00003045797348e-07,model does not implement synthetic-cycle training,,,,,,,,,,synthetic_full_cycle,synthetic_growth_cycles
BIM-12,OD,statistical,MA,skipped,1.9998697098344564e-07,model does not implement synthetic-cycle training,,,,,,,,,,synthetic_full_cycle,synthetic_growth_cycles
BIM-12,OD,statistical,ARMA,skipped,2.00001522898674e-07,model does not implement synthetic-cycle training,,,,,,,,,,synthetic_full_cycle,synthetic_growth_cycles
BIM-12,OD,statistical,ARIMA,skipped,2.00001522898674e-07,model does not implement synthetic-cycle training,,,,,,,,,,synthetic_full_cycle,synthetic_growth_cycles
BIM-12,OD,statistical,SARIMA,skipped,2.00001522898674e-07,model does not implement synthetic-cycle training,,,,,,,,,,synthetic_full_cycle,synthetic_growth_cycles
BIM-12,OD,statistical,ARIMAX,skipped,2.00001522898674e-07,model does not implement synthetic-cycle training,,,,,,,,,,synthetic_full_cycle,synthetic_growth_cycles
BIM-12,OD,statistical,SARIMAX,skipped,3.00002284348011e-07,model does not implement synthetic-cycle training,,,,,,,,,,synthetic_full_cycle,synthetic_growth_cycles
BIM-12,OD,statistical,VAR,skipped,3.9998849388211966e-07,model does not implement synthetic-cycle training,,,,,,,,,,synthetic_full_cycle,synthetic_growth_cycles
BIM-12,OD,statistical,VARMAX,skipped,1.9998697098344564e-07,model does not implement synthetic-cycle training,,,,,,,,,,synthetic_full_cycle,synthetic_growth_cycles
BIM-12,OD,statistical,VECM,skipped,2.00001522898674e-07,model does not implement synthetic-cycle training,,,,,,,,,,synthetic_full_cycle,synthetic_growth_cycles
BIM-12,OD,statistical,ARCH,skipped,4.00003045797348e-07,model does not implement synthetic-cycle training,,,,,,,,,,synthetic_full_cycle,synthetic_growth_cycles
BIM-12,OD,statistical,GARCH,skipped,2.00001522898674e-07,model does not implement synthetic-cycle training,,,,,,,,,,synthetic_full_cycle,synthetic_growth_cycles
BIM-12,OD,statistical,State_Space_Model,skipped,4.00003045797348e-07,model does not implement synthetic-cycle training,,,,,,,,,,synthetic_full_cycle,synthetic_growth_cycles
BIM-12,OD,statistical,Dynamic_Linear_Model,skipped,2.00001522898674e-07,model does not implement synthetic-cycle training,,,,,,,,,,synthetic_full_cycle,synthetic_growth_cycles
BIM-12,OD,statistical,Kalman_Filter,skipped,4.00003045797348e-07,model does not implement synthetic-cycle training,,,,,,,,,,synthetic_full_cycle,synthetic_growth_cycles
BIM-12,OD,statistical,BSTS_proxy,skipped,2.00001522898674e-07,model does not implement synthetic-cycle training,,,,,,,,,,synthetic_full_cycle,synthetic_growth_cycles
BIM-12,OD,biological,Exponential,skipped,5.00003807246685e-07,model does not implement synthetic-cycle training,,,,,,,,,,synthetic_full_cycle,synthetic_growth_cycles
BIM-12,OD,biological,Logistic,skipped,3.00002284348011e-07,model does not implement synthetic-cycle training,,,,,,,,,,synthetic_full_cycle,synthetic_growth_cycles
BIM-12,OD,biological,Gompertz,skipped,2.00001522898674e-07,model does not implement synthetic-cycle training,,,,,,,,,,synthetic_full_cycle,synthetic_growth_cycles
BIM-12,OD,biological,Richards,skipped,3.00002284348011e-07,model does not implement synthetic-cycle training,,,,,,,,,,synthetic_full_cycle,synthetic_growth_cycles
BIM-12,OD,biological,Verhulst,skipped,2.00001522898674e-07,model does not implement synthetic-cycle training,,,,,,,,,,synthetic_full_cycle,synthetic_growth_cycles
BIM-12,OD,biological,Baranyi,skipped,3.00002284348011e-07,model does not implement synthetic-cycle training,,,,,,,,,,synthetic_full_cycle,synthetic_growth_cycles
BIM-12,OD,biological,Bertalanffy,skipped,3.00002284348011e-07,model does not implement synthetic-cycle training,,,,,,,,,,synthetic_full_cycle,synthetic_growth_cycles
BIM-12,OD,biological,Monod,skipped,2.9998773243278265e-07,model does not implement synthetic-cycle training,,,,,,,,,,synthetic_full_cycle,synthetic_growth_cycles
BIM-12,OD,biological,Droop,skipped,2.9998773243278265e-07,model does not implement synthetic-cycle training,,,,,,,,,,synthetic_full_cycle,synthetic_growth_cycles
BIM-12,OD,biological,Contois,skipped,2.9998773243278265e-07,model does not implement synthetic-cycle training,,,,,,,,,,synthetic_full_cycle,synthetic_growth_cycles
BIM-12,OD,biological,Haldane,skipped,2.00001522898674e-07,model does not implement synthetic-cycle training,,,,,,,,,,synthetic_full_cycle,synthetic_growth_cycles
BIM-12,OD,biological,Andrews,skipped,2.00001522898674e-07,model does not implement synthetic-cycle training,,,,,,,,,,synthetic_full_cycle,synthetic_growth_cycles
BIM-12,OD,biological,Tessier,skipped,2.00001522898674e-07,model does not implement synthetic-cycle training,,,,,,,,,,synthetic_full_cycle,synthetic_growth_cycles
BIM-12,OD,biological,Moser,skipped,2.00001522898674e-07,model does not implement synthetic-cycle training,,,,,,,,,,synthetic_full_cycle,synthetic_growth_cycles
BIM-12,OD,biological,Eilers_Peeters,skipped,3.00002284348011e-07,model does not implement synthetic-cycle training,,,,,,,,,,synthetic_full_cycle,synthetic_growth_cycles
BIM-12,OD,biological,Steele,skipped,1.9998697098344564e-07,model does not implement synthetic-cycle training,,,,,,,,,,synthetic_full_cycle,synthetic_growth_cycles
BIM-12,OD,biological,Photo_Limited,skipped,2.00001522898674e-07,model does not implement synthetic-cycle training,,,,,,,,,,synthetic_full_cycle,synthetic_growth_cycles
BIM-12,OD,biological,Photo_Inhibited,skipped,2.00001522898674e-07,model does not implement synthetic-cycle training,,,,,,,,,,synthetic_full_cycle,synthetic_growth_cycles
BIM-12,OD,biological,Cell_Mortality,skipped,2.00001522898674e-07,model does not implement synthetic-cycle training,,,,,,,,,,synthetic_full_cycle,synthetic_growth_cycles
BIM-12,OD,biological,Lotka_Volterra,skipped,2.00001522898674e-07,model does not implement synthetic-cycle training,,,,,,,,,,synthetic_full_cycle,synthetic_growth_cycles
BIM-12,OD,biological,Bioenergetic_Dynamic,skipped,2.00001522898674e-07,model does not implement synthetic-cycle training,,,,,,,,,,synthetic_full_cycle,synthetic_growth_cycles
BIM-12,OD,biological,Dynamic_Metabolic,skipped,3.00002284348011e-07,model does not implement synthetic-cycle training,,,,,,,,,,synthetic_full_cycle,synthetic_growth_cycles
BIM-12,OD,differential_equations,ODE_Logistic,skipped,2.00001522898674e-07,model does not implement synthetic-cycle training,,,,,,,,,,synthetic_full_cycle,synthetic_growth_cycles
BIM-12,OD,differential_equations,ODE_Monod_Chemostat,skipped,2.00001522898674e-07,model does not implement synthetic-cycle training,,,,,,,,,,synthetic_full_cycle,synthetic_growth_cycles
BIM-12,OD,differential_equations,Chemostat_Model,skipped,2.00001522898674e-07,model does not implement synthetic-cycle training,,,,,,,,,,synthetic_full_cycle,synthetic_growth_cycles
BIM-12,OD,differential_equations,PDE,skipped,5.00003807246685e-07,model does not implement synthetic-cycle training,,,,,,,,,,synthetic_full_cycle,synthetic_growth_cycles
BIM-12,OD,differential_equations,DDE,skipped,2.00001522898674e-07,model does not implement synthetic-cycle training,,,,,,,,,,synthetic_full_cycle,synthetic_growth_cycles
BIM-12,OD,differential_equations,Reaction_Diffusion,skipped,2.00001522898674e-07,model does not implement synthetic-cycle training,,,,,,,,,,synthetic_full_cycle,synthetic_growth_cycles
BIM-12,OD,differential_equations,Population_Balance_Model,skipped,2.00001522898674e-07,model does not implement synthetic-cycle training,,,,,,,,,,synthetic_full_cycle,synthetic_growth_cycles
BIM-12,OD,differential_equations,dFBA,skipped,2.00001522898674e-07,model does not implement synthetic-cycle training,,,,,,,,,,synthetic_full_cycle,synthetic_growth_cycles
BIM-12,OD,probabilistic,Hidden_Markov_Models,skipped,3.00002284348011e-07,model does not implement synthetic-cycle training,,,,,,,,,,synthetic_full_cycle,synthetic_growth_cycles
BIM-12,OD,probabilistic,Markov_Chains,skipped,5.00003807246685e-07,model does not implement synthetic-cycle training,,,,,,,,,,synthetic_full_cycle,synthetic_growth_cycles
BIM-12,OD,probabilistic,Semi_Markov,skipped,1.9998697098344564e-07,model does not implement synthetic-cycle training,,,,,,,,,,synthetic_full_cycle,synthetic_growth_cycles
BIM-12,OD,probabilistic,Gaussian_Processes,skipped,7.00005330145359e-07,model does not implement synthetic-cycle training,,,,,,,,,,synthetic_full_cycle,synthetic_growth_cycles
BIM-12,OD,probabilistic,Bayesian_Networks,skipped,2.00001522898674e-07,model does not implement synthetic-cycle training,,,,,,,,,,synthetic_full_cycle,synthetic_growth_cycles
BIM-12,OD,probabilistic,Particle_Filters,skipped,3.00002284348011e-07,model does not implement synthetic-cycle training,,,,,,,,,,synthetic_full_cycle,synthetic_growth_cycles
BIM-12,OD,probabilistic,Monte_Carlo,skipped,7.999915396794677e-07,model does not implement synthetic-cycle training,,,,,,,,,,synthetic_full_cycle,synthetic_growth_cycles
BIM-12,OD,probabilistic,Sequential_Monte_Carlo,skipped,4.00003045797348e-07,model does not implement synthetic-cycle training,,,,,,,,,,synthetic_full_cycle,synthetic_growth_cycles
BIM-12,OD,probabilistic,Probabilistic_Graphical_Models,skipped,2.00001522898674e-07,model does not implement synthetic-cycle training,,,,,,,,,,synthetic_full_cycle,synthetic_growth_cycles
BIM-12,OD,machine_learning,Linear_Regression,skipped,3.00002284348011e-07,model does not implement synthetic-cycle training,,,,,,,,,,synthetic_full_cycle,synthetic_growth_cycles
BIM-12,OD,machine_learning,Polynomial_Regression,skipped,2.00001522898674e-07,model does not implement synthetic-cycle training,,,,,,,,,,synthetic_full_cycle,synthetic_growth_cycles
BIM-12,OD,machine_learning,Ridge,skipped,1.9998697098344564e-07,model does not implement synthetic-cycle training,,,,,,,,,,synthetic_full_cycle,synthetic_growth_cycles
BIM-12,OD,machine_learning,Lasso,skipped,2.00001522898674e-07,model does not implement synthetic-cycle training,,,,,,,,,,synthetic_full_cycle,synthetic_growth_cycles
BIM-12,OD,machine_learning,Elastic_Net,skipped,2.00001522898674e-07,model does not implement synthetic-cycle training,,,,,,,,,,synthetic_full_cycle,synthetic_growth_cycles
BIM-12,OD,machine_learning,Decision_Trees,skipped,2.00001522898674e-07,model does not implement synthetic-cycle training,,,,,,,,,,synthetic_full_cycle,synthetic_growth_cycles
BIM-12,OD,machine_learning,Random_Forest,skipped,4.00003045797348e-07,model does not implement synthetic-cycle training,,,,,,,,,,synthetic_full_cycle,synthetic_growth_cycles
BIM-12,OD,machine_learning,Extra_Trees,skipped,2.00001522898674e-07,model does not implement synthetic-cycle training,,,,,,,,,,synthetic_full_cycle,synthetic_growth_cycles
BIM-12,OD,machine_learning,Gradient_Boosting,skipped,2.00001522898674e-07,model does not implement synthetic-cycle training,,,,,,,,,,synthetic_full_cycle,synthetic_growth_cycles
BIM-12,OD,machine_learning,AdaBoost,skipped,2.00001522898674e-07,model does not implement synthetic-cycle training,,,,,,,,,,synthetic_full_cycle,synthetic_growth_cycles
BIM-12,OD,machine_learning,XGBoost,skipped,3.00002284348011e-07,model does not implement synthetic-cycle training,,,,,,,,,,synthetic_full_cycle,synthetic_growth_cycles
BIM-12,OD,machine_learning,LightGBM,skipped,2.00001522898674e-07,model does not implement synthetic-cycle training,,,,,,,,,,synthetic_full_cycle,synthetic_growth_cycles
BIM-12,OD,machine_learning,CatBoost,skipped,1.9998697098344564e-07,model does not implement synthetic-cycle training,,,,,,,,,,synthetic_full_cycle,synthetic_growth_cycles
BIM-12,OD,machine_learning,SVR,skipped,2.00001522898674e-07,model does not implement synthetic-cycle training,,,,,,,,,,synthetic_full_cycle,synthetic_growth_cycles
BIM-12,OD,machine_learning,KNN,skipped,2.00001522898674e-07,model does not implement synthetic-cycle training,,,,,,,,,,synthetic_full_cycle,synthetic_growth_cycles
BIM-12,OD,machine_learning,Gaussian_Process_Regression,skipped,2.00001522898674e-07,model does not implement synthetic-cycle training,,,,,,,,,,synthetic_full_cycle,synthetic_growth_cycles
BIM-12,OD,machine_learning,PLS,skipped,2.9998773243278265e-07,model does not implement synthetic-cycle training,,,,,,,,,,synthetic_full_cycle,synthetic_growth_cycles
BIM-12,OD,machine_learning,PCR,skipped,2.00001522898674e-07,model does not implement synthetic-cycle training,,,,,,,,,,synthetic_full_cycle,synthetic_growth_cycles
BIM-12,OD,deep_learning,MLP,skipped,3.00002284348011e-07,model does not implement synthetic-cycle training,,,,,,,,,,synthetic_full_cycle,synthetic_growth_cycles
BIM-12,OD,deep_learning,RNN,skipped,4.00003045797348e-07,model does not implement synthetic-cycle training,,,,,,,,,,synthetic_full_cycle,synthetic_growth_cycles
BIM-12,OD,deep_learning,LSTM,skipped,2.00001522898674e-07,model does not implement synthetic-cycle training,,,,,,,,,,synthetic_full_cycle,synthetic_growth_cycles
BIM-12,OD,deep_learning,Bidirectional_LSTM,skipped,2.00001522898674e-07,model does not implement synthetic-cycle training,,,,,,,,,,synthetic_full_cycle,synthetic_growth_cycles
BIM-12,OD,deep_learning,GRU,skipped,5.999900167807937e-07,model does not implement synthetic-cycle training,,,,,,,,,,synthetic_full_cycle,synthetic_growth_cycles
BIM-12,OD,deep_learning,CNN_temporal,skipped,2.00001522898674e-07,model does not implement synthetic-cycle training,,,,,,,,,,synthetic_full_cycle,synthetic_growth_cycles
BIM-12,OD,deep_learning,Seq2Seq,skipped,2.00001522898674e-07,model does not implement synthetic-cycle training,,,,,,,,,,synthetic_full_cycle,synthetic_growth_cycles
BIM-12,OD,deep_learning,TCN,skipped,2.00001522898674e-07,model does not implement synthetic-cycle training,,,,,,,,,,synthetic_full_cycle,synthetic_growth_cycles
BIM-12,OD,deep_learning,DeepAR,skipped,3.00002284348011e-07,model does not implement synthetic-cycle training,,,,,,,,,,synthetic_full_cycle,synthetic_growth_cycles
BIM-12,OD,deep_learning,N_BEATS,skipped,2.00001522898674e-07,model does not implement synthetic-cycle training,,,,,,,,,,synthetic_full_cycle,synthetic_growth_cycles
BIM-12,OD,deep_learning,N_HiTS,skipped,2.00001522898674e-07,model does not implement synthetic-cycle training,,,,,,,,,,synthetic_full_cycle,synthetic_growth_cycles
BIM-12,OD,deep_learning,TFT,skipped,2.00001522898674e-07,model does not implement synthetic-cycle training,,,,,,,,,,synthetic_full_cycle,synthetic_growth_cycles
BIM-12,OD,deep_learning,Temporal_Transformers,skipped,2.00001522898674e-07,model does not implement synthetic-cycle training,,,,,,,,,,synthetic_full_cycle,synthetic_growth_cycles
BIM-12,OD,deep_learning,Informer,skipped,2.00001522898674e-07,model does not implement synthetic-cycle training,,,,,,,,,,synthetic_full_cycle,synthetic_growth_cycles
BIM-12,OD,deep_learning,Autoformer,skipped,2.00001522898674e-07,model does not implement synthetic-cycle training,,,,,,,,,,synthetic_full_cycle,synthetic_growth_cycles
BIM-12,OD,deep_learning,PatchTST,skipped,3.00002284348011e-07,model does not implement synthetic-cycle training,,,,,,,,,,synthetic_full_cycle,synthetic_growth_cycles
BIM-12,OD,hybrid,ARIMA_XGBoost,skipped,3.00002284348011e-07,model does not implement synthetic-cycle training,,,,,,,,,,synthetic_full_cycle,synthetic_growth_cycles
BIM-12,OD,hybrid,SARIMA_LSTM,skipped,3.00002284348011e-07,model does not implement synthetic-cycle training,,,,,,,,,,synthetic_full_cycle,synthetic_growth_cycles
BIM-12,OD,hybrid,ODE_ML,skipped,5.00003807246685e-07,model does not implement synthetic-cycle training,,,,,,,,,,synthetic_full_cycle,synthetic_growth_cycles
BIM-12,OD,hybrid,Gompertz_Random_Forest,skipped,4.00003045797348e-07,model does not implement synthetic-cycle training,,,,,,,,,,synthetic_full_cycle,synthetic_growth_cycles
BIM-12,OD,hybrid,Monod_Neural_Networks,skipped,2.00001522898674e-07,model does not implement synthetic-cycle training,,,,,,,,,,synthetic_full_cycle,synthetic_growth_cycles
BIM-12,OD,hybrid,Kalman_LSTM,skipped,2.00001522898674e-07,model does not implement synthetic-cycle training,,,,,,,,,,synthetic_full_cycle,synthetic_growth_cycles
BIM-12,OD,hybrid,PINNs,skipped,1.9998697098344564e-07,model does not implement synthetic-cycle training,,,,,,,,,,synthetic_full_cycle,synthetic_growth_cycles
BIM-12,OD,hybrid,Neural_ODEs,skipped,2.00001522898674e-07,model does not implement synthetic-cycle training,,,,,,,,,,synthetic_full_cycle,synthetic_growth_cycles
BIM-12,OD,hybrid,Digital_Twin_Hybrid,skipped,2.00001522898674e-07,model does not implement synthetic-cycle training,,,,,,,,,,synthetic_full_cycle,synthetic_growth_cycles
BIM-13,OD,classical,Naive_Last,skipped,2.6000052457675338e-06,model does not implement synthetic-cycle training,,,,,,,,,,synthetic_full_cycle,synthetic_growth_cycles
BIM-13,OD,classical,Moving_Average,skipped,7.999915396794677e-07,model does not implement synthetic-cycle training,,,,,,,,,,synthetic_full_cycle,synthetic_growth_cycles
BIM-13,OD,classical,Weighted_Moving_Average,skipped,5.00003807246685e-07,model does not implement synthetic-cycle training,,,,,,,,,,synthetic_full_cycle,synthetic_growth_cycles
BIM-13,OD,classical,Drift,skipped,5.00003807246685e-07,model does not implement synthetic-cycle training,,,,,,,,,,synthetic_full_cycle,synthetic_growth_cycles
BIM-13,OD,classical,Exponential_Smoothing,skipped,5.00003807246685e-07,model does not implement synthetic-cycle training,,,,,,,,,,synthetic_full_cycle,synthetic_growth_cycles
BIM-13,OD,classical,Holt,skipped,2.00001522898674e-07,model does not implement synthetic-cycle training,,,,,,,,,,synthetic_full_cycle,synthetic_growth_cycles
BIM-13,OD,classical,Holt_Winters_Additive,skipped,2.00001522898674e-07,model does not implement synthetic-cycle training,,,,,,,,,,synthetic_full_cycle,synthetic_growth_cycles
BIM-13,OD,classical,Holt_Winters_Multiplicative,skipped,3.00002284348011e-07,model does not implement synthetic-cycle training,,,,,,,,,,synthetic_full_cycle,synthetic_growth_cycles
BIM-13,OD,classical,Brown_Double_Exponential,skipped,2.00001522898674e-07,model does not implement synthetic-cycle training,,,,,,,,,,synthetic_full_cycle,synthetic_growth_cycles
BIM-13,OD,classical,Winters,skipped,3.00002284348011e-07,model does not implement synthetic-cycle training,,,,,,,,,,synthetic_full_cycle,synthetic_growth_cycles
BIM-13,OD,classical,Croston,skipped,3.9998849388211966e-07,model does not implement synthetic-cycle training,,,,,,,,,,synthetic_full_cycle,synthetic_growth_cycles
BIM-13,OD,classical,Theta_Method,skipped,3.00002284348011e-07,model does not implement synthetic-cycle training,,,,,,,,,,synthetic_full_cycle,synthetic_growth_cycles
BIM-13,OD,statistical,AR,skipped,5.00003807246685e-07,model does not implement synthetic-cycle training,,,,,,,,,,synthetic_full_cycle,synthetic_growth_cycles
BIM-13,OD,statistical,MA,skipped,4.00003045797348e-07,model does not implement synthetic-cycle training,,,,,,,,,,synthetic_full_cycle,synthetic_growth_cycles
BIM-13,OD,statistical,ARMA,skipped,3.00002284348011e-07,model does not implement synthetic-cycle training,,,,,,,,,,synthetic_full_cycle,synthetic_growth_cycles
BIM-13,OD,statistical,ARIMA,skipped,2.00001522898674e-07,model does not implement synthetic-cycle training,,,,,,,,,,synthetic_full_cycle,synthetic_growth_cycles
BIM-13,OD,statistical,SARIMA,skipped,3.00002284348011e-07,model does not implement synthetic-cycle training,,,,,,,,,,synthetic_full_cycle,synthetic_growth_cycles
BIM-13,OD,statistical,ARIMAX,skipped,3.00002284348011e-07,model does not implement synthetic-cycle training,,,,,,,,,,synthetic_full_cycle,synthetic_growth_cycles
BIM-13,OD,statistical,SARIMAX,skipped,2.9998773243278265e-07,model does not implement synthetic-cycle training,,,,,,,,,,synthetic_full_cycle,synthetic_growth_cycles
BIM-13,OD,statistical,VAR,skipped,4.00003045797348e-07,model does not implement synthetic-cycle training,,,,,,,,,,synthetic_full_cycle,synthetic_growth_cycles
BIM-13,OD,statistical,VARMAX,skipped,2.00001522898674e-07,model does not implement synthetic-cycle training,,,,,,,,,,synthetic_full_cycle,synthetic_growth_cycles
BIM-13,OD,statistical,VECM,skipped,2.00001522898674e-07,model does not implement synthetic-cycle training,,,,,,,,,,synthetic_full_cycle,synthetic_growth_cycles
BIM-13,OD,statistical,ARCH,skipped,3.00002284348011e-07,model does not implement synthetic-cycle training,,,,,,,,,,synthetic_full_cycle,synthetic_growth_cycles
BIM-13,OD,statistical,GARCH,skipped,3.00002284348011e-07,model does not implement synthetic-cycle training,,,,,,,,,,synthetic_full_cycle,synthetic_growth_cycles
BIM-13,OD,statistical,State_Space_Model,skipped,3.00002284348011e-07,model does not implement synthetic-cycle training,,,,,,,,,,synthetic_full_cycle,synthetic_growth_cycles
BIM-13,OD,statistical,Dynamic_Linear_Model,skipped,2.00001522898674e-07,model does not implement synthetic-cycle training,,,,,,,,,,synthetic_full_cycle,synthetic_growth_cycles
BIM-13,OD,statistical,Kalman_Filter,skipped,3.00002284348011e-07,model does not implement synthetic-cycle training,,,,,,,,,,synthetic_full_cycle,synthetic_growth_cycles
BIM-13,OD,statistical,BSTS_proxy,skipped,3.00002284348011e-07,model does not implement synthetic-cycle training,,,,,,,,,,synthetic_full_cycle,synthetic_growth_cycles
BIM-13,OD,biological,Exponential,skipped,4.00003045797348e-07,model does not implement synthetic-cycle training,,,,,,,,,,synthetic_full_cycle,synthetic_growth_cycles
BIM-13,OD,biological,Logistic,skipped,2.00001522898674e-07,model does not implement synthetic-cycle training,,,,,,,,,,synthetic_full_cycle,synthetic_growth_cycles
BIM-13,OD,biological,Gompertz,skipped,2.00001522898674e-07,model does not implement synthetic-cycle training,,,,,,,,,,synthetic_full_cycle,synthetic_growth_cycles
BIM-13,OD,biological,Richards,skipped,4.00003045797348e-07,model does not implement synthetic-cycle training,,,,,,,,,,synthetic_full_cycle,synthetic_growth_cycles
BIM-13,OD,biological,Verhulst,skipped,2.00001522898674e-07,model does not implement synthetic-cycle training,,,,,,,,,,synthetic_full_cycle,synthetic_growth_cycles
BIM-13,OD,biological,Baranyi,skipped,2.00001522898674e-07,model does not implement synthetic-cycle training,,,,,,,,,,synthetic_full_cycle,synthetic_growth_cycles
BIM-13,OD,biological,Bertalanffy,skipped,3.00002284348011e-07,model does not implement synthetic-cycle training,,,,,,,,,,synthetic_full_cycle,synthetic_growth_cycles
BIM-13,OD,biological,Monod,skipped,2.00001522898674e-07,model does not implement synthetic-cycle training,,,,,,,,,,synthetic_full_cycle,synthetic_growth_cycles
BIM-13,OD,biological,Droop,skipped,5.00003807246685e-07,model does not implement synthetic-cycle training,,,,,,,,,,synthetic_full_cycle,synthetic_growth_cycles
BIM-13,OD,biological,Contois,skipped,3.00002284348011e-07,model does not implement synthetic-cycle training,,,,,,,,,,synthetic_full_cycle,synthetic_growth_cycles
BIM-13,OD,biological,Haldane,skipped,2.00001522898674e-07,model does not implement synthetic-cycle training,,,,,,,,,,synthetic_full_cycle,synthetic_growth_cycles
BIM-13,OD,biological,Andrews,skipped,2.00001522898674e-07,model does not implement synthetic-cycle training,,,,,,,,,,synthetic_full_cycle,synthetic_growth_cycles
BIM-13,OD,biological,Tessier,skipped,2.00001522898674e-07,model does not implement synthetic-cycle training,,,,,,,,,,synthetic_full_cycle,synthetic_growth_cycles
BIM-13,OD,biological,Moser,skipped,2.00001522898674e-07,model does not implement synthetic-cycle training,,,,,,,,,,synthetic_full_cycle,synthetic_growth_cycles
BIM-13,OD,biological,Eilers_Peeters,skipped,2.00001522898674e-07,model does not implement synthetic-cycle training,,,,,,,,,,synthetic_full_cycle,synthetic_growth_cycles
BIM-13,OD,biological,Steele,skipped,2.00001522898674e-07,model does not implement synthetic-cycle training,,,,,,,,,,synthetic_full_cycle,synthetic_growth_cycles
BIM-13,OD,biological,Photo_Limited,skipped,2.00001522898674e-07,model does not implement synthetic-cycle training,,,,,,,,,,synthetic_full_cycle,synthetic_growth_cycles
BIM-13,OD,biological,Photo_Inhibited,skipped,2.00001522898674e-07,model does not implement synthetic-cycle training,,,,,,,,,,synthetic_full_cycle,synthetic_growth_cycles
BIM-13,OD,biological,Cell_Mortality,skipped,2.00001522898674e-07,model does not implement synthetic-cycle training,,,,,,,,,,synthetic_full_cycle,synthetic_growth_cycles
BIM-13,OD,biological,Lotka_Volterra,skipped,2.00001522898674e-07,model does not implement synthetic-cycle training,,,,,,,,,,synthetic_full_cycle,synthetic_growth_cycles
BIM-13,OD,biological,Bioenergetic_Dynamic,skipped,2.00001522898674e-07,model does not implement synthetic-cycle training,,,,,,,,,,synthetic_full_cycle,synthetic_growth_cycles
BIM-13,OD,biological,Dynamic_Metabolic,skipped,3.00002284348011e-07,model does not implement synthetic-cycle training,,,,,,,,,,synthetic_full_cycle,synthetic_growth_cycles
BIM-13,OD,differential_equations,ODE_Logistic,skipped,2.00001522898674e-07,model does not implement synthetic-cycle training,,,,,,,,,,synthetic_full_cycle,synthetic_growth_cycles
BIM-13,OD,differential_equations,ODE_Monod_Chemostat,skipped,2.00001522898674e-07,model does not implement synthetic-cycle training,,,,,,,,,,synthetic_full_cycle,synthetic_growth_cycles
BIM-13,OD,differential_equations,Chemostat_Model,skipped,3.00002284348011e-07,model does not implement synthetic-cycle training,,,,,,,,,,synthetic_full_cycle,synthetic_growth_cycles
BIM-13,OD,differential_equations,PDE,skipped,4.999892553314567e-07,model does not implement synthetic-cycle training,,,,,,,,,,synthetic_full_cycle,synthetic_growth_cycles
BIM-13,OD,differential_equations,DDE,skipped,2.00001522898674e-07,model does not implement synthetic-cycle training,,,,,,,,,,synthetic_full_cycle,synthetic_growth_cycles
BIM-13,OD,differential_equations,Reaction_Diffusion,skipped,2.00001522898674e-07,model does not implement synthetic-cycle training,,,,,,,,,,synthetic_full_cycle,synthetic_growth_cycles
BIM-13,OD,differential_equations,Population_Balance_Model,skipped,2.00001522898674e-07,model does not implement synthetic-cycle training,,,,,,,,,,synthetic_full_cycle,synthetic_growth_cycles
BIM-13,OD,differential_equations,dFBA,skipped,2.00001522898674e-07,model does not implement synthetic-cycle training,,,,,,,,,,synthetic_full_cycle,synthetic_growth_cycles
BIM-13,OD,probabilistic,Hidden_Markov_Models,skipped,3.9998849388211966e-07,model does not implement synthetic-cycle training,,,,,,,,,,synthetic_full_cycle,synthetic_growth_cycles
BIM-13,OD,probabilistic,Markov_Chains,skipped,5.999900167807937e-07,model does not implement synthetic-cycle training,,,,,,,,,,synthetic_full_cycle,synthetic_growth_cycles
BIM-13,OD,probabilistic,Semi_Markov,skipped,2.00001522898674e-07,model does not implement synthetic-cycle training,,,,,,,,,,synthetic_full_cycle,synthetic_growth_cycles
BIM-13,OD,probabilistic,Gaussian_Processes,skipped,5.999900167807937e-07,model does not implement synthetic-cycle training,,,,,,,,,,synthetic_full_cycle,synthetic_growth_cycles
BIM-13,OD,probabilistic,Bayesian_Networks,skipped,3.00002284348011e-07,model does not implement synthetic-cycle training,,,,,,,,,,synthetic_full_cycle,synthetic_growth_cycles
BIM-13,OD,probabilistic,Particle_Filters,skipped,4.00003045797348e-07,model does not implement synthetic-cycle training,,,,,,,,,,synthetic_full_cycle,synthetic_growth_cycles
BIM-13,OD,probabilistic,Monte_Carlo,skipped,8.999923011288047e-07,model does not implement synthetic-cycle training,,,,,,,,,,synthetic_full_cycle,synthetic_growth_cycles
BIM-13,OD,probabilistic,Sequential_Monte_Carlo,skipped,2.00001522898674e-07,model does not implement synthetic-cycle training,,,,,,,,,,synthetic_full_cycle,synthetic_growth_cycles
BIM-13,OD,probabilistic,Probabilistic_Graphical_Models,skipped,2.00001522898674e-07,model does not implement synthetic-cycle training,,,,,,,,,,synthetic_full_cycle,synthetic_growth_cycles
BIM-13,OD,machine_learning,Linear_Regression,skipped,2.00001522898674e-07,model does not implement synthetic-cycle training,,,,,,,,,,synthetic_full_cycle,synthetic_growth_cycles
BIM-13,OD,machine_learning,Polynomial_Regression,skipped,3.00002284348011e-07,model does not implement synthetic-cycle training,,,,,,,,,,synthetic_full_cycle,synthetic_growth_cycles
BIM-13,OD,machine_learning,Ridge,skipped,2.00001522898674e-07,model does not implement synthetic-cycle training,,,,,,,,,,synthetic_full_cycle,synthetic_growth_cycles
BIM-13,OD,machine_learning,Lasso,skipped,2.00001522898674e-07,model does not implement synthetic-cycle training,,,,,,,,,,synthetic_full_cycle,synthetic_growth_cycles
BIM-13,OD,machine_learning,Elastic_Net,skipped,2.00001522898674e-07,model does not implement synthetic-cycle training,,,,,,,,,,synthetic_full_cycle,synthetic_growth_cycles
BIM-13,OD,machine_learning,Decision_Trees,skipped,2.9998773243278265e-07,model does not implement synthetic-cycle training,,,,,,,,,,synthetic_full_cycle,synthetic_growth_cycles
BIM-13,OD,machine_learning,Random_Forest,skipped,2.00001522898674e-07,model does not implement synthetic-cycle training,,,,,,,,,,synthetic_full_cycle,synthetic_growth_cycles
BIM-13,OD,machine_learning,Extra_Trees,skipped,3.00002284348011e-07,model does not implement synthetic-cycle training,,,,,,,,,,synthetic_full_cycle,synthetic_growth_cycles
BIM-13,OD,machine_learning,Gradient_Boosting,skipped,3.00002284348011e-07,model does not implement synthetic-cycle training,,,,,,,,,,synthetic_full_cycle,synthetic_growth_cycles
BIM-13,OD,machine_learning,AdaBoost,skipped,3.00002284348011e-07,model does not implement synthetic-cycle training,,,,,,,,,,synthetic_full_cycle,synthetic_growth_cycles
BIM-13,OD,machine_learning,XGBoost,skipped,3.00002284348011e-07,model does not implement synthetic-cycle training,,,,,,,,,,synthetic_full_cycle,synthetic_growth_cycles
BIM-13,OD,machine_learning,LightGBM,skipped,2.00001522898674e-07,model does not implement synthetic-cycle training,,,,,,,,,,synthetic_full_cycle,synthetic_growth_cycles
BIM-13,OD,machine_learning,CatBoost,skipped,2.00001522898674e-07,model does not implement synthetic-cycle training,,,,,,,,,,synthetic_full_cycle,synthetic_growth_cycles
BIM-13,OD,machine_learning,SVR,skipped,2.00001522898674e-07,model does not implement synthetic-cycle training,,,,,,,,,,synthetic_full_cycle,synthetic_growth_cycles
BIM-13,OD,machine_learning,KNN,skipped,2.00001522898674e-07,model does not implement synthetic-cycle training,,,,,,,,,,synthetic_full_cycle,synthetic_growth_cycles
BIM-13,OD,machine_learning,Gaussian_Process_Regression,skipped,2.00001522898674e-07,model does not implement synthetic-cycle training,,,,,,,,,,synthetic_full_cycle,synthetic_growth_cycles
BIM-13,OD,machine_learning,PLS,skipped,2.00001522898674e-07,model does not implement synthetic-cycle training,,,,,,,,,,synthetic_full_cycle,synthetic_growth_cycles
BIM-13,OD,machine_learning,PCR,skipped,1.9998697098344564e-07,model does not implement synthetic-cycle training,,,,,,,,,,synthetic_full_cycle,synthetic_growth_cycles
BIM-13,OD,deep_learning,MLP,skipped,2.00001522898674e-07,model does not implement synthetic-cycle training,,,,,,,,,,synthetic_full_cycle,synthetic_growth_cycles
BIM-13,OD,deep_learning,RNN,skipped,5.00003807246685e-07,model does not implement synthetic-cycle training,,,,,,,,,,synthetic_full_cycle,synthetic_growth_cycles
BIM-13,OD,deep_learning,LSTM,skipped,2.00001522898674e-07,model does not implement synthetic-cycle training,,,,,,,,,,synthetic_full_cycle,synthetic_growth_cycles
BIM-13,OD,deep_learning,Bidirectional_LSTM,skipped,3.00002284348011e-07,model does not implement synthetic-cycle training,,,,,,,,,,synthetic_full_cycle,synthetic_growth_cycles
BIM-13,OD,deep_learning,GRU,skipped,2.00001522898674e-07,model does not implement synthetic-cycle training,,,,,,,,,,synthetic_full_cycle,synthetic_growth_cycles
BIM-13,OD,deep_learning,CNN_temporal,skipped,2.00001522898674e-07,model does not implement synthetic-cycle training,,,,,,,,,,synthetic_full_cycle,synthetic_growth_cycles
BIM-13,OD,deep_learning,Seq2Seq,skipped,2.00001522898674e-07,model does not implement synthetic-cycle training,,,,,,,,,,synthetic_full_cycle,synthetic_growth_cycles
BIM-13,OD,deep_learning,TCN,skipped,2.00001522898674e-07,model does not implement synthetic-cycle training,,,,,,,,,,synthetic_full_cycle,synthetic_growth_cycles
BIM-13,OD,deep_learning,DeepAR,skipped,3.00002284348011e-07,model does not implement synthetic-cycle training,,,,,,,,,,synthetic_full_cycle,synthetic_growth_cycles
BIM-13,OD,deep_learning,N_BEATS,skipped,2.00001522898674e-07,model does not implement synthetic-cycle training,,,,,,,,,,synthetic_full_cycle,synthetic_growth_cycles
BIM-13,OD,deep_learning,N_HiTS,skipped,2.00001522898674e-07,model does not implement synthetic-cycle training,,,,,,,,,,synthetic_full_cycle,synthetic_growth_cycles
BIM-13,OD,deep_learning,TFT,skipped,1.9998697098344564e-07,model does not implement synthetic-cycle training,,,,,,,,,,synthetic_full_cycle,synthetic_growth_cycles
BIM-13,OD,deep_learning,Temporal_Transformers,skipped,2.00001522898674e-07,model does not implement synthetic-cycle training,,,,,,,,,,synthetic_full_cycle,synthetic_growth_cycles
BIM-13,OD,deep_learning,Informer,skipped,2.00001522898674e-07,model does not implement synthetic-cycle training,,,,,,,,,,synthetic_full_cycle,synthetic_growth_cycles
BIM-13,OD,deep_learning,Autoformer,skipped,2.00001522898674e-07,model does not implement synthetic-cycle training,,,,,,,,,,synthetic_full_cycle,synthetic_growth_cycles
BIM-13,OD,deep_learning,PatchTST,skipped,2.00001522898674e-07,model does not implement synthetic-cycle training,,,,,,,,,,synthetic_full_cycle,synthetic_growth_cycles
BIM-13,OD,hybrid,ARIMA_XGBoost,skipped,4.00003045797348e-07,model does not implement synthetic-cycle training,,,,,,,,,,synthetic_full_cycle,synthetic_growth_cycles
BIM-13,OD,hybrid,SARIMA_LSTM,skipped,2.00001522898674e-07,model does not implement synthetic-cycle training,,,,,,,,,,synthetic_full_cycle,synthetic_growth_cycles
BIM-13,OD,hybrid,ODE_ML,skipped,4.00003045797348e-07,model does not implement synthetic-cycle training,,,,,,,,,,synthetic_full_cycle,synthetic_growth_cycles
BIM-13,OD,hybrid,Gompertz_Random_Forest,skipped,4.00003045797348e-07,model does not implement synthetic-cycle training,,,,,,,,,,synthetic_full_cycle,synthetic_growth_cycles
BIM-13,OD,hybrid,Monod_Neural_Networks,skipped,2.00001522898674e-07,model does not implement synthetic-cycle training,,,,,,,,,,synthetic_full_cycle,synthetic_growth_cycles
BIM-13,OD,hybrid,Kalman_LSTM,skipped,2.00001522898674e-07,model does not implement synthetic-cycle training,,,,,,,,,,synthetic_full_cycle,synthetic_growth_cycles
BIM-13,OD,hybrid,PINNs,skipped,3.00002284348011e-07,model does not implement synthetic-cycle training,,,,,,,,,,synthetic_full_cycle,synthetic_growth_cycles
BIM-13,OD,hybrid,Neural_ODEs,skipped,2.9998773243278265e-07,model does not implement synthetic-cycle training,,,,,,,,,,synthetic_full_cycle,synthetic_growth_cycles
BIM-13,OD,hybrid,Digital_Twin_Hybrid,skipped,1.9998697098344564e-07,model does not implement synthetic-cycle training,,,,,,,,,,synthetic_full_cycle,synthetic_growth_cycles
BIM-14,OD,classical,Naive_Last,skipped,2.5999906938523054e-06,model does not implement synthetic-cycle training,,,,,,,,,,synthetic_full_cycle,synthetic_growth_cycles
BIM-14,OD,classical,Moving_Average,skipped,7.00005330145359e-07,model does not implement synthetic-cycle training,,,,,,,,,,synthetic_full_cycle,synthetic_growth_cycles
BIM-14,OD,classical,Weighted_Moving_Average,skipped,6.999907782301307e-07,model does not implement synthetic-cycle training,,,,,,,,,,synthetic_full_cycle,synthetic_growth_cycles
BIM-14,OD,classical,Drift,skipped,6.00004568696022e-07,model does not implement synthetic-cycle training,,,,,,,,,,synthetic_full_cycle,synthetic_growth_cycles
BIM-14,OD,classical,Exponential_Smoothing,skipped,3.00002284348011e-07,model does not implement synthetic-cycle training,,,,,,,,,,synthetic_full_cycle,synthetic_growth_cycles
BIM-14,OD,classical,Holt,skipped,3.00002284348011e-07,model does not implement synthetic-cycle training,,,,,,,,,,synthetic_full_cycle,synthetic_growth_cycles
BIM-14,OD,classical,Holt_Winters_Additive,skipped,2.00001522898674e-07,model does not implement synthetic-cycle training,,,,,,,,,,synthetic_full_cycle,synthetic_growth_cycles
BIM-14,OD,classical,Holt_Winters_Multiplicative,skipped,2.00001522898674e-07,model does not implement synthetic-cycle training,,,,,,,,,,synthetic_full_cycle,synthetic_growth_cycles
BIM-14,OD,classical,Brown_Double_Exponential,skipped,3.00002284348011e-07,model does not implement synthetic-cycle training,,,,,,,,,,synthetic_full_cycle,synthetic_growth_cycles
BIM-14,OD,classical,Winters,skipped,3.00002284348011e-07,model does not implement synthetic-cycle training,,,,,,,,,,synthetic_full_cycle,synthetic_growth_cycles
BIM-14,OD,classical,Croston,skipped,5.00003807246685e-07,model does not implement synthetic-cycle training,,,,,,,,,,synthetic_full_cycle,synthetic_growth_cycles
BIM-14,OD,classical,Theta_Method,skipped,3.00002284348011e-07,model does not implement synthetic-cycle training,,,,,,,,,,synthetic_full_cycle,synthetic_growth_cycles
BIM-14,OD,statistical,AR,skipped,6.00004568696022e-07,model does not implement synthetic-cycle training,,,,,,,,,,synthetic_full_cycle,synthetic_growth_cycles
BIM-14,OD,statistical,MA,skipped,2.00001522898674e-07,model does not implement synthetic-cycle training,,,,,,,,,,synthetic_full_cycle,synthetic_growth_cycles
BIM-14,OD,statistical,ARMA,skipped,2.00001522898674e-07,model does not implement synthetic-cycle training,,,,,,,,,,synthetic_full_cycle,synthetic_growth_cycles
BIM-14,OD,statistical,ARIMA,skipped,2.00001522898674e-07,model does not implement synthetic-cycle training,,,,,,,,,,synthetic_full_cycle,synthetic_growth_cycles
BIM-14,OD,statistical,SARIMA,skipped,2.00001522898674e-07,model does not implement synthetic-cycle training,,,,,,,,,,synthetic_full_cycle,synthetic_growth_cycles
BIM-14,OD,statistical,ARIMAX,skipped,3.00002284348011e-07,model does not implement synthetic-cycle training,,,,,,,,,,synthetic_full_cycle,synthetic_growth_cycles
BIM-14,OD,statistical,SARIMAX,skipped,3.00002284348011e-07,model does not implement synthetic-cycle training,,,,,,,,,,synthetic_full_cycle,synthetic_growth_cycles
BIM-14,OD,statistical,VAR,skipped,6.00004568696022e-07,model does not implement synthetic-cycle training,,,,,,,,,,synthetic_full_cycle,synthetic_growth_cycles
BIM-14,OD,statistical,VARMAX,skipped,2.00001522898674e-07,model does not implement synthetic-cycle training,,,,,,,,,,synthetic_full_cycle,synthetic_growth_cycles
BIM-14,OD,statistical,VECM,skipped,2.9998773243278265e-07,model does not implement synthetic-cycle training,,,,,,,,,,synthetic_full_cycle,synthetic_growth_cycles
BIM-14,OD,statistical,ARCH,skipped,4.00003045797348e-07,model does not implement synthetic-cycle training,,,,,,,,,,synthetic_full_cycle,synthetic_growth_cycles
BIM-14,OD,statistical,GARCH,skipped,3.00002284348011e-07,model does not implement synthetic-cycle training,,,,,,,,,,synthetic_full_cycle,synthetic_growth_cycles
BIM-14,OD,statistical,State_Space_Model,skipped,3.00002284348011e-07,model does not implement synthetic-cycle training,,,,,,,,,,synthetic_full_cycle,synthetic_growth_cycles
BIM-14,OD,statistical,Dynamic_Linear_Model,skipped,2.9998773243278265e-07,model does not implement synthetic-cycle training,,,,,,,,,,synthetic_full_cycle,synthetic_growth_cycles
BIM-14,OD,statistical,Kalman_Filter,skipped,2.00001522898674e-07,model does not implement synthetic-cycle training,,,,,,,,,,synthetic_full_cycle,synthetic_growth_cycles
BIM-14,OD,statistical,BSTS_proxy,skipped,2.00001522898674e-07,model does not implement synthetic-cycle training,,,,,,,,,,synthetic_full_cycle,synthetic_growth_cycles
BIM-14,OD,biological,Exponential,skipped,4.00003045797348e-07,model does not implement synthetic-cycle training,,,,,,,,,,synthetic_full_cycle,synthetic_growth_cycles
BIM-14,OD,biological,Logistic,skipped,2.00001522898674e-07,model does not implement synthetic-cycle training,,,,,,,,,,synthetic_full_cycle,synthetic_growth_cycles
BIM-14,OD,biological,Gompertz,skipped,2.00001522898674e-07,model does not implement synthetic-cycle training,,,,,,,,,,synthetic_full_cycle,synthetic_growth_cycles
BIM-14,OD,biological,Richards,skipped,2.00001522898674e-07,model does not implement synthetic-cycle training,,,,,,,,,,synthetic_full_cycle,synthetic_growth_cycles
BIM-14,OD,biological,Verhulst,skipped,3.00002284348011e-07,model does not implement synthetic-cycle training,,,,,,,,,,synthetic_full_cycle,synthetic_growth_cycles
BIM-14,OD,biological,Baranyi,skipped,3.00002284348011e-07,model does not implement synthetic-cycle training,,,,,,,,,,synthetic_full_cycle,synthetic_growth_cycles
BIM-14,OD,biological,Bertalanffy,skipped,3.00002284348011e-07,model does not implement synthetic-cycle training,,,,,,,,,,synthetic_full_cycle,synthetic_growth_cycles
BIM-14,OD,biological,Monod,skipped,1.9998697098344564e-07,model does not implement synthetic-cycle training,,,,,,,,,,synthetic_full_cycle,synthetic_growth_cycles
BIM-14,OD,biological,Droop,skipped,3.00002284348011e-07,model does not implement synthetic-cycle training,,,,,,,,,,synthetic_full_cycle,synthetic_growth_cycles
BIM-14,OD,biological,Contois,skipped,3.00002284348011e-07,model does not implement synthetic-cycle training,,,,,,,,,,synthetic_full_cycle,synthetic_growth_cycles
BIM-14,OD,biological,Haldane,skipped,2.00001522898674e-07,model does not implement synthetic-cycle training,,,,,,,,,,synthetic_full_cycle,synthetic_growth_cycles
BIM-14,OD,biological,Andrews,skipped,1.9998697098344564e-07,model does not implement synthetic-cycle training,,,,,,,,,,synthetic_full_cycle,synthetic_growth_cycles
BIM-14,OD,biological,Tessier,skipped,2.00001522898674e-07,model does not implement synthetic-cycle training,,,,,,,,,,synthetic_full_cycle,synthetic_growth_cycles
BIM-14,OD,biological,Moser,skipped,2.00001522898674e-07,model does not implement synthetic-cycle training,,,,,,,,,,synthetic_full_cycle,synthetic_growth_cycles
BIM-14,OD,biological,Eilers_Peeters,skipped,2.00001522898674e-07,model does not implement synthetic-cycle training,,,,,,,,,,synthetic_full_cycle,synthetic_growth_cycles
BIM-14,OD,biological,Steele,skipped,2.00001522898674e-07,model does not implement synthetic-cycle training,,,,,,,,,,synthetic_full_cycle,synthetic_growth_cycles
BIM-14,OD,biological,Photo_Limited,skipped,2.00001522898674e-07,model does not implement synthetic-cycle training,,,,,,,,,,synthetic_full_cycle,synthetic_growth_cycles
BIM-14,OD,biological,Photo_Inhibited,skipped,2.00001522898674e-07,model does not implement synthetic-cycle training,,,,,,,,,,synthetic_full_cycle,synthetic_growth_cycles
BIM-14,OD,biological,Cell_Mortality,skipped,2.00001522898674e-07,model does not implement synthetic-cycle training,,,,,,,,,,synthetic_full_cycle,synthetic_growth_cycles
BIM-14,OD,biological,Lotka_Volterra,skipped,3.00002284348011e-07,model does not implement synthetic-cycle training,,,,,,,,,,synthetic_full_cycle,synthetic_growth_cycles
BIM-14,OD,biological,Bioenergetic_Dynamic,skipped,2.00001522898674e-07,model does not implement synthetic-cycle training,,,,,,,,,,synthetic_full_cycle,synthetic_growth_cycles
BIM-14,OD,biological,Dynamic_Metabolic,skipped,2.00001522898674e-07,model does not implement synthetic-cycle training,,,,,,,,,,synthetic_full_cycle,synthetic_growth_cycles
BIM-14,OD,differential_equations,ODE_Logistic,skipped,2.00001522898674e-07,model does not implement synthetic-cycle training,,,,,,,,,,synthetic_full_cycle,synthetic_growth_cycles
BIM-14,OD,differential_equations,ODE_Monod_Chemostat,skipped,4.00003045797348e-07,model does not implement synthetic-cycle training,,,,,,,,,,synthetic_full_cycle,synthetic_growth_cycles
BIM-14,OD,differential_equations,Chemostat_Model,skipped,2.00001522898674e-07,model does not implement synthetic-cycle training,,,,,,,,,,synthetic_full_cycle,synthetic_growth_cycles
BIM-14,OD,differential_equations,PDE,skipped,2.9998773243278265e-07,model does not implement synthetic-cycle training,,,,,,,,,,synthetic_full_cycle,synthetic_growth_cycles
BIM-14,OD,differential_equations,DDE,skipped,2.00001522898674e-07,model does not implement synthetic-cycle training,,,,,,,,,,synthetic_full_cycle,synthetic_growth_cycles
BIM-14,OD,differential_equations,Reaction_Diffusion,skipped,2.00001522898674e-07,model does not implement synthetic-cycle training,,,,,,,,,,synthetic_full_cycle,synthetic_growth_cycles
BIM-14,OD,differential_equations,Population_Balance_Model,skipped,2.00001522898674e-07,model does not implement synthetic-cycle training,,,,,,,,,,synthetic_full_cycle,synthetic_growth_cycles
BIM-14,OD,differential_equations,dFBA,skipped,2.00001522898674e-07,model does not implement synthetic-cycle training,,,,,,,,,,synthetic_full_cycle,synthetic_growth_cycles
BIM-14,OD,probabilistic,Hidden_Markov_Models,skipped,3.00002284348011e-07,model does not implement synthetic-cycle training,,,,,,,,,,synthetic_full_cycle,synthetic_growth_cycles
BIM-14,OD,probabilistic,Markov_Chains,skipped,6.00004568696022e-07,model does not implement synthetic-cycle training,,,,,,,,,,synthetic_full_cycle,synthetic_growth_cycles
BIM-14,OD,probabilistic,Semi_Markov,skipped,3.00002284348011e-07,model does not implement synthetic-cycle training,,,,,,,,,,synthetic_full_cycle,synthetic_growth_cycles
BIM-14,OD,probabilistic,Gaussian_Processes,skipped,6.999907782301307e-07,model does not implement synthetic-cycle training,,,,,,,,,,synthetic_full_cycle,synthetic_growth_cycles
BIM-14,OD,probabilistic,Bayesian_Networks,skipped,2.00001522898674e-07,model does not implement synthetic-cycle training,,,,,,,,,,synthetic_full_cycle,synthetic_growth_cycles
BIM-14,OD,probabilistic,Particle_Filters,skipped,6.999907782301307e-07,model does not implement synthetic-cycle training,,,,,,,,,,synthetic_full_cycle,synthetic_growth_cycles
BIM-14,OD,probabilistic,Monte_Carlo,skipped,7.00005330145359e-07,model does not implement synthetic-cycle training,,,,,,,,,,synthetic_full_cycle,synthetic_growth_cycles
BIM-14,OD,probabilistic,Sequential_Monte_Carlo,skipped,2.00001522898674e-07,model does not implement synthetic-cycle training,,,,,,,,,,synthetic_full_cycle,synthetic_growth_cycles
BIM-14,OD,probabilistic,Probabilistic_Graphical_Models,skipped,2.00001522898674e-07,model does not implement synthetic-cycle training,,,,,,,,,,synthetic_full_cycle,synthetic_growth_cycles
BIM-14,OD,machine_learning,Linear_Regression,skipped,3.00002284348011e-07,model does not implement synthetic-cycle training,,,,,,,,,,synthetic_full_cycle,synthetic_growth_cycles
BIM-14,OD,machine_learning,Polynomial_Regression,skipped,2.00001522898674e-07,model does not implement synthetic-cycle training,,,,,,,,,,synthetic_full_cycle,synthetic_growth_cycles
BIM-14,OD,machine_learning,Ridge,skipped,3.00002284348011e-07,model does not implement synthetic-cycle training,,,,,,,,,,synthetic_full_cycle,synthetic_growth_cycles
BIM-14,OD,machine_learning,Lasso,skipped,2.00001522898674e-07,model does not implement synthetic-cycle training,,,,,,,,,,synthetic_full_cycle,synthetic_growth_cycles
BIM-14,OD,machine_learning,Elastic_Net,skipped,3.00002284348011e-07,model does not implement synthetic-cycle training,,,,,,,,,,synthetic_full_cycle,synthetic_growth_cycles
BIM-14,OD,machine_learning,Decision_Trees,skipped,3.00002284348011e-07,model does not implement synthetic-cycle training,,,,,,,,,,synthetic_full_cycle,synthetic_growth_cycles
BIM-14,OD,machine_learning,Random_Forest,skipped,3.00002284348011e-07,model does not implement synthetic-cycle training,,,,,,,,,,synthetic_full_cycle,synthetic_growth_cycles
BIM-14,OD,machine_learning,Extra_Trees,skipped,2.00001522898674e-07,model does not implement synthetic-cycle training,,,,,,,,,,synthetic_full_cycle,synthetic_growth_cycles
BIM-14,OD,machine_learning,Gradient_Boosting,skipped,2.00001522898674e-07,model does not implement synthetic-cycle training,,,,,,,,,,synthetic_full_cycle,synthetic_growth_cycles
BIM-14,OD,machine_learning,AdaBoost,skipped,2.00001522898674e-07,model does not implement synthetic-cycle training,,,,,,,,,,synthetic_full_cycle,synthetic_growth_cycles
BIM-14,OD,machine_learning,XGBoost,skipped,2.00001522898674e-07,model does not implement synthetic-cycle training,,,,,,,,,,synthetic_full_cycle,synthetic_growth_cycles
BIM-14,OD,machine_learning,LightGBM,skipped,2.00001522898674e-07,model does not implement synthetic-cycle training,,,,,,,,,,synthetic_full_cycle,synthetic_growth_cycles
BIM-14,OD,machine_learning,CatBoost,skipped,2.00001522898674e-07,model does not implement synthetic-cycle training,,,,,,,,,,synthetic_full_cycle,synthetic_growth_cycles
BIM-14,OD,machine_learning,SVR,skipped,2.00001522898674e-07,model does not implement synthetic-cycle training,,,,,,,,,,synthetic_full_cycle,synthetic_growth_cycles
BIM-14,OD,machine_learning,KNN,skipped,2.00001522898674e-07,model does not implement synthetic-cycle training,,,,,,,,,,synthetic_full_cycle,synthetic_growth_cycles
BIM-14,OD,machine_learning,Gaussian_Process_Regression,skipped,2.00001522898674e-07,model does not implement synthetic-cycle training,,,,,,,,,,synthetic_full_cycle,synthetic_growth_cycles
BIM-14,OD,machine_learning,PLS,skipped,2.00001522898674e-07,model does not implement synthetic-cycle training,,,,,,,,,,synthetic_full_cycle,synthetic_growth_cycles
BIM-14,OD,machine_learning,PCR,skipped,2.00001522898674e-07,model does not implement synthetic-cycle training,,,,,,,,,,synthetic_full_cycle,synthetic_growth_cycles
BIM-14,OD,deep_learning,MLP,skipped,2.00001522898674e-07,model does not implement synthetic-cycle training,,,,,,,,,,synthetic_full_cycle,synthetic_growth_cycles
BIM-14,OD,deep_learning,RNN,skipped,4.999892553314567e-07,model does not implement synthetic-cycle training,,,,,,,,,,synthetic_full_cycle,synthetic_growth_cycles
BIM-14,OD,deep_learning,LSTM,skipped,3.00002284348011e-07,model does not implement synthetic-cycle training,,,,,,,,,,synthetic_full_cycle,synthetic_growth_cycles
BIM-14,OD,deep_learning,Bidirectional_LSTM,skipped,2.00001522898674e-07,model does not implement synthetic-cycle training,,,,,,,,,,synthetic_full_cycle,synthetic_growth_cycles
BIM-14,OD,deep_learning,GRU,skipped,3.00002284348011e-07,model does not implement synthetic-cycle training,,,,,,,,,,synthetic_full_cycle,synthetic_growth_cycles
BIM-14,OD,deep_learning,CNN_temporal,skipped,1.9998697098344564e-07,model does not implement synthetic-cycle training,,,,,,,,,,synthetic_full_cycle,synthetic_growth_cycles
BIM-14,OD,deep_learning,Seq2Seq,skipped,2.00001522898674e-07,model does not implement synthetic-cycle training,,,,,,,,,,synthetic_full_cycle,synthetic_growth_cycles
BIM-14,OD,deep_learning,TCN,skipped,2.00001522898674e-07,model does not implement synthetic-cycle training,,,,,,,,,,synthetic_full_cycle,synthetic_growth_cycles
BIM-14,OD,deep_learning,DeepAR,skipped,2.00001522898674e-07,model does not implement synthetic-cycle training,,,,,,,,,,synthetic_full_cycle,synthetic_growth_cycles
BIM-14,OD,deep_learning,N_BEATS,skipped,2.00001522898674e-07,model does not implement synthetic-cycle training,,,,,,,,,,synthetic_full_cycle,synthetic_growth_cycles
BIM-14,OD,deep_learning,N_HiTS,skipped,2.00001522898674e-07,model does not implement synthetic-cycle training,,,,,,,,,,synthetic_full_cycle,synthetic_growth_cycles
BIM-14,OD,deep_learning,TFT,skipped,2.00001522898674e-07,model does not implement synthetic-cycle training,,,,,,,,,,synthetic_full_cycle,synthetic_growth_cycles
BIM-14,OD,deep_learning,Temporal_Transformers,skipped,2.00001522898674e-07,model does not implement synthetic-cycle training,,,,,,,,,,synthetic_full_cycle,synthetic_growth_cycles
BIM-14,OD,deep_learning,Informer,skipped,3.00002284348011e-07,model does not implement synthetic-cycle training,,,,,,,,,,synthetic_full_cycle,synthetic_growth_cycles
BIM-14,OD,deep_learning,Autoformer,skipped,2.00001522898674e-07,model does not implement synthetic-cycle training,,,,,,,,,,synthetic_full_cycle,synthetic_growth_cycles
BIM-14,OD,deep_learning,PatchTST,skipped,3.00002284348011e-07,model does not implement synthetic-cycle training,,,,,,,,,,synthetic_full_cycle,synthetic_growth_cycles
BIM-14,OD,hybrid,ARIMA_XGBoost,skipped,4.00003045797348e-07,model does not implement synthetic-cycle training,,,,,,,,,,synthetic_full_cycle,synthetic_growth_cycles
BIM-14,OD,hybrid,SARIMA_LSTM,skipped,2.9998773243278265e-07,model does not implement synthetic-cycle training,,,,,,,,,,synthetic_full_cycle,synthetic_growth_cycles
BIM-14,OD,hybrid,ODE_ML,skipped,6.999907782301307e-07,model does not implement synthetic-cycle training,,,,,,,,,,synthetic_full_cycle,synthetic_growth_cycles
BIM-14,OD,hybrid,Gompertz_Random_Forest,skipped,4.00003045797348e-07,model does not implement synthetic-cycle training,,,,,,,,,,synthetic_full_cycle,synthetic_growth_cycles
BIM-14,OD,hybrid,Monod_Neural_Networks,skipped,6.00004568696022e-07,model does not implement synthetic-cycle training,,,,,,,,,,synthetic_full_cycle,synthetic_growth_cycles
BIM-14,OD,hybrid,Kalman_LSTM,skipped,2.00001522898674e-07,model does not implement synthetic-cycle training,,,,,,,,,,synthetic_full_cycle,synthetic_growth_cycles
BIM-14,OD,hybrid,PINNs,skipped,2.00001522898674e-07,model does not implement synthetic-cycle training,,,,,,,,,,synthetic_full_cycle,synthetic_growth_cycles
BIM-14,OD,hybrid,Neural_ODEs,skipped,3.00002284348011e-07,model does not implement synthetic-cycle training,,,,,,,,,,synthetic_full_cycle,synthetic_growth_cycles
BIM-14,OD,hybrid,Digital_Twin_Hybrid,skipped,2.9998773243278265e-07,model does not implement synthetic-cycle training,,,,,,,,,,synthetic_full_cycle,synthetic_growth_cycles
BIM-15,OD,classical,Naive_Last,skipped,3.4999975468963385e-06,model does not implement synthetic-cycle training,,,,,,,,,,synthetic_full_cycle,synthetic_growth_cycles
BIM-15,OD,classical,Moving_Average,skipped,1.100008375942707e-06,model does not implement synthetic-cycle training,,,,,,,,,,synthetic_full_cycle,synthetic_growth_cycles
BIM-15,OD,classical,Weighted_Moving_Average,skipped,5.999900167807937e-07,model does not implement synthetic-cycle training,,,,,,,,,,synthetic_full_cycle,synthetic_growth_cycles
BIM-15,OD,classical,Drift,skipped,9.00006853044033e-07,model does not implement synthetic-cycle training,,,,,,,,,,synthetic_full_cycle,synthetic_growth_cycles
BIM-15,OD,classical,Exponential_Smoothing,skipped,4.00003045797348e-07,model does not implement synthetic-cycle training,,,,,,,,,,synthetic_full_cycle,synthetic_growth_cycles
BIM-15,OD,classical,Holt,skipped,2.00001522898674e-07,model does not implement synthetic-cycle training,,,,,,,,,,synthetic_full_cycle,synthetic_growth_cycles
BIM-15,OD,classical,Holt_Winters_Additive,skipped,4.00003045797348e-07,model does not implement synthetic-cycle training,,,,,,,,,,synthetic_full_cycle,synthetic_growth_cycles
BIM-15,OD,classical,Holt_Winters_Multiplicative,skipped,5.00003807246685e-07,model does not implement synthetic-cycle training,,,,,,,,,,synthetic_full_cycle,synthetic_growth_cycles
BIM-15,OD,classical,Brown_Double_Exponential,skipped,3.00002284348011e-07,model does not implement synthetic-cycle training,,,,,,,,,,synthetic_full_cycle,synthetic_growth_cycles
BIM-15,OD,classical,Winters,skipped,3.00002284348011e-07,model does not implement synthetic-cycle training,,,,,,,,,,synthetic_full_cycle,synthetic_growth_cycles
BIM-15,OD,classical,Croston,skipped,4.00003045797348e-07,model does not implement synthetic-cycle training,,,,,,,,,,synthetic_full_cycle,synthetic_growth_cycles
BIM-15,OD,classical,Theta_Method,skipped,6.00004568696022e-07,model does not implement synthetic-cycle training,,,,,,,,,,synthetic_full_cycle,synthetic_growth_cycles
BIM-15,OD,statistical,AR,skipped,4.00003045797348e-07,model does not implement synthetic-cycle training,,,,,,,,,,synthetic_full_cycle,synthetic_growth_cycles
BIM-15,OD,statistical,MA,skipped,2.00001522898674e-07,model does not implement synthetic-cycle training,,,,,,,,,,synthetic_full_cycle,synthetic_growth_cycles
BIM-15,OD,statistical,ARMA,skipped,2.00001522898674e-07,model does not implement synthetic-cycle training,,,,,,,,,,synthetic_full_cycle,synthetic_growth_cycles
BIM-15,OD,statistical,ARIMA,skipped,3.00002284348011e-07,model does not implement synthetic-cycle training,,,,,,,,,,synthetic_full_cycle,synthetic_growth_cycles
BIM-15,OD,statistical,SARIMA,skipped,3.00002284348011e-07,model does not implement synthetic-cycle training,,,,,,,,,,synthetic_full_cycle,synthetic_growth_cycles
BIM-15,OD,statistical,ARIMAX,skipped,3.00002284348011e-07,model does not implement synthetic-cycle training,,,,,,,,,,synthetic_full_cycle,synthetic_growth_cycles
BIM-15,OD,statistical,SARIMAX,skipped,6.00004568696022e-07,model does not implement synthetic-cycle training,,,,,,,,,,synthetic_full_cycle,synthetic_growth_cycles
BIM-15,OD,statistical,VAR,skipped,4.00003045797348e-07,model does not implement synthetic-cycle training,,,,,,,,,,synthetic_full_cycle,synthetic_growth_cycles
BIM-15,OD,statistical,VARMAX,skipped,2.00001522898674e-07,model does not implement synthetic-cycle training,,,,,,,,,,synthetic_full_cycle,synthetic_growth_cycles
BIM-15,OD,statistical,VECM,skipped,2.00001522898674e-07,model does not implement synthetic-cycle training,,,,,,,,,,synthetic_full_cycle,synthetic_growth_cycles
BIM-15,OD,statistical,ARCH,skipped,5.00003807246685e-07,model does not implement synthetic-cycle training,,,,,,,,,,synthetic_full_cycle,synthetic_growth_cycles
BIM-15,OD,statistical,GARCH,skipped,3.9998849388211966e-07,model does not implement synthetic-cycle training,,,,,,,,,,synthetic_full_cycle,synthetic_growth_cycles
BIM-15,OD,statistical,State_Space_Model,skipped,4.00003045797348e-07,model does not implement synthetic-cycle training,,,,,,,,,,synthetic_full_cycle,synthetic_growth_cycles
BIM-15,OD,statistical,Dynamic_Linear_Model,skipped,2.00001522898674e-07,model does not implement synthetic-cycle training,,,,,,,,,,synthetic_full_cycle,synthetic_growth_cycles
BIM-15,OD,statistical,Kalman_Filter,skipped,3.00002284348011e-07,model does not implement synthetic-cycle training,,,,,,,,,,synthetic_full_cycle,synthetic_growth_cycles
BIM-15,OD,statistical,BSTS_proxy,skipped,3.00002284348011e-07,model does not implement synthetic-cycle training,,,,,,,,,,synthetic_full_cycle,synthetic_growth_cycles
BIM-15,OD,biological,Exponential,skipped,5.00003807246685e-07,model does not implement synthetic-cycle training,,,,,,,,,,synthetic_full_cycle,synthetic_growth_cycles
BIM-15,OD,biological,Logistic,skipped,4.999892553314567e-07,model does not implement synthetic-cycle training,,,,,,,,,,synthetic_full_cycle,synthetic_growth_cycles
BIM-15,OD,biological,Gompertz,skipped,2.00001522898674e-07,model does not implement synthetic-cycle training,,,,,,,,,,synthetic_full_cycle,synthetic_growth_cycles
BIM-15,OD,biological,Richards,skipped,2.00001522898674e-07,model does not implement synthetic-cycle training,,,,,,,,,,synthetic_full_cycle,synthetic_growth_cycles
BIM-15,OD,biological,Verhulst,skipped,2.00001522898674e-07,model does not implement synthetic-cycle training,,,,,,,,,,synthetic_full_cycle,synthetic_growth_cycles
BIM-15,OD,biological,Baranyi,skipped,2.00001522898674e-07,model does not implement synthetic-cycle training,,,,,,,,,,synthetic_full_cycle,synthetic_growth_cycles
BIM-15,OD,biological,Bertalanffy,skipped,2.00001522898674e-07,model does not implement synthetic-cycle training,,,,,,,,,,synthetic_full_cycle,synthetic_growth_cycles
BIM-15,OD,biological,Monod,skipped,2.00001522898674e-07,model does not implement synthetic-cycle training,,,,,,,,,,synthetic_full_cycle,synthetic_growth_cycles
BIM-15,OD,biological,Droop,skipped,2.00001522898674e-07,model does not implement synthetic-cycle training,,,,,,,,,,synthetic_full_cycle,synthetic_growth_cycles
BIM-15,OD,biological,Contois,skipped,2.00001522898674e-07,model does not implement synthetic-cycle training,,,,,,,,,,synthetic_full_cycle,synthetic_growth_cycles
BIM-15,OD,biological,Haldane,skipped,3.00002284348011e-07,model does not implement synthetic-cycle training,,,,,,,,,,synthetic_full_cycle,synthetic_growth_cycles
BIM-15,OD,biological,Andrews,skipped,3.00002284348011e-07,model does not implement synthetic-cycle training,,,,,,,,,,synthetic_full_cycle,synthetic_growth_cycles
BIM-15,OD,biological,Tessier,skipped,2.00001522898674e-07,model does not implement synthetic-cycle training,,,,,,,,,,synthetic_full_cycle,synthetic_growth_cycles
BIM-15,OD,biological,Moser,skipped,3.00002284348011e-07,model does not implement synthetic-cycle training,,,,,,,,,,synthetic_full_cycle,synthetic_growth_cycles
BIM-15,OD,biological,Eilers_Peeters,skipped,3.00002284348011e-07,model does not implement synthetic-cycle training,,,,,,,,,,synthetic_full_cycle,synthetic_growth_cycles
BIM-15,OD,biological,Steele,skipped,2.00001522898674e-07,model does not implement synthetic-cycle training,,,,,,,,,,synthetic_full_cycle,synthetic_growth_cycles
BIM-15,OD,biological,Photo_Limited,skipped,4.00003045797348e-07,model does not implement synthetic-cycle training,,,,,,,,,,synthetic_full_cycle,synthetic_growth_cycles
BIM-15,OD,biological,Photo_Inhibited,skipped,2.00001522898674e-07,model does not implement synthetic-cycle training,,,,,,,,,,synthetic_full_cycle,synthetic_growth_cycles
BIM-15,OD,biological,Cell_Mortality,skipped,3.00002284348011e-07,model does not implement synthetic-cycle training,,,,,,,,,,synthetic_full_cycle,synthetic_growth_cycles
BIM-15,OD,biological,Lotka_Volterra,skipped,3.00002284348011e-07,model does not implement synthetic-cycle training,,,,,,,,,,synthetic_full_cycle,synthetic_growth_cycles
BIM-15,OD,biological,Bioenergetic_Dynamic,skipped,3.00002284348011e-07,model does not implement synthetic-cycle training,,,,,,,,,,synthetic_full_cycle,synthetic_growth_cycles
BIM-15,OD,biological,Dynamic_Metabolic,skipped,2.00001522898674e-07,model does not implement synthetic-cycle training,,,,,,,,,,synthetic_full_cycle,synthetic_growth_cycles
BIM-15,OD,differential_equations,ODE_Logistic,skipped,2.9998773243278265e-07,model does not implement synthetic-cycle training,,,,,,,,,,synthetic_full_cycle,synthetic_growth_cycles
BIM-15,OD,differential_equations,ODE_Monod_Chemostat,skipped,1.9998697098344564e-07,model does not implement synthetic-cycle training,,,,,,,,,,synthetic_full_cycle,synthetic_growth_cycles
BIM-15,OD,differential_equations,Chemostat_Model,skipped,3.00002284348011e-07,model does not implement synthetic-cycle training,,,,,,,,,,synthetic_full_cycle,synthetic_growth_cycles
BIM-15,OD,differential_equations,PDE,skipped,4.00003045797348e-07,model does not implement synthetic-cycle training,,,,,,,,,,synthetic_full_cycle,synthetic_growth_cycles
BIM-15,OD,differential_equations,DDE,skipped,2.00001522898674e-07,model does not implement synthetic-cycle training,,,,,,,,,,synthetic_full_cycle,synthetic_growth_cycles
BIM-15,OD,differential_equations,Reaction_Diffusion,skipped,2.00001522898674e-07,model does not implement synthetic-cycle training,,,,,,,,,,synthetic_full_cycle,synthetic_growth_cycles
BIM-15,OD,differential_equations,Population_Balance_Model,skipped,2.00001522898674e-07,model does not implement synthetic-cycle training,,,,,,,,,,synthetic_full_cycle,synthetic_growth_cycles
BIM-15,OD,differential_equations,dFBA,skipped,2.00001522898674e-07,model does not implement synthetic-cycle training,,,,,,,,,,synthetic_full_cycle,synthetic_growth_cycles
BIM-15,OD,probabilistic,Hidden_Markov_Models,skipped,3.9998849388211966e-07,model does not implement synthetic-cycle training,,,,,,,,,,synthetic_full_cycle,synthetic_growth_cycles
BIM-15,OD,probabilistic,Markov_Chains,skipped,3.9998849388211966e-07,model does not implement synthetic-cycle training,,,,,,,,,,synthetic_full_cycle,synthetic_growth_cycles
BIM-15,OD,probabilistic,Semi_Markov,skipped,2.00001522898674e-07,model does not implement synthetic-cycle training,,,,,,,,,,synthetic_full_cycle,synthetic_growth_cycles
BIM-15,OD,probabilistic,Gaussian_Processes,skipped,2.9998773243278265e-07,model does not implement synthetic-cycle training,,,,,,,,,,synthetic_full_cycle,synthetic_growth_cycles
BIM-15,OD,probabilistic,Bayesian_Networks,skipped,3.00002284348011e-07,model does not implement synthetic-cycle training,,,,,,,,,,synthetic_full_cycle,synthetic_growth_cycles
BIM-15,OD,probabilistic,Particle_Filters,skipped,3.00002284348011e-07,model does not implement synthetic-cycle training,,,,,,,,,,synthetic_full_cycle,synthetic_growth_cycles
BIM-15,OD,probabilistic,Monte_Carlo,skipped,8.999923011288047e-07,model does not implement synthetic-cycle training,,,,,,,,,,synthetic_full_cycle,synthetic_growth_cycles
BIM-15,OD,probabilistic,Sequential_Monte_Carlo,skipped,5.00003807246685e-07,model does not implement synthetic-cycle training,,,,,,,,,,synthetic_full_cycle,synthetic_growth_cycles
BIM-15,OD,probabilistic,Probabilistic_Graphical_Models,skipped,3.00002284348011e-07,model does not implement synthetic-cycle training,,,,,,,,,,synthetic_full_cycle,synthetic_growth_cycles
BIM-15,OD,machine_learning,Linear_Regression,skipped,2.9998773243278265e-07,model does not implement synthetic-cycle training,,,,,,,,,,synthetic_full_cycle,synthetic_growth_cycles
BIM-15,OD,machine_learning,Polynomial_Regression,skipped,2.00001522898674e-07,model does not implement synthetic-cycle training,,,,,,,,,,synthetic_full_cycle,synthetic_growth_cycles
BIM-15,OD,machine_learning,Ridge,skipped,2.00001522898674e-07,model does not implement synthetic-cycle training,,,,,,,,,,synthetic_full_cycle,synthetic_growth_cycles
BIM-15,OD,machine_learning,Lasso,skipped,2.00001522898674e-07,model does not implement synthetic-cycle training,,,,,,,,,,synthetic_full_cycle,synthetic_growth_cycles
BIM-15,OD,machine_learning,Elastic_Net,skipped,2.00001522898674e-07,model does not implement synthetic-cycle training,,,,,,,,,,synthetic_full_cycle,synthetic_growth_cycles
BIM-15,OD,machine_learning,Decision_Trees,skipped,2.00001522898674e-07,model does not implement synthetic-cycle training,,,,,,,,,,synthetic_full_cycle,synthetic_growth_cycles
BIM-15,OD,machine_learning,Random_Forest,skipped,3.00002284348011e-07,model does not implement synthetic-cycle training,,,,,,,,,,synthetic_full_cycle,synthetic_growth_cycles
BIM-15,OD,machine_learning,Extra_Trees,skipped,1.9998697098344564e-07,model does not implement synthetic-cycle training,,,,,,,,,,synthetic_full_cycle,synthetic_growth_cycles
BIM-15,OD,machine_learning,Gradient_Boosting,skipped,3.00002284348011e-07,model does not implement synthetic-cycle training,,,,,,,,,,synthetic_full_cycle,synthetic_growth_cycles
BIM-15,OD,machine_learning,AdaBoost,skipped,2.00001522898674e-07,model does not implement synthetic-cycle training,,,,,,,,,,synthetic_full_cycle,synthetic_growth_cycles
BIM-15,OD,machine_learning,XGBoost,skipped,4.00003045797348e-07,model does not implement synthetic-cycle training,,,,,,,,,,synthetic_full_cycle,synthetic_growth_cycles
BIM-15,OD,machine_learning,LightGBM,skipped,1.9998697098344564e-07,model does not implement synthetic-cycle training,,,,,,,,,,synthetic_full_cycle,synthetic_growth_cycles
BIM-15,OD,machine_learning,CatBoost,skipped,2.00001522898674e-07,model does not implement synthetic-cycle training,,,,,,,,,,synthetic_full_cycle,synthetic_growth_cycles
BIM-15,OD,machine_learning,SVR,skipped,2.00001522898674e-07,model does not implement synthetic-cycle training,,,,,,,,,,synthetic_full_cycle,synthetic_growth_cycles
BIM-15,OD,machine_learning,KNN,skipped,3.00002284348011e-07,model does not implement synthetic-cycle training,,,,,,,,,,synthetic_full_cycle,synthetic_growth_cycles
BIM-15,OD,machine_learning,Gaussian_Process_Regression,skipped,2.00001522898674e-07,model does not implement synthetic-cycle training,,,,,,,,,,synthetic_full_cycle,synthetic_growth_cycles
BIM-15,OD,machine_learning,PLS,skipped,2.00001522898674e-07,model does not implement synthetic-cycle training,,,,,,,,,,synthetic_full_cycle,synthetic_growth_cycles
BIM-15,OD,machine_learning,PCR,skipped,2.00001522898674e-07,model does not implement synthetic-cycle training,,,,,,,,,,synthetic_full_cycle,synthetic_growth_cycles
BIM-15,OD,deep_learning,MLP,skipped,2.9998773243278265e-07,model does not implement synthetic-cycle training,,,,,,,,,,synthetic_full_cycle,synthetic_growth_cycles
BIM-15,OD,deep_learning,RNN,skipped,4.999892553314567e-07,model does not implement synthetic-cycle training,,,,,,,,,,synthetic_full_cycle,synthetic_growth_cycles
BIM-15,OD,deep_learning,LSTM,skipped,2.00001522898674e-07,model does not implement synthetic-cycle training,,,,,,,,,,synthetic_full_cycle,synthetic_growth_cycles
BIM-15,OD,deep_learning,Bidirectional_LSTM,skipped,2.00001522898674e-07,model does not implement synthetic-cycle training,,,,,,,,,,synthetic_full_cycle,synthetic_growth_cycles
BIM-15,OD,deep_learning,GRU,skipped,2.00001522898674e-07,model does not implement synthetic-cycle training,,,,,,,,,,synthetic_full_cycle,synthetic_growth_cycles
BIM-15,OD,deep_learning,CNN_temporal,skipped,2.00001522898674e-07,model does not implement synthetic-cycle training,,,,,,,,,,synthetic_full_cycle,synthetic_growth_cycles
BIM-15,OD,deep_learning,Seq2Seq,skipped,2.00001522898674e-07,model does not implement synthetic-cycle training,,,,,,,,,,synthetic_full_cycle,synthetic_growth_cycles
BIM-15,OD,deep_learning,TCN,skipped,2.00001522898674e-07,model does not implement synthetic-cycle training,,,,,,,,,,synthetic_full_cycle,synthetic_growth_cycles
BIM-15,OD,deep_learning,DeepAR,skipped,2.00001522898674e-07,model does not implement synthetic-cycle training,,,,,,,,,,synthetic_full_cycle,synthetic_growth_cycles
BIM-15,OD,deep_learning,N_BEATS,skipped,2.00001522898674e-07,model does not implement synthetic-cycle training,,,,,,,,,,synthetic_full_cycle,synthetic_growth_cycles
BIM-15,OD,deep_learning,N_HiTS,skipped,2.00001522898674e-07,model does not implement synthetic-cycle training,,,,,,,,,,synthetic_full_cycle,synthetic_growth_cycles
BIM-15,OD,deep_learning,TFT,skipped,3.00002284348011e-07,model does not implement synthetic-cycle training,,,,,,,,,,synthetic_full_cycle,synthetic_growth_cycles
BIM-15,OD,deep_learning,Temporal_Transformers,skipped,1.9998697098344564e-07,model does not implement synthetic-cycle training,,,,,,,,,,synthetic_full_cycle,synthetic_growth_cycles
BIM-15,OD,deep_learning,Informer,skipped,2.00001522898674e-07,model does not implement synthetic-cycle training,,,,,,,,,,synthetic_full_cycle,synthetic_growth_cycles
BIM-15,OD,deep_learning,Autoformer,skipped,2.00001522898674e-07,model does not implement synthetic-cycle training,,,,,,,,,,synthetic_full_cycle,synthetic_growth_cycles
BIM-15,OD,deep_learning,PatchTST,skipped,2.00001522898674e-07,model does not implement synthetic-cycle training,,,,,,,,,,synthetic_full_cycle,synthetic_growth_cycles
BIM-15,OD,hybrid,ARIMA_XGBoost,skipped,3.9998849388211966e-07,model does not implement synthetic-cycle training,,,,,,,,,,synthetic_full_cycle,synthetic_growth_cycles
BIM-15,OD,hybrid,SARIMA_LSTM,skipped,3.00002284348011e-07,model does not implement synthetic-cycle training,,,,,,,,,,synthetic_full_cycle,synthetic_growth_cycles
BIM-15,OD,hybrid,ODE_ML,skipped,3.00002284348011e-07,model does not implement synthetic-cycle training,,,,,,,,,,synthetic_full_cycle,synthetic_growth_cycles
BIM-15,OD,hybrid,Gompertz_Random_Forest,skipped,4.00003045797348e-07,model does not implement synthetic-cycle training,,,,,,,,,,synthetic_full_cycle,synthetic_growth_cycles
BIM-15,OD,hybrid,Monod_Neural_Networks,skipped,4.00003045797348e-07,model does not implement synthetic-cycle training,,,,,,,,,,synthetic_full_cycle,synthetic_growth_cycles
BIM-15,OD,hybrid,Kalman_LSTM,skipped,2.00001522898674e-07,model does not implement synthetic-cycle training,,,,,,,,,,synthetic_full_cycle,synthetic_growth_cycles
BIM-15,OD,hybrid,PINNs,skipped,2.00001522898674e-07,model does not implement synthetic-cycle training,,,,,,,,,,synthetic_full_cycle,synthetic_growth_cycles
BIM-15,OD,hybrid,Neural_ODEs,skipped,2.00001522898674e-07,model does not implement synthetic-cycle training,,,,,,,,,,synthetic_full_cycle,synthetic_growth_cycles
BIM-15,OD,hybrid,Digital_Twin_Hybrid,skipped,2.00001522898674e-07,model does not implement synthetic-cycle training,,,,,,,,,,synthetic_full_cycle,synthetic_growth_cycles
BIM-17,OD,classical,Naive_Last,skipped,2.3999891709536314e-06,model does not implement synthetic-cycle training,,,,,,,,,,synthetic_full_cycle,synthetic_growth_cycles
BIM-17,OD,classical,Moving_Average,skipped,6.00004568696022e-07,model does not implement synthetic-cycle training,,,,,,,,,,synthetic_full_cycle,synthetic_growth_cycles
BIM-17,OD,classical,Weighted_Moving_Average,skipped,6.00004568696022e-07,model does not implement synthetic-cycle training,,,,,,,,,,synthetic_full_cycle,synthetic_growth_cycles
BIM-17,OD,classical,Drift,skipped,4.999892553314567e-07,model does not implement synthetic-cycle training,,,,,,,,,,synthetic_full_cycle,synthetic_growth_cycles
BIM-17,OD,classical,Exponential_Smoothing,skipped,6.999907782301307e-07,model does not implement synthetic-cycle training,,,,,,,,,,synthetic_full_cycle,synthetic_growth_cycles
BIM-17,OD,classical,Holt,skipped,3.00002284348011e-07,model does not implement synthetic-cycle training,,,,,,,,,,synthetic_full_cycle,synthetic_growth_cycles
BIM-17,OD,classical,Holt_Winters_Additive,skipped,2.00001522898674e-07,model does not implement synthetic-cycle training,,,,,,,,,,synthetic_full_cycle,synthetic_growth_cycles
BIM-17,OD,classical,Holt_Winters_Multiplicative,skipped,3.00002284348011e-07,model does not implement synthetic-cycle training,,,,,,,,,,synthetic_full_cycle,synthetic_growth_cycles
BIM-17,OD,classical,Brown_Double_Exponential,skipped,2.00001522898674e-07,model does not implement synthetic-cycle training,,,,,,,,,,synthetic_full_cycle,synthetic_growth_cycles
BIM-17,OD,classical,Winters,skipped,2.00001522898674e-07,model does not implement synthetic-cycle training,,,,,,,,,,synthetic_full_cycle,synthetic_growth_cycles
BIM-17,OD,classical,Croston,skipped,7.00005330145359e-07,model does not implement synthetic-cycle training,,,,,,,,,,synthetic_full_cycle,synthetic_growth_cycles
BIM-17,OD,classical,Theta_Method,skipped,2.00001522898674e-07,model does not implement synthetic-cycle training,,,,,,,,,,synthetic_full_cycle,synthetic_growth_cycles
BIM-17,OD,statistical,AR,skipped,3.9998849388211966e-07,model does not implement synthetic-cycle training,,,,,,,,,,synthetic_full_cycle,synthetic_growth_cycles
BIM-17,OD,statistical,MA,skipped,2.9998773243278265e-07,model does not implement synthetic-cycle training,,,,,,,,,,synthetic_full_cycle,synthetic_growth_cycles
BIM-17,OD,statistical,ARMA,skipped,2.00001522898674e-07,model does not implement synthetic-cycle training,,,,,,,,,,synthetic_full_cycle,synthetic_growth_cycles
BIM-17,OD,statistical,ARIMA,skipped,2.00001522898674e-07,model does not implement synthetic-cycle training,,,,,,,,,,synthetic_full_cycle,synthetic_growth_cycles
BIM-17,OD,statistical,SARIMA,skipped,2.00001522898674e-07,model does not implement synthetic-cycle training,,,,,,,,,,synthetic_full_cycle,synthetic_growth_cycles
BIM-17,OD,statistical,ARIMAX,skipped,3.00002284348011e-07,model does not implement synthetic-cycle training,,,,,,,,,,synthetic_full_cycle,synthetic_growth_cycles
BIM-17,OD,statistical,SARIMAX,skipped,2.9998773243278265e-07,model does not implement synthetic-cycle training,,,,,,,,,,synthetic_full_cycle,synthetic_growth_cycles
BIM-17,OD,statistical,VAR,skipped,4.00003045797348e-07,model does not implement synthetic-cycle training,,,,,,,,,,synthetic_full_cycle,synthetic_growth_cycles
BIM-17,OD,statistical,VARMAX,skipped,7.00005330145359e-07,model does not implement synthetic-cycle training,,,,,,,,,,synthetic_full_cycle,synthetic_growth_cycles
BIM-17,OD,statistical,VECM,skipped,6.00004568696022e-07,model does not implement synthetic-cycle training,,,,,,,,,,synthetic_full_cycle,synthetic_growth_cycles
BIM-17,OD,statistical,ARCH,skipped,7.00005330145359e-07,model does not implement synthetic-cycle training,,,,,,,,,,synthetic_full_cycle,synthetic_growth_cycles
BIM-17,OD,statistical,GARCH,skipped,8.00006091594696e-07,model does not implement synthetic-cycle training,,,,,,,,,,synthetic_full_cycle,synthetic_growth_cycles
BIM-17,OD,statistical,State_Space_Model,skipped,7.00005330145359e-07,model does not implement synthetic-cycle training,,,,,,,,,,synthetic_full_cycle,synthetic_growth_cycles
BIM-17,OD,statistical,Dynamic_Linear_Model,skipped,3.9998849388211966e-07,model does not implement synthetic-cycle training,,,,,,,,,,synthetic_full_cycle,synthetic_growth_cycles
BIM-17,OD,statistical,Kalman_Filter,skipped,4.00003045797348e-07,model does not implement synthetic-cycle training,,,,,,,,,,synthetic_full_cycle,synthetic_growth_cycles
BIM-17,OD,statistical,BSTS_proxy,skipped,4.00003045797348e-07,model does not implement synthetic-cycle training,,,,,,,,,,synthetic_full_cycle,synthetic_growth_cycles
BIM-17,OD,biological,Exponential,skipped,4.00003045797348e-07,model does not implement synthetic-cycle training,,,,,,,,,,synthetic_full_cycle,synthetic_growth_cycles
BIM-17,OD,biological,Logistic,skipped,3.00002284348011e-07,model does not implement synthetic-cycle training,,,,,,,,,,synthetic_full_cycle,synthetic_growth_cycles
BIM-17,OD,biological,Gompertz,skipped,2.00001522898674e-07,model does not implement synthetic-cycle training,,,,,,,,,,synthetic_full_cycle,synthetic_growth_cycles
BIM-17,OD,biological,Richards,skipped,3.00002284348011e-07,model does not implement synthetic-cycle training,,,,,,,,,,synthetic_full_cycle,synthetic_growth_cycles
BIM-17,OD,biological,Verhulst,skipped,2.00001522898674e-07,model does not implement synthetic-cycle training,,,,,,,,,,synthetic_full_cycle,synthetic_growth_cycles
BIM-17,OD,biological,Baranyi,skipped,2.00001522898674e-07,model does not implement synthetic-cycle training,,,,,,,,,,synthetic_full_cycle,synthetic_growth_cycles
BIM-17,OD,biological,Bertalanffy,skipped,3.00002284348011e-07,model does not implement synthetic-cycle training,,,,,,,,,,synthetic_full_cycle,synthetic_growth_cycles
BIM-17,OD,biological,Monod,skipped,3.00002284348011e-07,model does not implement synthetic-cycle training,,,,,,,,,,synthetic_full_cycle,synthetic_growth_cycles
BIM-17,OD,biological,Droop,skipped,2.00001522898674e-07,model does not implement synthetic-cycle training,,,,,,,,,,synthetic_full_cycle,synthetic_growth_cycles
BIM-17,OD,biological,Contois,skipped,2.00001522898674e-07,model does not implement synthetic-cycle training,,,,,,,,,,synthetic_full_cycle,synthetic_growth_cycles
BIM-17,OD,biological,Haldane,skipped,3.00002284348011e-07,model does not implement synthetic-cycle training,,,,,,,,,,synthetic_full_cycle,synthetic_growth_cycles
BIM-17,OD,biological,Andrews,skipped,2.00001522898674e-07,model does not implement synthetic-cycle training,,,,,,,,,,synthetic_full_cycle,synthetic_growth_cycles
BIM-17,OD,biological,Tessier,skipped,3.00002284348011e-07,model does not implement synthetic-cycle training,,,,,,,,,,synthetic_full_cycle,synthetic_growth_cycles
BIM-17,OD,biological,Moser,skipped,2.00001522898674e-07,model does not implement synthetic-cycle training,,,,,,,,,,synthetic_full_cycle,synthetic_growth_cycles
BIM-17,OD,biological,Eilers_Peeters,skipped,2.00001522898674e-07,model does not implement synthetic-cycle training,,,,,,,,,,synthetic_full_cycle,synthetic_growth_cycles
BIM-17,OD,biological,Steele,skipped,3.00002284348011e-07,model does not implement synthetic-cycle training,,,,,,,,,,synthetic_full_cycle,synthetic_growth_cycles
BIM-17,OD,biological,Photo_Limited,skipped,2.00001522898674e-07,model does not implement synthetic-cycle training,,,,,,,,,,synthetic_full_cycle,synthetic_growth_cycles
BIM-17,OD,biological,Photo_Inhibited,skipped,3.00002284348011e-07,model does not implement synthetic-cycle training,,,,,,,,,,synthetic_full_cycle,synthetic_growth_cycles
BIM-17,OD,biological,Cell_Mortality,skipped,1.9998697098344564e-07,model does not implement synthetic-cycle training,,,,,,,,,,synthetic_full_cycle,synthetic_growth_cycles
BIM-17,OD,biological,Lotka_Volterra,skipped,3.9998849388211966e-07,model does not implement synthetic-cycle training,,,,,,,,,,synthetic_full_cycle,synthetic_growth_cycles
BIM-17,OD,biological,Bioenergetic_Dynamic,skipped,3.00002284348011e-07,model does not implement synthetic-cycle training,,,,,,,,,,synthetic_full_cycle,synthetic_growth_cycles
BIM-17,OD,biological,Dynamic_Metabolic,skipped,2.00001522898674e-07,model does not implement synthetic-cycle training,,,,,,,,,,synthetic_full_cycle,synthetic_growth_cycles
BIM-17,OD,differential_equations,ODE_Logistic,skipped,2.00001522898674e-07,model does not implement synthetic-cycle training,,,,,,,,,,synthetic_full_cycle,synthetic_growth_cycles
BIM-17,OD,differential_equations,ODE_Monod_Chemostat,skipped,2.00001522898674e-07,model does not implement synthetic-cycle training,,,,,,,,,,synthetic_full_cycle,synthetic_growth_cycles
BIM-17,OD,differential_equations,Chemostat_Model,skipped,3.00002284348011e-07,model does not implement synthetic-cycle training,,,,,,,,,,synthetic_full_cycle,synthetic_growth_cycles
BIM-17,OD,differential_equations,PDE,skipped,5.00003807246685e-07,model does not implement synthetic-cycle training,,,,,,,,,,synthetic_full_cycle,synthetic_growth_cycles
BIM-17,OD,differential_equations,DDE,skipped,2.00001522898674e-07,model does not implement synthetic-cycle training,,,,,,,,,,synthetic_full_cycle,synthetic_growth_cycles
BIM-17,OD,differential_equations,Reaction_Diffusion,skipped,2.00001522898674e-07,model does not implement synthetic-cycle training,,,,,,,,,,synthetic_full_cycle,synthetic_growth_cycles
BIM-17,OD,differential_equations,Population_Balance_Model,skipped,1.9998697098344564e-07,model does not implement synthetic-cycle training,,,,,,,,,,synthetic_full_cycle,synthetic_growth_cycles
BIM-17,OD,differential_equations,dFBA,skipped,2.00001522898674e-07,model does not implement synthetic-cycle training,,,,,,,,,,synthetic_full_cycle,synthetic_growth_cycles
BIM-17,OD,probabilistic,Hidden_Markov_Models,skipped,4.00003045797348e-07,model does not implement synthetic-cycle training,,,,,,,,,,synthetic_full_cycle,synthetic_growth_cycles
BIM-17,OD,probabilistic,Markov_Chains,skipped,4.00003045797348e-07,model does not implement synthetic-cycle training,,,,,,,,,,synthetic_full_cycle,synthetic_growth_cycles
BIM-17,OD,probabilistic,Semi_Markov,skipped,2.00001522898674e-07,model does not implement synthetic-cycle training,,,,,,,,,,synthetic_full_cycle,synthetic_growth_cycles
BIM-17,OD,probabilistic,Gaussian_Processes,skipped,4.00003045797348e-07,model does not implement synthetic-cycle training,,,,,,,,,,synthetic_full_cycle,synthetic_growth_cycles
BIM-17,OD,probabilistic,Bayesian_Networks,skipped,2.00001522898674e-07,model does not implement synthetic-cycle training,,,,,,,,,,synthetic_full_cycle,synthetic_growth_cycles
BIM-17,OD,probabilistic,Particle_Filters,skipped,4.00003045797348e-07,model does not implement synthetic-cycle training,,,,,,,,,,synthetic_full_cycle,synthetic_growth_cycles
BIM-17,OD,probabilistic,Monte_Carlo,skipped,7.999915396794677e-07,model does not implement synthetic-cycle training,,,,,,,,,,synthetic_full_cycle,synthetic_growth_cycles
BIM-17,OD,probabilistic,Sequential_Monte_Carlo,skipped,3.00002284348011e-07,model does not implement synthetic-cycle training,,,,,,,,,,synthetic_full_cycle,synthetic_growth_cycles
BIM-17,OD,probabilistic,Probabilistic_Graphical_Models,skipped,2.00001522898674e-07,model does not implement synthetic-cycle training,,,,,,,,,,synthetic_full_cycle,synthetic_growth_cycles
BIM-17,OD,machine_learning,Linear_Regression,skipped,2.00001522898674e-07,model does not implement synthetic-cycle training,,,,,,,,,,synthetic_full_cycle,synthetic_growth_cycles
BIM-17,OD,machine_learning,Polynomial_Regression,skipped,3.00002284348011e-07,model does not implement synthetic-cycle training,,,,,,,,,,synthetic_full_cycle,synthetic_growth_cycles
BIM-17,OD,machine_learning,Ridge,skipped,2.00001522898674e-07,model does not implement synthetic-cycle training,,,,,,,,,,synthetic_full_cycle,synthetic_growth_cycles
BIM-17,OD,machine_learning,Lasso,skipped,2.00001522898674e-07,model does not implement synthetic-cycle training,,,,,,,,,,synthetic_full_cycle,synthetic_growth_cycles
BIM-17,OD,machine_learning,Elastic_Net,skipped,2.00001522898674e-07,model does not implement synthetic-cycle training,,,,,,,,,,synthetic_full_cycle,synthetic_growth_cycles
BIM-17,OD,machine_learning,Decision_Trees,skipped,2.00001522898674e-07,model does not implement synthetic-cycle training,,,,,,,,,,synthetic_full_cycle,synthetic_growth_cycles
BIM-17,OD,machine_learning,Random_Forest,skipped,2.00001522898674e-07,model does not implement synthetic-cycle training,,,,,,,,,,synthetic_full_cycle,synthetic_growth_cycles
BIM-17,OD,machine_learning,Extra_Trees,skipped,2.00001522898674e-07,model does not implement synthetic-cycle training,,,,,,,,,,synthetic_full_cycle,synthetic_growth_cycles
BIM-17,OD,machine_learning,Gradient_Boosting,skipped,2.00001522898674e-07,model does not implement synthetic-cycle training,,,,,,,,,,synthetic_full_cycle,synthetic_growth_cycles
BIM-17,OD,machine_learning,AdaBoost,skipped,1.9998697098344564e-07,model does not implement synthetic-cycle training,,,,,,,,,,synthetic_full_cycle,synthetic_growth_cycles
BIM-17,OD,machine_learning,XGBoost,skipped,1.9998697098344564e-07,model does not implement synthetic-cycle training,,,,,,,,,,synthetic_full_cycle,synthetic_growth_cycles
BIM-17,OD,machine_learning,LightGBM,skipped,2.00001522898674e-07,model does not implement synthetic-cycle training,,,,,,,,,,synthetic_full_cycle,synthetic_growth_cycles
BIM-17,OD,machine_learning,CatBoost,skipped,2.00001522898674e-07,model does not implement synthetic-cycle training,,,,,,,,,,synthetic_full_cycle,synthetic_growth_cycles
BIM-17,OD,machine_learning,SVR,skipped,1.9998697098344564e-07,model does not implement synthetic-cycle training,,,,,,,,,,synthetic_full_cycle,synthetic_growth_cycles
BIM-17,OD,machine_learning,KNN,skipped,2.00001522898674e-07,model does not implement synthetic-cycle training,,,,,,,,,,synthetic_full_cycle,synthetic_growth_cycles
BIM-17,OD,machine_learning,Gaussian_Process_Regression,skipped,2.00001522898674e-07,model does not implement synthetic-cycle training,,,,,,,,,,synthetic_full_cycle,synthetic_growth_cycles
BIM-17,OD,machine_learning,PLS,skipped,3.00002284348011e-07,model does not implement synthetic-cycle training,,,,,,,,,,synthetic_full_cycle,synthetic_growth_cycles
BIM-17,OD,machine_learning,PCR,skipped,2.00001522898674e-07,model does not implement synthetic-cycle training,,,,,,,,,,synthetic_full_cycle,synthetic_growth_cycles
BIM-17,OD,deep_learning,MLP,skipped,2.00001522898674e-07,model does not implement synthetic-cycle training,,,,,,,,,,synthetic_full_cycle,synthetic_growth_cycles
BIM-17,OD,deep_learning,RNN,skipped,4.00003045797348e-07,model does not implement synthetic-cycle training,,,,,,,,,,synthetic_full_cycle,synthetic_growth_cycles
BIM-17,OD,deep_learning,LSTM,skipped,2.00001522898674e-07,model does not implement synthetic-cycle training,,,,,,,,,,synthetic_full_cycle,synthetic_growth_cycles
BIM-17,OD,deep_learning,Bidirectional_LSTM,skipped,2.00001522898674e-07,model does not implement synthetic-cycle training,,,,,,,,,,synthetic_full_cycle,synthetic_growth_cycles
BIM-17,OD,deep_learning,GRU,skipped,2.00001522898674e-07,model does not implement synthetic-cycle training,,,,,,,,,,synthetic_full_cycle,synthetic_growth_cycles
BIM-17,OD,deep_learning,CNN_temporal,skipped,2.00001522898674e-07,model does not implement synthetic-cycle training,,,,,,,,,,synthetic_full_cycle,synthetic_growth_cycles
BIM-17,OD,deep_learning,Seq2Seq,skipped,3.00002284348011e-07,model does not implement synthetic-cycle training,,,,,,,,,,synthetic_full_cycle,synthetic_growth_cycles
BIM-17,OD,deep_learning,TCN,skipped,2.00001522898674e-07,model does not implement synthetic-cycle training,,,,,,,,,,synthetic_full_cycle,synthetic_growth_cycles
BIM-17,OD,deep_learning,DeepAR,skipped,4.999892553314567e-07,model does not implement synthetic-cycle training,,,,,,,,,,synthetic_full_cycle,synthetic_growth_cycles
BIM-17,OD,deep_learning,N_BEATS,skipped,2.00001522898674e-07,model does not implement synthetic-cycle training,,,,,,,,,,synthetic_full_cycle,synthetic_growth_cycles
BIM-17,OD,deep_learning,N_HiTS,skipped,2.00001522898674e-07,model does not implement synthetic-cycle training,,,,,,,,,,synthetic_full_cycle,synthetic_growth_cycles
BIM-17,OD,deep_learning,TFT,skipped,2.00001522898674e-07,model does not implement synthetic-cycle training,,,,,,,,,,synthetic_full_cycle,synthetic_growth_cycles
BIM-17,OD,deep_learning,Temporal_Transformers,skipped,1.9998697098344564e-07,model does not implement synthetic-cycle training,,,,,,,,,,synthetic_full_cycle,synthetic_growth_cycles
BIM-17,OD,deep_learning,Informer,skipped,2.00001522898674e-07,model does not implement synthetic-cycle training,,,,,,,,,,synthetic_full_cycle,synthetic_growth_cycles
BIM-17,OD,deep_learning,Autoformer,skipped,3.00002284348011e-07,model does not implement synthetic-cycle training,,,,,,,,,,synthetic_full_cycle,synthetic_growth_cycles
BIM-17,OD,deep_learning,PatchTST,skipped,3.00002284348011e-07,model does not implement synthetic-cycle training,,,,,,,,,,synthetic_full_cycle,synthetic_growth_cycles
BIM-17,OD,hybrid,ARIMA_XGBoost,skipped,4.00003045797348e-07,model does not implement synthetic-cycle training,,,,,,,,,,synthetic_full_cycle,synthetic_growth_cycles
BIM-17,OD,hybrid,SARIMA_LSTM,skipped,3.00002284348011e-07,model does not implement synthetic-cycle training,,,,,,,,,,synthetic_full_cycle,synthetic_growth_cycles
BIM-17,OD,hybrid,ODE_ML,skipped,4.00003045797348e-07,model does not implement synthetic-cycle training,,,,,,,,,,synthetic_full_cycle,synthetic_growth_cycles
BIM-17,OD,hybrid,Gompertz_Random_Forest,skipped,4.00003045797348e-07,model does not implement synthetic-cycle training,,,,,,,,,,synthetic_full_cycle,synthetic_growth_cycles
BIM-17,OD,hybrid,Monod_Neural_Networks,skipped,2.00001522898674e-07,model does not implement synthetic-cycle training,,,,,,,,,,synthetic_full_cycle,synthetic_growth_cycles
BIM-17,OD,hybrid,Kalman_LSTM,skipped,2.00001522898674e-07,model does not implement synthetic-cycle training,,,,,,,,,,synthetic_full_cycle,synthetic_growth_cycles
BIM-17,OD,hybrid,PINNs,skipped,1.9998697098344564e-07,model does not implement synthetic-cycle training,,,,,,,,,,synthetic_full_cycle,synthetic_growth_cycles
BIM-17,OD,hybrid,Neural_ODEs,skipped,2.00001522898674e-07,model does not implement synthetic-cycle training,,,,,,,,,,synthetic_full_cycle,synthetic_growth_cycles
BIM-17,OD,hybrid,Digital_Twin_Hybrid,skipped,2.00001522898674e-07,model does not implement synthetic-cycle training,,,,,,,,,,synthetic_full_cycle,synthetic_growth_cycles
BIM-20,OD,classical,Naive_Last,skipped,2.5999906938523054e-06,model does not implement synthetic-cycle training,,,,,,,,,,synthetic_full_cycle,synthetic_growth_cycles
BIM-20,OD,classical,Moving_Average,skipped,8.00006091594696e-07,model does not implement synthetic-cycle training,,,,,,,,,,synthetic_full_cycle,synthetic_growth_cycles
BIM-20,OD,classical,Weighted_Moving_Average,skipped,6.00004568696022e-07,model does not implement synthetic-cycle training,,,,,,,,,,synthetic_full_cycle,synthetic_growth_cycles
BIM-20,OD,classical,Drift,skipped,3.9998849388211966e-07,model does not implement synthetic-cycle training,,,,,,,,,,synthetic_full_cycle,synthetic_growth_cycles
BIM-20,OD,classical,Exponential_Smoothing,skipped,5.00003807246685e-07,model does not implement synthetic-cycle training,,,,,,,,,,synthetic_full_cycle,synthetic_growth_cycles
BIM-20,OD,classical,Holt,skipped,2.00001522898674e-07,model does not implement synthetic-cycle training,,,,,,,,,,synthetic_full_cycle,synthetic_growth_cycles
BIM-20,OD,classical,Holt_Winters_Additive,skipped,2.00001522898674e-07,model does not implement synthetic-cycle training,,,,,,,,,,synthetic_full_cycle,synthetic_growth_cycles
BIM-20,OD,classical,Holt_Winters_Multiplicative,skipped,3.00002284348011e-07,model does not implement synthetic-cycle training,,,,,,,,,,synthetic_full_cycle,synthetic_growth_cycles
BIM-20,OD,classical,Brown_Double_Exponential,skipped,2.00001522898674e-07,model does not implement synthetic-cycle training,,,,,,,,,,synthetic_full_cycle,synthetic_growth_cycles
BIM-20,OD,classical,Winters,skipped,2.00001522898674e-07,model does not implement synthetic-cycle training,,,,,,,,,,synthetic_full_cycle,synthetic_growth_cycles
BIM-20,OD,classical,Croston,skipped,4.00003045797348e-07,model does not implement synthetic-cycle training,,,,,,,,,,synthetic_full_cycle,synthetic_growth_cycles
BIM-20,OD,classical,Theta_Method,skipped,2.00001522898674e-07,model does not implement synthetic-cycle training,,,,,,,,,,synthetic_full_cycle,synthetic_growth_cycles
BIM-20,OD,statistical,AR,skipped,3.9998849388211966e-07,model does not implement synthetic-cycle training,,,,,,,,,,synthetic_full_cycle,synthetic_growth_cycles
BIM-20,OD,statistical,MA,skipped,2.00001522898674e-07,model does not implement synthetic-cycle training,,,,,,,,,,synthetic_full_cycle,synthetic_growth_cycles
BIM-20,OD,statistical,ARMA,skipped,2.00001522898674e-07,model does not implement synthetic-cycle training,,,,,,,,,,synthetic_full_cycle,synthetic_growth_cycles
BIM-20,OD,statistical,ARIMA,skipped,3.00002284348011e-07,model does not implement synthetic-cycle training,,,,,,,,,,synthetic_full_cycle,synthetic_growth_cycles
BIM-20,OD,statistical,SARIMA,skipped,3.00002284348011e-07,model does not implement synthetic-cycle training,,,,,,,,,,synthetic_full_cycle,synthetic_growth_cycles
BIM-20,OD,statistical,ARIMAX,skipped,2.00001522898674e-07,model does not implement synthetic-cycle training,,,,,,,,,,synthetic_full_cycle,synthetic_growth_cycles
BIM-20,OD,statistical,SARIMAX,skipped,2.00001522898674e-07,model does not implement synthetic-cycle training,,,,,,,,,,synthetic_full_cycle,synthetic_growth_cycles
BIM-20,OD,statistical,VAR,skipped,4.999892553314567e-07,model does not implement synthetic-cycle training,,,,,,,,,,synthetic_full_cycle,synthetic_growth_cycles
BIM-20,OD,statistical,VARMAX,skipped,2.00001522898674e-07,model does not implement synthetic-cycle training,,,,,,,,,,synthetic_full_cycle,synthetic_growth_cycles
BIM-20,OD,statistical,VECM,skipped,2.00001522898674e-07,model does not implement synthetic-cycle training,,,,,,,,,,synthetic_full_cycle,synthetic_growth_cycles
BIM-20,OD,statistical,ARCH,skipped,4.00003045797348e-07,model does not implement synthetic-cycle training,,,,,,,,,,synthetic_full_cycle,synthetic_growth_cycles
BIM-20,OD,statistical,GARCH,skipped,2.9998773243278265e-07,model does not implement synthetic-cycle training,,,,,,,,,,synthetic_full_cycle,synthetic_growth_cycles
BIM-20,OD,statistical,State_Space_Model,skipped,6.999907782301307e-07,model does not implement synthetic-cycle training,,,,,,,,,,synthetic_full_cycle,synthetic_growth_cycles
BIM-20,OD,statistical,Dynamic_Linear_Model,skipped,2.00001522898674e-07,model does not implement synthetic-cycle training,,,,,,,,,,synthetic_full_cycle,synthetic_growth_cycles
BIM-20,OD,statistical,Kalman_Filter,skipped,2.9998773243278265e-07,model does not implement synthetic-cycle training,,,,,,,,,,synthetic_full_cycle,synthetic_growth_cycles
BIM-20,OD,statistical,BSTS_proxy,skipped,2.00001522898674e-07,model does not implement synthetic-cycle training,,,,,,,,,,synthetic_full_cycle,synthetic_growth_cycles
BIM-20,OD,biological,Exponential,skipped,4.00003045797348e-07,model does not implement synthetic-cycle training,,,,,,,,,,synthetic_full_cycle,synthetic_growth_cycles
BIM-20,OD,biological,Logistic,skipped,3.00002284348011e-07,model does not implement synthetic-cycle training,,,,,,,,,,synthetic_full_cycle,synthetic_growth_cycles
BIM-20,OD,biological,Gompertz,skipped,3.00002284348011e-07,model does not implement synthetic-cycle training,,,,,,,,,,synthetic_full_cycle,synthetic_growth_cycles
BIM-20,OD,biological,Richards,skipped,2.00001522898674e-07,model does not implement synthetic-cycle training,,,,,,,,,,synthetic_full_cycle,synthetic_growth_cycles
BIM-20,OD,biological,Verhulst,skipped,3.00002284348011e-07,model does not implement synthetic-cycle training,,,,,,,,,,synthetic_full_cycle,synthetic_growth_cycles
BIM-20,OD,biological,Baranyi,skipped,2.00001522898674e-07,model does not implement synthetic-cycle training,,,,,,,,,,synthetic_full_cycle,synthetic_growth_cycles
BIM-20,OD,biological,Bertalanffy,skipped,2.00001522898674e-07,model does not implement synthetic-cycle training,,,,,,,,,,synthetic_full_cycle,synthetic_growth_cycles
BIM-20,OD,biological,Monod,skipped,2.00001522898674e-07,model does not implement synthetic-cycle training,,,,,,,,,,synthetic_full_cycle,synthetic_growth_cycles
BIM-20,OD,biological,Droop,skipped,2.9998773243278265e-07,model does not implement synthetic-cycle training,,,,,,,,,,synthetic_full_cycle,synthetic_growth_cycles
BIM-20,OD,biological,Contois,skipped,2.00001522898674e-07,model does not implement synthetic-cycle training,,,,,,,,,,synthetic_full_cycle,synthetic_growth_cycles
BIM-20,OD,biological,Haldane,skipped,2.00001522898674e-07,model does not implement synthetic-cycle training,,,,,,,,,,synthetic_full_cycle,synthetic_growth_cycles
BIM-20,OD,biological,Andrews,skipped,2.00001522898674e-07,model does not implement synthetic-cycle training,,,,,,,,,,synthetic_full_cycle,synthetic_growth_cycles
BIM-20,OD,biological,Tessier,skipped,2.00001522898674e-07,model does not implement synthetic-cycle training,,,,,,,,,,synthetic_full_cycle,synthetic_growth_cycles
BIM-20,OD,biological,Moser,skipped,2.00001522898674e-07,model does not implement synthetic-cycle training,,,,,,,,,,synthetic_full_cycle,synthetic_growth_cycles
BIM-20,OD,biological,Eilers_Peeters,skipped,1.9998697098344564e-07,model does not implement synthetic-cycle training,,,,,,,,,,synthetic_full_cycle,synthetic_growth_cycles
BIM-20,OD,biological,Steele,skipped,2.00001522898674e-07,model does not implement synthetic-cycle training,,,,,,,,,,synthetic_full_cycle,synthetic_growth_cycles
BIM-20,OD,biological,Photo_Limited,skipped,3.00002284348011e-07,model does not implement synthetic-cycle training,,,,,,,,,,synthetic_full_cycle,synthetic_growth_cycles
BIM-20,OD,biological,Photo_Inhibited,skipped,2.00001522898674e-07,model does not implement synthetic-cycle training,,,,,,,,,,synthetic_full_cycle,synthetic_growth_cycles
BIM-20,OD,biological,Cell_Mortality,skipped,1.9998697098344564e-07,model does not implement synthetic-cycle training,,,,,,,,,,synthetic_full_cycle,synthetic_growth_cycles
BIM-20,OD,biological,Lotka_Volterra,skipped,2.00001522898674e-07,model does not implement synthetic-cycle training,,,,,,,,,,synthetic_full_cycle,synthetic_growth_cycles
BIM-20,OD,biological,Bioenergetic_Dynamic,skipped,2.00001522898674e-07,model does not implement synthetic-cycle training,,,,,,,,,,synthetic_full_cycle,synthetic_growth_cycles
BIM-20,OD,biological,Dynamic_Metabolic,skipped,2.00001522898674e-07,model does not implement synthetic-cycle training,,,,,,,,,,synthetic_full_cycle,synthetic_growth_cycles
BIM-20,OD,differential_equations,ODE_Logistic,skipped,1.9998697098344564e-07,model does not implement synthetic-cycle training,,,,,,,,,,synthetic_full_cycle,synthetic_growth_cycles
BIM-20,OD,differential_equations,ODE_Monod_Chemostat,skipped,2.00001522898674e-07,model does not implement synthetic-cycle training,,,,,,,,,,synthetic_full_cycle,synthetic_growth_cycles
BIM-20,OD,differential_equations,Chemostat_Model,skipped,2.00001522898674e-07,model does not implement synthetic-cycle training,,,,,,,,,,synthetic_full_cycle,synthetic_growth_cycles
BIM-20,OD,differential_equations,PDE,skipped,4.00003045797348e-07,model does not implement synthetic-cycle training,,,,,,,,,,synthetic_full_cycle,synthetic_growth_cycles
BIM-20,OD,differential_equations,DDE,skipped,2.00001522898674e-07,model does not implement synthetic-cycle training,,,,,,,,,,synthetic_full_cycle,synthetic_growth_cycles
BIM-20,OD,differential_equations,Reaction_Diffusion,skipped,2.9998773243278265e-07,model does not implement synthetic-cycle training,,,,,,,,,,synthetic_full_cycle,synthetic_growth_cycles
BIM-20,OD,differential_equations,Population_Balance_Model,skipped,2.00001522898674e-07,model does not implement synthetic-cycle training,,,,,,,,,,synthetic_full_cycle,synthetic_growth_cycles
BIM-20,OD,differential_equations,dFBA,skipped,2.00001522898674e-07,model does not implement synthetic-cycle training,,,,,,,,,,synthetic_full_cycle,synthetic_growth_cycles
BIM-20,OD,probabilistic,Hidden_Markov_Models,skipped,3.00002284348011e-07,model does not implement synthetic-cycle training,,,,,,,,,,synthetic_full_cycle,synthetic_growth_cycles
BIM-20,OD,probabilistic,Markov_Chains,skipped,4.00003045797348e-07,model does not implement synthetic-cycle training,,,,,,,,,,synthetic_full_cycle,synthetic_growth_cycles
BIM-20,OD,probabilistic,Semi_Markov,skipped,3.00002284348011e-07,model does not implement synthetic-cycle training,,,,,,,,,,synthetic_full_cycle,synthetic_growth_cycles
BIM-20,OD,probabilistic,Gaussian_Processes,skipped,6.00004568696022e-07,model does not implement synthetic-cycle training,,,,,,,,,,synthetic_full_cycle,synthetic_growth_cycles
BIM-20,OD,probabilistic,Bayesian_Networks,skipped,2.00001522898674e-07,model does not implement synthetic-cycle training,,,,,,,,,,synthetic_full_cycle,synthetic_growth_cycles
BIM-20,OD,probabilistic,Particle_Filters,skipped,3.9998849388211966e-07,model does not implement synthetic-cycle training,,,,,,,,,,synthetic_full_cycle,synthetic_growth_cycles
BIM-20,OD,probabilistic,Monte_Carlo,skipped,7.999915396794677e-07,model does not implement synthetic-cycle training,,,,,,,,,,synthetic_full_cycle,synthetic_growth_cycles
BIM-20,OD,probabilistic,Sequential_Monte_Carlo,skipped,4.00003045797348e-07,model does not implement synthetic-cycle training,,,,,,,,,,synthetic_full_cycle,synthetic_growth_cycles
BIM-20,OD,probabilistic,Probabilistic_Graphical_Models,skipped,2.00001522898674e-07,model does not implement synthetic-cycle training,,,,,,,,,,synthetic_full_cycle,synthetic_growth_cycles
BIM-20,OD,machine_learning,Linear_Regression,skipped,5.00003807246685e-07,model does not implement synthetic-cycle training,,,,,,,,,,synthetic_full_cycle,synthetic_growth_cycles
BIM-20,OD,machine_learning,Polynomial_Regression,skipped,2.00001522898674e-07,model does not implement synthetic-cycle training,,,,,,,,,,synthetic_full_cycle,synthetic_growth_cycles
BIM-20,OD,machine_learning,Ridge,skipped,2.00001522898674e-07,model does not implement synthetic-cycle training,,,,,,,,,,synthetic_full_cycle,synthetic_growth_cycles
BIM-20,OD,machine_learning,Lasso,skipped,1.9998697098344564e-07,model does not implement synthetic-cycle training,,,,,,,,,,synthetic_full_cycle,synthetic_growth_cycles
BIM-20,OD,machine_learning,Elastic_Net,skipped,3.00002284348011e-07,model does not implement synthetic-cycle training,,,,,,,,,,synthetic_full_cycle,synthetic_growth_cycles
BIM-20,OD,machine_learning,Decision_Trees,skipped,2.00001522898674e-07,model does not implement synthetic-cycle training,,,,,,,,,,synthetic_full_cycle,synthetic_growth_cycles
BIM-20,OD,machine_learning,Random_Forest,skipped,2.00001522898674e-07,model does not implement synthetic-cycle training,,,,,,,,,,synthetic_full_cycle,synthetic_growth_cycles
BIM-20,OD,machine_learning,Extra_Trees,skipped,2.00001522898674e-07,model does not implement synthetic-cycle training,,,,,,,,,,synthetic_full_cycle,synthetic_growth_cycles
BIM-20,OD,machine_learning,Gradient_Boosting,skipped,2.9998773243278265e-07,model does not implement synthetic-cycle training,,,,,,,,,,synthetic_full_cycle,synthetic_growth_cycles
BIM-20,OD,machine_learning,AdaBoost,skipped,3.00002284348011e-07,model does not implement synthetic-cycle training,,,,,,,,,,synthetic_full_cycle,synthetic_growth_cycles
BIM-20,OD,machine_learning,XGBoost,skipped,3.00002284348011e-07,model does not implement synthetic-cycle training,,,,,,,,,,synthetic_full_cycle,synthetic_growth_cycles
BIM-20,OD,machine_learning,LightGBM,skipped,2.00001522898674e-07,model does not implement synthetic-cycle training,,,,,,,,,,synthetic_full_cycle,synthetic_growth_cycles
BIM-20,OD,machine_learning,CatBoost,skipped,4.00003045797348e-07,model does not implement synthetic-cycle training,,,,,,,,,,synthetic_full_cycle,synthetic_growth_cycles
BIM-20,OD,machine_learning,SVR,skipped,3.00002284348011e-07,model does not implement synthetic-cycle training,,,,,,,,,,synthetic_full_cycle,synthetic_growth_cycles
BIM-20,OD,machine_learning,KNN,skipped,2.00001522898674e-07,model does not implement synthetic-cycle training,,,,,,,,,,synthetic_full_cycle,synthetic_growth_cycles
BIM-20,OD,machine_learning,Gaussian_Process_Regression,skipped,2.00001522898674e-07,model does not implement synthetic-cycle training,,,,,,,,,,synthetic_full_cycle,synthetic_growth_cycles
BIM-20,OD,machine_learning,PLS,skipped,2.00001522898674e-07,model does not implement synthetic-cycle training,,,,,,,,,,synthetic_full_cycle,synthetic_growth_cycles
BIM-20,OD,machine_learning,PCR,skipped,2.00001522898674e-07,model does not implement synthetic-cycle training,,,,,,,,,,synthetic_full_cycle,synthetic_growth_cycles
BIM-20,OD,deep_learning,MLP,skipped,3.00002284348011e-07,model does not implement synthetic-cycle training,,,,,,,,,,synthetic_full_cycle,synthetic_growth_cycles
BIM-20,OD,deep_learning,RNN,skipped,3.9998849388211966e-07,model does not implement synthetic-cycle training,,,,,,,,,,synthetic_full_cycle,synthetic_growth_cycles
BIM-20,OD,deep_learning,LSTM,skipped,3.00002284348011e-07,model does not implement synthetic-cycle training,,,,,,,,,,synthetic_full_cycle,synthetic_growth_cycles
BIM-20,OD,deep_learning,Bidirectional_LSTM,skipped,2.00001522898674e-07,model does not implement synthetic-cycle training,,,,,,,,,,synthetic_full_cycle,synthetic_growth_cycles
BIM-20,OD,deep_learning,GRU,skipped,4.00003045797348e-07,model does not implement synthetic-cycle training,,,,,,,,,,synthetic_full_cycle,synthetic_growth_cycles
BIM-20,OD,deep_learning,CNN_temporal,skipped,2.00001522898674e-07,model does not implement synthetic-cycle training,,,,,,,,,,synthetic_full_cycle,synthetic_growth_cycles
BIM-20,OD,deep_learning,Seq2Seq,skipped,2.00001522898674e-07,model does not implement synthetic-cycle training,,,,,,,,,,synthetic_full_cycle,synthetic_growth_cycles
BIM-20,OD,deep_learning,TCN,skipped,2.00001522898674e-07,model does not implement synthetic-cycle training,,,,,,,,,,synthetic_full_cycle,synthetic_growth_cycles
BIM-20,OD,deep_learning,DeepAR,skipped,3.00002284348011e-07,model does not implement synthetic-cycle training,,,,,,,,,,synthetic_full_cycle,synthetic_growth_cycles
BIM-20,OD,deep_learning,N_BEATS,skipped,2.00001522898674e-07,model does not implement synthetic-cycle training,,,,,,,,,,synthetic_full_cycle,synthetic_growth_cycles
BIM-20,OD,deep_learning,N_HiTS,skipped,2.00001522898674e-07,model does not implement synthetic-cycle training,,,,,,,,,,synthetic_full_cycle,synthetic_growth_cycles
BIM-20,OD,deep_learning,TFT,skipped,2.00001522898674e-07,model does not implement synthetic-cycle training,,,,,,,,,,synthetic_full_cycle,synthetic_growth_cycles
BIM-20,OD,deep_learning,Temporal_Transformers,skipped,2.00001522898674e-07,model does not implement synthetic-cycle training,,,,,,,,,,synthetic_full_cycle,synthetic_growth_cycles
BIM-20,OD,deep_learning,Informer,skipped,2.00001522898674e-07,model does not implement synthetic-cycle training,,,,,,,,,,synthetic_full_cycle,synthetic_growth_cycles
BIM-20,OD,deep_learning,Autoformer,skipped,3.00002284348011e-07,model does not implement synthetic-cycle training,,,,,,,,,,synthetic_full_cycle,synthetic_growth_cycles
BIM-20,OD,deep_learning,PatchTST,skipped,3.00002284348011e-07,model does not implement synthetic-cycle training,,,,,,,,,,synthetic_full_cycle,synthetic_growth_cycles
BIM-20,OD,hybrid,ARIMA_XGBoost,skipped,4.00003045797348e-07,model does not implement synthetic-cycle training,,,,,,,,,,synthetic_full_cycle,synthetic_growth_cycles
BIM-20,OD,hybrid,SARIMA_LSTM,skipped,2.00001522898674e-07,model does not implement synthetic-cycle training,,,,,,,,,,synthetic_full_cycle,synthetic_growth_cycles
BIM-20,OD,hybrid,ODE_ML,skipped,4.00003045797348e-07,model does not implement synthetic-cycle training,,,,,,,,,,synthetic_full_cycle,synthetic_growth_cycles
BIM-20,OD,hybrid,Gompertz_Random_Forest,skipped,4.00003045797348e-07,model does not implement synthetic-cycle training,,,,,,,,,,synthetic_full_cycle,synthetic_growth_cycles
BIM-20,OD,hybrid,Monod_Neural_Networks,skipped,2.00001522898674e-07,model does not implement synthetic-cycle training,,,,,,,,,,synthetic_full_cycle,synthetic_growth_cycles
BIM-20,OD,hybrid,Kalman_LSTM,skipped,2.00001522898674e-07,model does not implement synthetic-cycle training,,,,,,,,,,synthetic_full_cycle,synthetic_growth_cycles
BIM-20,OD,hybrid,PINNs,skipped,2.00001522898674e-07,model does not implement synthetic-cycle training,,,,,,,,,,synthetic_full_cycle,synthetic_growth_cycles
BIM-20,OD,hybrid,Neural_ODEs,skipped,2.00001522898674e-07,model does not implement synthetic-cycle training,,,,,,,,,,synthetic_full_cycle,synthetic_growth_cycles
BIM-20,OD,hybrid,Digital_Twin_Hybrid,skipped,2.00001522898674e-07,model does not implement synthetic-cycle training,,,,,,,,,,synthetic_full_cycle,synthetic_growth_cycles
T1,OD,classical,Naive_Last,skipped,3.200009814463556e-06,model does not implement synthetic-cycle training,,,,,,,,,,synthetic_full_cycle,synthetic_growth_cycles
T1,OD,classical,Moving_Average,skipped,7.00005330145359e-07,model does not implement synthetic-cycle training,,,,,,,,,,synthetic_full_cycle,synthetic_growth_cycles
T1,OD,classical,Weighted_Moving_Average,skipped,6.999907782301307e-07,model does not implement synthetic-cycle training,,,,,,,,,,synthetic_full_cycle,synthetic_growth_cycles
T1,OD,classical,Drift,skipped,5.00003807246685e-07,model does not implement synthetic-cycle training,,,,,,,,,,synthetic_full_cycle,synthetic_growth_cycles
T1,OD,classical,Exponential_Smoothing,skipped,4.00003045797348e-07,model does not implement synthetic-cycle training,,,,,,,,,,synthetic_full_cycle,synthetic_growth_cycles
T1,OD,classical,Holt,skipped,3.00002284348011e-07,model does not implement synthetic-cycle training,,,,,,,,,,synthetic_full_cycle,synthetic_growth_cycles
T1,OD,classical,Holt_Winters_Additive,skipped,2.00001522898674e-07,model does not implement synthetic-cycle training,,,,,,,,,,synthetic_full_cycle,synthetic_growth_cycles
T1,OD,classical,Holt_Winters_Multiplicative,skipped,3.00002284348011e-07,model does not implement synthetic-cycle training,,,,,,,,,,synthetic_full_cycle,synthetic_growth_cycles
T1,OD,classical,Brown_Double_Exponential,skipped,2.00001522898674e-07,model does not implement synthetic-cycle training,,,,,,,,,,synthetic_full_cycle,synthetic_growth_cycles
T1,OD,classical,Winters,skipped,2.9998773243278265e-07,model does not implement synthetic-cycle training,,,,,,,,,,synthetic_full_cycle,synthetic_growth_cycles
T1,OD,classical,Croston,skipped,4.00003045797348e-07,model does not implement synthetic-cycle training,,,,,,,,,,synthetic_full_cycle,synthetic_growth_cycles
T1,OD,classical,Theta_Method,skipped,2.00001522898674e-07,model does not implement synthetic-cycle training,,,,,,,,,,synthetic_full_cycle,synthetic_growth_cycles
T1,OD,statistical,AR,skipped,3.00002284348011e-07,model does not implement synthetic-cycle training,,,,,,,,,,synthetic_full_cycle,synthetic_growth_cycles
T1,OD,statistical,MA,skipped,2.00001522898674e-07,model does not implement synthetic-cycle training,,,,,,,,,,synthetic_full_cycle,synthetic_growth_cycles
T1,OD,statistical,ARMA,skipped,2.00001522898674e-07,model does not implement synthetic-cycle training,,,,,,,,,,synthetic_full_cycle,synthetic_growth_cycles
T1,OD,statistical,ARIMA,skipped,1.9998697098344564e-07,model does not implement synthetic-cycle training,,,,,,,,,,synthetic_full_cycle,synthetic_growth_cycles
T1,OD,statistical,SARIMA,skipped,2.00001522898674e-07,model does not implement synthetic-cycle training,,,,,,,,,,synthetic_full_cycle,synthetic_growth_cycles
T1,OD,statistical,ARIMAX,skipped,2.00001522898674e-07,model does not implement synthetic-cycle training,,,,,,,,,,synthetic_full_cycle,synthetic_growth_cycles
T1,OD,statistical,SARIMAX,skipped,3.00002284348011e-07,model does not implement synthetic-cycle training,,,,,,,,,,synthetic_full_cycle,synthetic_growth_cycles
T1,OD,statistical,VAR,skipped,4.00003045797348e-07,model does not implement synthetic-cycle training,,,,,,,,,,synthetic_full_cycle,synthetic_growth_cycles
T1,OD,statistical,VARMAX,skipped,1.9998697098344564e-07,model does not implement synthetic-cycle training,,,,,,,,,,synthetic_full_cycle,synthetic_growth_cycles
T1,OD,statistical,VECM,skipped,3.00002284348011e-07,model does not implement synthetic-cycle training,,,,,,,,,,synthetic_full_cycle,synthetic_growth_cycles
T1,OD,statistical,ARCH,skipped,5.00003807246685e-07,model does not implement synthetic-cycle training,,,,,,,,,,synthetic_full_cycle,synthetic_growth_cycles
T1,OD,statistical,GARCH,skipped,6.00004568696022e-07,model does not implement synthetic-cycle training,,,,,,,,,,synthetic_full_cycle,synthetic_growth_cycles
T1,OD,statistical,State_Space_Model,skipped,4.00003045797348e-07,model does not implement synthetic-cycle training,,,,,,,,,,synthetic_full_cycle,synthetic_growth_cycles
T1,OD,statistical,Dynamic_Linear_Model,skipped,2.00001522898674e-07,model does not implement synthetic-cycle training,,,,,,,,,,synthetic_full_cycle,synthetic_growth_cycles
T1,OD,statistical,Kalman_Filter,skipped,3.00002284348011e-07,model does not implement synthetic-cycle training,,,,,,,,,,synthetic_full_cycle,synthetic_growth_cycles
T1,OD,statistical,BSTS_proxy,skipped,2.00001522898674e-07,model does not implement synthetic-cycle training,,,,,,,,,,synthetic_full_cycle,synthetic_growth_cycles
T1,OD,biological,Exponential,skipped,4.999892553314567e-07,model does not implement synthetic-cycle training,,,,,,,,,,synthetic_full_cycle,synthetic_growth_cycles
T1,OD,biological,Logistic,skipped,3.00002284348011e-07,model does not implement synthetic-cycle training,,,,,,,,,,synthetic_full_cycle,synthetic_growth_cycles
T1,OD,biological,Gompertz,skipped,2.00001522898674e-07,model does not implement synthetic-cycle training,,,,,,,,,,synthetic_full_cycle,synthetic_growth_cycles
T1,OD,biological,Richards,skipped,2.00001522898674e-07,model does not implement synthetic-cycle training,,,,,,,,,,synthetic_full_cycle,synthetic_growth_cycles
T1,OD,biological,Verhulst,skipped,2.00001522898674e-07,model does not implement synthetic-cycle training,,,,,,,,,,synthetic_full_cycle,synthetic_growth_cycles
T1,OD,biological,Baranyi,skipped,3.00002284348011e-07,model does not implement synthetic-cycle training,,,,,,,,,,synthetic_full_cycle,synthetic_growth_cycles
T1,OD,biological,Bertalanffy,skipped,2.00001522898674e-07,model does not implement synthetic-cycle training,,,,,,,,,,synthetic_full_cycle,synthetic_growth_cycles
T1,OD,biological,Monod,skipped,2.9998773243278265e-07,model does not implement synthetic-cycle training,,,,,,,,,,synthetic_full_cycle,synthetic_growth_cycles
T1,OD,biological,Droop,skipped,2.00001522898674e-07,model does not implement synthetic-cycle training,,,,,,,,,,synthetic_full_cycle,synthetic_growth_cycles
T1,OD,biological,Contois,skipped,2.00001522898674e-07,model does not implement synthetic-cycle training,,,,,,,,,,synthetic_full_cycle,synthetic_growth_cycles
T1,OD,biological,Haldane,skipped,2.00001522898674e-07,model does not implement synthetic-cycle training,,,,,,,,,,synthetic_full_cycle,synthetic_growth_cycles
T1,OD,biological,Andrews,skipped,2.00001522898674e-07,model does not implement synthetic-cycle training,,,,,,,,,,synthetic_full_cycle,synthetic_growth_cycles
T1,OD,biological,Tessier,skipped,3.00002284348011e-07,model does not implement synthetic-cycle training,,,,,,,,,,synthetic_full_cycle,synthetic_growth_cycles
T1,OD,biological,Moser,skipped,3.00002284348011e-07,model does not implement synthetic-cycle training,,,,,,,,,,synthetic_full_cycle,synthetic_growth_cycles
T1,OD,biological,Eilers_Peeters,skipped,2.00001522898674e-07,model does not implement synthetic-cycle training,,,,,,,,,,synthetic_full_cycle,synthetic_growth_cycles
T1,OD,biological,Steele,skipped,2.00001522898674e-07,model does not implement synthetic-cycle training,,,,,,,,,,synthetic_full_cycle,synthetic_growth_cycles
T1,OD,biological,Photo_Limited,skipped,2.00001522898674e-07,model does not implement synthetic-cycle training,,,,,,,,,,synthetic_full_cycle,synthetic_growth_cycles
T1,OD,biological,Photo_Inhibited,skipped,2.00001522898674e-07,model does not implement synthetic-cycle training,,,,,,,,,,synthetic_full_cycle,synthetic_growth_cycles
T1,OD,biological,Cell_Mortality,skipped,2.00001522898674e-07,model does not implement synthetic-cycle training,,,,,,,,,,synthetic_full_cycle,synthetic_growth_cycles
T1,OD,biological,Lotka_Volterra,skipped,2.00001522898674e-07,model does not implement synthetic-cycle training,,,,,,,,,,synthetic_full_cycle,synthetic_growth_cycles
T1,OD,biological,Bioenergetic_Dynamic,skipped,1.9998697098344564e-07,model does not implement synthetic-cycle training,,,,,,,,,,synthetic_full_cycle,synthetic_growth_cycles
T1,OD,biological,Dynamic_Metabolic,skipped,2.00001522898674e-07,model does not implement synthetic-cycle training,,,,,,,,,,synthetic_full_cycle,synthetic_growth_cycles
T1,OD,differential_equations,ODE_Logistic,skipped,2.00001522898674e-07,model does not implement synthetic-cycle training,,,,,,,,,,synthetic_full_cycle,synthetic_growth_cycles
T1,OD,differential_equations,ODE_Monod_Chemostat,skipped,2.00001522898674e-07,model does not implement synthetic-cycle training,,,,,,,,,,synthetic_full_cycle,synthetic_growth_cycles
T1,OD,differential_equations,Chemostat_Model,skipped,2.00001522898674e-07,model does not implement synthetic-cycle training,,,,,,,,,,synthetic_full_cycle,synthetic_growth_cycles
T1,OD,differential_equations,PDE,skipped,5.00003807246685e-07,model does not implement synthetic-cycle training,,,,,,,,,,synthetic_full_cycle,synthetic_growth_cycles
T1,OD,differential_equations,DDE,skipped,2.00001522898674e-07,model does not implement synthetic-cycle training,,,,,,,,,,synthetic_full_cycle,synthetic_growth_cycles
T1,OD,differential_equations,Reaction_Diffusion,skipped,2.00001522898674e-07,model does not implement synthetic-cycle training,,,,,,,,,,synthetic_full_cycle,synthetic_growth_cycles
T1,OD,differential_equations,Population_Balance_Model,skipped,2.00001522898674e-07,model does not implement synthetic-cycle training,,,,,,,,,,synthetic_full_cycle,synthetic_growth_cycles
T1,OD,differential_equations,dFBA,skipped,2.00001522898674e-07,model does not implement synthetic-cycle training,,,,,,,,,,synthetic_full_cycle,synthetic_growth_cycles
T1,OD,probabilistic,Hidden_Markov_Models,skipped,3.00002284348011e-07,model does not implement synthetic-cycle training,,,,,,,,,,synthetic_full_cycle,synthetic_growth_cycles
T1,OD,probabilistic,Markov_Chains,skipped,4.00003045797348e-07,model does not implement synthetic-cycle training,,,,,,,,,,synthetic_full_cycle,synthetic_growth_cycles
T1,OD,probabilistic,Semi_Markov,skipped,2.00001522898674e-07,model does not implement synthetic-cycle training,,,,,,,,,,synthetic_full_cycle,synthetic_growth_cycles
T1,OD,probabilistic,Gaussian_Processes,skipped,2.9998773243278265e-07,model does not implement synthetic-cycle training,,,,,,,,,,synthetic_full_cycle,synthetic_growth_cycles
T1,OD,probabilistic,Bayesian_Networks,skipped,2.00001522898674e-07,model does not implement synthetic-cycle training,,,,,,,,,,synthetic_full_cycle,synthetic_growth_cycles
T1,OD,probabilistic,Particle_Filters,skipped,4.00003045797348e-07,model does not implement synthetic-cycle training,,,,,,,,,,synthetic_full_cycle,synthetic_growth_cycles
T1,OD,probabilistic,Monte_Carlo,skipped,7.00005330145359e-07,model does not implement synthetic-cycle training,,,,,,,,,,synthetic_full_cycle,synthetic_growth_cycles
T1,OD,probabilistic,Sequential_Monte_Carlo,skipped,1.9998697098344564e-07,model does not implement synthetic-cycle training,,,,,,,,,,synthetic_full_cycle,synthetic_growth_cycles
T1,OD,probabilistic,Probabilistic_Graphical_Models,skipped,2.00001522898674e-07,model does not implement synthetic-cycle training,,,,,,,,,,synthetic_full_cycle,synthetic_growth_cycles
T1,OD,machine_learning,Linear_Regression,skipped,2.00001522898674e-07,model does not implement synthetic-cycle training,,,,,,,,,,synthetic_full_cycle,synthetic_growth_cycles
T1,OD,machine_learning,Polynomial_Regression,skipped,2.00001522898674e-07,model does not implement synthetic-cycle training,,,,,,,,,,synthetic_full_cycle,synthetic_growth_cycles
T1,OD,machine_learning,Ridge,skipped,2.00001522898674e-07,model does not implement synthetic-cycle training,,,,,,,,,,synthetic_full_cycle,synthetic_growth_cycles
T1,OD,machine_learning,Lasso,skipped,2.00001522898674e-07,model does not implement synthetic-cycle training,,,,,,,,,,synthetic_full_cycle,synthetic_growth_cycles
T1,OD,machine_learning,Elastic_Net,skipped,3.00002284348011e-07,model does not implement synthetic-cycle training,,,,,,,,,,synthetic_full_cycle,synthetic_growth_cycles
T1,OD,machine_learning,Decision_Trees,skipped,3.00002284348011e-07,model does not implement synthetic-cycle training,,,,,,,,,,synthetic_full_cycle,synthetic_growth_cycles
T1,OD,machine_learning,Random_Forest,skipped,2.00001522898674e-07,model does not implement synthetic-cycle training,,,,,,,,,,synthetic_full_cycle,synthetic_growth_cycles
T1,OD,machine_learning,Extra_Trees,skipped,3.00002284348011e-07,model does not implement synthetic-cycle training,,,,,,,,,,synthetic_full_cycle,synthetic_growth_cycles
T1,OD,machine_learning,Gradient_Boosting,skipped,3.00002284348011e-07,model does not implement synthetic-cycle training,,,,,,,,,,synthetic_full_cycle,synthetic_growth_cycles
T1,OD,machine_learning,AdaBoost,skipped,2.00001522898674e-07,model does not implement synthetic-cycle training,,,,,,,,,,synthetic_full_cycle,synthetic_growth_cycles
T1,OD,machine_learning,XGBoost,skipped,2.9998773243278265e-07,model does not implement synthetic-cycle training,,,,,,,,,,synthetic_full_cycle,synthetic_growth_cycles
T1,OD,machine_learning,LightGBM,skipped,2.00001522898674e-07,model does not implement synthetic-cycle training,,,,,,,,,,synthetic_full_cycle,synthetic_growth_cycles
T1,OD,machine_learning,CatBoost,skipped,2.00001522898674e-07,model does not implement synthetic-cycle training,,,,,,,,,,synthetic_full_cycle,synthetic_growth_cycles
T1,OD,machine_learning,SVR,skipped,2.00001522898674e-07,model does not implement synthetic-cycle training,,,,,,,,,,synthetic_full_cycle,synthetic_growth_cycles
T1,OD,machine_learning,KNN,skipped,2.9998773243278265e-07,model does not implement synthetic-cycle training,,,,,,,,,,synthetic_full_cycle,synthetic_growth_cycles
T1,OD,machine_learning,Gaussian_Process_Regression,skipped,3.00002284348011e-07,model does not implement synthetic-cycle training,,,,,,,,,,synthetic_full_cycle,synthetic_growth_cycles
T1,OD,machine_learning,PLS,skipped,3.00002284348011e-07,model does not implement synthetic-cycle training,,,,,,,,,,synthetic_full_cycle,synthetic_growth_cycles
T1,OD,machine_learning,PCR,skipped,2.00001522898674e-07,model does not implement synthetic-cycle training,,,,,,,,,,synthetic_full_cycle,synthetic_growth_cycles
T1,OD,deep_learning,MLP,skipped,2.00001522898674e-07,model does not implement synthetic-cycle training,,,,,,,,,,synthetic_full_cycle,synthetic_growth_cycles
T1,OD,deep_learning,RNN,skipped,4.00003045797348e-07,model does not implement synthetic-cycle training,,,,,,,,,,synthetic_full_cycle,synthetic_growth_cycles
T1,OD,deep_learning,LSTM,skipped,3.00002284348011e-07,model does not implement synthetic-cycle training,,,,,,,,,,synthetic_full_cycle,synthetic_growth_cycles
T1,OD,deep_learning,Bidirectional_LSTM,skipped,2.00001522898674e-07,model does not implement synthetic-cycle training,,,,,,,,,,synthetic_full_cycle,synthetic_growth_cycles
T1,OD,deep_learning,GRU,skipped,2.00001522898674e-07,model does not implement synthetic-cycle training,,,,,,,,,,synthetic_full_cycle,synthetic_growth_cycles
T1,OD,deep_learning,CNN_temporal,skipped,2.00001522898674e-07,model does not implement synthetic-cycle training,,,,,,,,,,synthetic_full_cycle,synthetic_growth_cycles
T1,OD,deep_learning,Seq2Seq,skipped,3.00002284348011e-07,model does not implement synthetic-cycle training,,,,,,,,,,synthetic_full_cycle,synthetic_growth_cycles
T1,OD,deep_learning,TCN,skipped,2.00001522898674e-07,model does not implement synthetic-cycle training,,,,,,,,,,synthetic_full_cycle,synthetic_growth_cycles
T1,OD,deep_learning,DeepAR,skipped,3.00002284348011e-07,model does not implement synthetic-cycle training,,,,,,,,,,synthetic_full_cycle,synthetic_growth_cycles
T1,OD,deep_learning,N_BEATS,skipped,2.00001522898674e-07,model does not implement synthetic-cycle training,,,,,,,,,,synthetic_full_cycle,synthetic_growth_cycles
T1,OD,deep_learning,N_HiTS,skipped,2.00001522898674e-07,model does not implement synthetic-cycle training,,,,,,,,,,synthetic_full_cycle,synthetic_growth_cycles
T1,OD,deep_learning,TFT,skipped,2.00001522898674e-07,model does not implement synthetic-cycle training,,,,,,,,,,synthetic_full_cycle,synthetic_growth_cycles
T1,OD,deep_learning,Temporal_Transformers,skipped,2.00001522898674e-07,model does not implement synthetic-cycle training,,,,,,,,,,synthetic_full_cycle,synthetic_growth_cycles
T1,OD,deep_learning,Informer,skipped,2.00001522898674e-07,model does not implement synthetic-cycle training,,,,,,,,,,synthetic_full_cycle,synthetic_growth_cycles
T1,OD,deep_learning,Autoformer,skipped,2.00001522898674e-07,model does not implement synthetic-cycle training,,,,,,,,,,synthetic_full_cycle,synthetic_growth_cycles
T1,OD,deep_learning,PatchTST,skipped,2.00001522898674e-07,model does not implement synthetic-cycle training,,,,,,,,,,synthetic_full_cycle,synthetic_growth_cycles
T1,OD,hybrid,ARIMA_XGBoost,skipped,3.9998849388211966e-07,model does not implement synthetic-cycle training,,,,,,,,,,synthetic_full_cycle,synthetic_growth_cycles
T1,OD,hybrid,SARIMA_LSTM,skipped,2.00001522898674e-07,model does not implement synthetic-cycle training,,,,,,,,,,synthetic_full_cycle,synthetic_growth_cycles
T1,OD,hybrid,ODE_ML,skipped,5.00003807246685e-07,model does not implement synthetic-cycle training,,,,,,,,,,synthetic_full_cycle,synthetic_growth_cycles
T1,OD,hybrid,Gompertz_Random_Forest,skipped,4.00003045797348e-07,model does not implement synthetic-cycle training,,,,,,,,,,synthetic_full_cycle,synthetic_growth_cycles
T1,OD,hybrid,Monod_Neural_Networks,skipped,3.00002284348011e-07,model does not implement synthetic-cycle training,,,,,,,,,,synthetic_full_cycle,synthetic_growth_cycles
T1,OD,hybrid,Kalman_LSTM,skipped,1.9998697098344564e-07,model does not implement synthetic-cycle training,,,,,,,,,,synthetic_full_cycle,synthetic_growth_cycles
T1,OD,hybrid,PINNs,skipped,2.00001522898674e-07,model does not implement synthetic-cycle training,,,,,,,,,,synthetic_full_cycle,synthetic_growth_cycles
T1,OD,hybrid,Neural_ODEs,skipped,2.00001522898674e-07,model does not implement synthetic-cycle training,,,,,,,,,,synthetic_full_cycle,synthetic_growth_cycles
T1,OD,hybrid,Digital_Twin_Hybrid,skipped,3.00002284348011e-07,model does not implement synthetic-cycle training,,,,,,,,,,synthetic_full_cycle,synthetic_growth_cycles
T2,OD,classical,Naive_Last,skipped,2.9999937396496534e-06,model does not implement synthetic-cycle training,,,,,,,,,,synthetic_full_cycle,synthetic_growth_cycles
T2,OD,classical,Moving_Average,skipped,8.999923011288047e-07,model does not implement synthetic-cycle training,,,,,,,,,,synthetic_full_cycle,synthetic_growth_cycles
T2,OD,classical,Weighted_Moving_Average,skipped,7.00005330145359e-07,model does not implement synthetic-cycle training,,,,,,,,,,synthetic_full_cycle,synthetic_growth_cycles
T2,OD,classical,Drift,skipped,4.00003045797348e-07,model does not implement synthetic-cycle training,,,,,,,,,,synthetic_full_cycle,synthetic_growth_cycles
T2,OD,classical,Exponential_Smoothing,skipped,5.00003807246685e-07,model does not implement synthetic-cycle training,,,,,,,,,,synthetic_full_cycle,synthetic_growth_cycles
T2,OD,classical,Holt,skipped,1.9998697098344564e-07,model does not implement synthetic-cycle training,,,,,,,,,,synthetic_full_cycle,synthetic_growth_cycles
T2,OD,classical,Holt_Winters_Additive,skipped,2.9998773243278265e-07,model does not implement synthetic-cycle training,,,,,,,,,,synthetic_full_cycle,synthetic_growth_cycles
T2,OD,classical,Holt_Winters_Multiplicative,skipped,4.00003045797348e-07,model does not implement synthetic-cycle training,,,,,,,,,,synthetic_full_cycle,synthetic_growth_cycles
T2,OD,classical,Brown_Double_Exponential,skipped,3.00002284348011e-07,model does not implement synthetic-cycle training,,,,,,,,,,synthetic_full_cycle,synthetic_growth_cycles
T2,OD,classical,Winters,skipped,4.00003045797348e-07,model does not implement synthetic-cycle training,,,,,,,,,,synthetic_full_cycle,synthetic_growth_cycles
T2,OD,classical,Croston,skipped,4.00003045797348e-07,model does not implement synthetic-cycle training,,,,,,,,,,synthetic_full_cycle,synthetic_growth_cycles
T2,OD,classical,Theta_Method,skipped,3.00002284348011e-07,model does not implement synthetic-cycle training,,,,,,,,,,synthetic_full_cycle,synthetic_growth_cycles
T2,OD,statistical,AR,skipped,4.00003045797348e-07,model does not implement synthetic-cycle training,,,,,,,,,,synthetic_full_cycle,synthetic_growth_cycles
T2,OD,statistical,MA,skipped,2.00001522898674e-07,model does not implement synthetic-cycle training,,,,,,,,,,synthetic_full_cycle,synthetic_growth_cycles
T2,OD,statistical,ARMA,skipped,2.00001522898674e-07,model does not implement synthetic-cycle training,,,,,,,,,,synthetic_full_cycle,synthetic_growth_cycles
T2,OD,statistical,ARIMA,skipped,2.00001522898674e-07,model does not implement synthetic-cycle training,,,,,,,,,,synthetic_full_cycle,synthetic_growth_cycles
T2,OD,statistical,SARIMA,skipped,2.00001522898674e-07,model does not implement synthetic-cycle training,,,,,,,,,,synthetic_full_cycle,synthetic_growth_cycles
T2,OD,statistical,ARIMAX,skipped,2.00001522898674e-07,model does not implement synthetic-cycle training,,,,,,,,,,synthetic_full_cycle,synthetic_growth_cycles
T2,OD,statistical,SARIMAX,skipped,3.00002284348011e-07,model does not implement synthetic-cycle training,,,,,,,,,,synthetic_full_cycle,synthetic_growth_cycles
T2,OD,statistical,VAR,skipped,4.00003045797348e-07,model does not implement synthetic-cycle training,,,,,,,,,,synthetic_full_cycle,synthetic_growth_cycles
T2,OD,statistical,VARMAX,skipped,3.00002284348011e-07,model does not implement synthetic-cycle training,,,,,,,,,,synthetic_full_cycle,synthetic_growth_cycles
T2,OD,statistical,VECM,skipped,2.00001522898674e-07,model does not implement synthetic-cycle training,,,,,,,,,,synthetic_full_cycle,synthetic_growth_cycles
T2,OD,statistical,ARCH,skipped,7.999915396794677e-07,model does not implement synthetic-cycle training,,,,,,,,,,synthetic_full_cycle,synthetic_growth_cycles
T2,OD,statistical,GARCH,skipped,1.9998697098344564e-07,model does not implement synthetic-cycle training,,,,,,,,,,synthetic_full_cycle,synthetic_growth_cycles
T2,OD,statistical,State_Space_Model,skipped,4.00003045797348e-07,model does not implement synthetic-cycle training,,,,,,,,,,synthetic_full_cycle,synthetic_growth_cycles
T2,OD,statistical,Dynamic_Linear_Model,skipped,3.00002284348011e-07,model does not implement synthetic-cycle training,,,,,,,,,,synthetic_full_cycle,synthetic_growth_cycles
T2,OD,statistical,Kalman_Filter,skipped,3.00002284348011e-07,model does not implement synthetic-cycle training,,,,,,,,,,synthetic_full_cycle,synthetic_growth_cycles
T2,OD,statistical,BSTS_proxy,skipped,2.00001522898674e-07,model does not implement synthetic-cycle training,,,,,,,,,,synthetic_full_cycle,synthetic_growth_cycles
T2,OD,biological,Exponential,skipped,5.00003807246685e-07,model does not implement synthetic-cycle training,,,,,,,,,,synthetic_full_cycle,synthetic_growth_cycles
T2,OD,biological,Logistic,skipped,2.00001522898674e-07,model does not implement synthetic-cycle training,,,,,,,,,,synthetic_full_cycle,synthetic_growth_cycles
T2,OD,biological,Gompertz,skipped,2.00001522898674e-07,model does not implement synthetic-cycle training,,,,,,,,,,synthetic_full_cycle,synthetic_growth_cycles
T2,OD,biological,Richards,skipped,2.00001522898674e-07,model does not implement synthetic-cycle training,,,,,,,,,,synthetic_full_cycle,synthetic_growth_cycles
T2,OD,biological,Verhulst,skipped,1.9998697098344564e-07,model does not implement synthetic-cycle training,,,,,,,,,,synthetic_full_cycle,synthetic_growth_cycles
T2,OD,biological,Baranyi,skipped,2.00001522898674e-07,model does not implement synthetic-cycle training,,,,,,,,,,synthetic_full_cycle,synthetic_growth_cycles
T2,OD,biological,Bertalanffy,skipped,2.00001522898674e-07,model does not implement synthetic-cycle training,,,,,,,,,,synthetic_full_cycle,synthetic_growth_cycles
T2,OD,biological,Monod,skipped,2.00001522898674e-07,model does not implement synthetic-cycle training,,,,,,,,,,synthetic_full_cycle,synthetic_growth_cycles
T2,OD,biological,Droop,skipped,2.00001522898674e-07,model does not implement synthetic-cycle training,,,,,,,,,,synthetic_full_cycle,synthetic_growth_cycles
T2,OD,biological,Contois,skipped,2.00001522898674e-07,model does not implement synthetic-cycle training,,,,,,,,,,synthetic_full_cycle,synthetic_growth_cycles
T2,OD,biological,Haldane,skipped,2.00001522898674e-07,model does not implement synthetic-cycle training,,,,,,,,,,synthetic_full_cycle,synthetic_growth_cycles
T2,OD,biological,Andrews,skipped,1.9998697098344564e-07,model does not implement synthetic-cycle training,,,,,,,,,,synthetic_full_cycle,synthetic_growth_cycles
T2,OD,biological,Tessier,skipped,2.00001522898674e-07,model does not implement synthetic-cycle training,,,,,,,,,,synthetic_full_cycle,synthetic_growth_cycles
T2,OD,biological,Moser,skipped,2.00001522898674e-07,model does not implement synthetic-cycle training,,,,,,,,,,synthetic_full_cycle,synthetic_growth_cycles
T2,OD,biological,Eilers_Peeters,skipped,3.00002284348011e-07,model does not implement synthetic-cycle training,,,,,,,,,,synthetic_full_cycle,synthetic_growth_cycles
T2,OD,biological,Steele,skipped,2.00001522898674e-07,model does not implement synthetic-cycle training,,,,,,,,,,synthetic_full_cycle,synthetic_growth_cycles
T2,OD,biological,Photo_Limited,skipped,3.00002284348011e-07,model does not implement synthetic-cycle training,,,,,,,,,,synthetic_full_cycle,synthetic_growth_cycles
T2,OD,biological,Photo_Inhibited,skipped,2.00001522898674e-07,model does not implement synthetic-cycle training,,,,,,,,,,synthetic_full_cycle,synthetic_growth_cycles
T2,OD,biological,Cell_Mortality,skipped,1.9998697098344564e-07,model does not implement synthetic-cycle training,,,,,,,,,,synthetic_full_cycle,synthetic_growth_cycles
T2,OD,biological,Lotka_Volterra,skipped,4.00003045797348e-07,model does not implement synthetic-cycle training,,,,,,,,,,synthetic_full_cycle,synthetic_growth_cycles
T2,OD,biological,Bioenergetic_Dynamic,skipped,2.00001522898674e-07,model does not implement synthetic-cycle training,,,,,,,,,,synthetic_full_cycle,synthetic_growth_cycles
T2,OD,biological,Dynamic_Metabolic,skipped,2.00001522898674e-07,model does not implement synthetic-cycle training,,,,,,,,,,synthetic_full_cycle,synthetic_growth_cycles
T2,OD,differential_equations,ODE_Logistic,skipped,2.00001522898674e-07,model does not implement synthetic-cycle training,,,,,,,,,,synthetic_full_cycle,synthetic_growth_cycles
T2,OD,differential_equations,ODE_Monod_Chemostat,skipped,3.00002284348011e-07,model does not implement synthetic-cycle training,,,,,,,,,,synthetic_full_cycle,synthetic_growth_cycles
T2,OD,differential_equations,Chemostat_Model,skipped,2.00001522898674e-07,model does not implement synthetic-cycle training,,,,,,,,,,synthetic_full_cycle,synthetic_growth_cycles
T2,OD,differential_equations,PDE,skipped,5.00003807246685e-07,model does not implement synthetic-cycle training,,,,,,,,,,synthetic_full_cycle,synthetic_growth_cycles
T2,OD,differential_equations,DDE,skipped,2.00001522898674e-07,model does not implement synthetic-cycle training,,,,,,,,,,synthetic_full_cycle,synthetic_growth_cycles
T2,OD,differential_equations,Reaction_Diffusion,skipped,2.00001522898674e-07,model does not implement synthetic-cycle training,,,,,,,,,,synthetic_full_cycle,synthetic_growth_cycles
T2,OD,differential_equations,Population_Balance_Model,skipped,2.00001522898674e-07,model does not implement synthetic-cycle training,,,,,,,,,,synthetic_full_cycle,synthetic_growth_cycles
T2,OD,differential_equations,dFBA,skipped,2.00001522898674e-07,model does not implement synthetic-cycle training,,,,,,,,,,synthetic_full_cycle,synthetic_growth_cycles
T2,OD,probabilistic,Hidden_Markov_Models,skipped,3.9998849388211966e-07,model does not implement synthetic-cycle training,,,,,,,,,,synthetic_full_cycle,synthetic_growth_cycles
T2,OD,probabilistic,Markov_Chains,skipped,6.999907782301307e-07,model does not implement synthetic-cycle training,,,,,,,,,,synthetic_full_cycle,synthetic_growth_cycles
T2,OD,probabilistic,Semi_Markov,skipped,2.00001522898674e-07,model does not implement synthetic-cycle training,,,,,,,,,,synthetic_full_cycle,synthetic_growth_cycles
T2,OD,probabilistic,Gaussian_Processes,skipped,5.999900167807937e-07,model does not implement synthetic-cycle training,,,,,,,,,,synthetic_full_cycle,synthetic_growth_cycles
T2,OD,probabilistic,Bayesian_Networks,skipped,1.9998697098344564e-07,model does not implement synthetic-cycle training,,,,,,,,,,synthetic_full_cycle,synthetic_growth_cycles
T2,OD,probabilistic,Particle_Filters,skipped,4.00003045797348e-07,model does not implement synthetic-cycle training,,,,,,,,,,synthetic_full_cycle,synthetic_growth_cycles
T2,OD,probabilistic,Monte_Carlo,skipped,6.999907782301307e-07,model does not implement synthetic-cycle training,,,,,,,,,,synthetic_full_cycle,synthetic_growth_cycles
T2,OD,probabilistic,Sequential_Monte_Carlo,skipped,4.00003045797348e-07,model does not implement synthetic-cycle training,,,,,,,,,,synthetic_full_cycle,synthetic_growth_cycles
T2,OD,probabilistic,Probabilistic_Graphical_Models,skipped,2.00001522898674e-07,model does not implement synthetic-cycle training,,,,,,,,,,synthetic_full_cycle,synthetic_growth_cycles
T2,OD,machine_learning,Linear_Regression,skipped,2.00001522898674e-07,model does not implement synthetic-cycle training,,,,,,,,,,synthetic_full_cycle,synthetic_growth_cycles
T2,OD,machine_learning,Polynomial_Regression,skipped,1.9998697098344564e-07,model does not implement synthetic-cycle training,,,,,,,,,,synthetic_full_cycle,synthetic_growth_cycles
T2,OD,machine_learning,Ridge,skipped,2.00001522898674e-07,model does not implement synthetic-cycle training,,,,,,,,,,synthetic_full_cycle,synthetic_growth_cycles
T2,OD,machine_learning,Lasso,skipped,2.00001522898674e-07,model does not implement synthetic-cycle training,,,,,,,,,,synthetic_full_cycle,synthetic_growth_cycles
T2,OD,machine_learning,Elastic_Net,skipped,3.00002284348011e-07,model does not implement synthetic-cycle training,,,,,,,,,,synthetic_full_cycle,synthetic_growth_cycles
T2,OD,machine_learning,Decision_Trees,skipped,1.9998697098344564e-07,model does not implement synthetic-cycle training,,,,,,,,,,synthetic_full_cycle,synthetic_growth_cycles
T2,OD,machine_learning,Random_Forest,skipped,3.00002284348011e-07,model does not implement synthetic-cycle training,,,,,,,,,,synthetic_full_cycle,synthetic_growth_cycles
T2,OD,machine_learning,Extra_Trees,skipped,2.00001522898674e-07,model does not implement synthetic-cycle training,,,,,,,,,,synthetic_full_cycle,synthetic_growth_cycles
T2,OD,machine_learning,Gradient_Boosting,skipped,2.00001522898674e-07,model does not implement synthetic-cycle training,,,,,,,,,,synthetic_full_cycle,synthetic_growth_cycles
T2,OD,machine_learning,AdaBoost,skipped,2.00001522898674e-07,model does not implement synthetic-cycle training,,,,,,,,,,synthetic_full_cycle,synthetic_growth_cycles
T2,OD,machine_learning,XGBoost,skipped,3.00002284348011e-07,model does not implement synthetic-cycle training,,,,,,,,,,synthetic_full_cycle,synthetic_growth_cycles
T2,OD,machine_learning,LightGBM,skipped,4.00003045797348e-07,model does not implement synthetic-cycle training,,,,,,,,,,synthetic_full_cycle,synthetic_growth_cycles
T2,OD,machine_learning,CatBoost,skipped,2.00001522898674e-07,model does not implement synthetic-cycle training,,,,,,,,,,synthetic_full_cycle,synthetic_growth_cycles
T2,OD,machine_learning,SVR,skipped,3.00002284348011e-07,model does not implement synthetic-cycle training,,,,,,,,,,synthetic_full_cycle,synthetic_growth_cycles
T2,OD,machine_learning,KNN,skipped,2.00001522898674e-07,model does not implement synthetic-cycle training,,,,,,,,,,synthetic_full_cycle,synthetic_growth_cycles
T2,OD,machine_learning,Gaussian_Process_Regression,skipped,3.00002284348011e-07,model does not implement synthetic-cycle training,,,,,,,,,,synthetic_full_cycle,synthetic_growth_cycles
T2,OD,machine_learning,PLS,skipped,2.00001522898674e-07,model does not implement synthetic-cycle training,,,,,,,,,,synthetic_full_cycle,synthetic_growth_cycles
T2,OD,machine_learning,PCR,skipped,2.00001522898674e-07,model does not implement synthetic-cycle training,,,,,,,,,,synthetic_full_cycle,synthetic_growth_cycles
T2,OD,deep_learning,MLP,skipped,5.00003807246685e-07,model does not implement synthetic-cycle training,,,,,,,,,,synthetic_full_cycle,synthetic_growth_cycles
T2,OD,deep_learning,RNN,skipped,8.00006091594696e-07,model does not implement synthetic-cycle training,,,,,,,,,,synthetic_full_cycle,synthetic_growth_cycles
T2,OD,deep_learning,LSTM,skipped,2.00001522898674e-07,model does not implement synthetic-cycle training,,,,,,,,,,synthetic_full_cycle,synthetic_growth_cycles
T2,OD,deep_learning,Bidirectional_LSTM,skipped,2.00001522898674e-07,model does not implement synthetic-cycle training,,,,,,,,,,synthetic_full_cycle,synthetic_growth_cycles
T2,OD,deep_learning,GRU,skipped,3.00002284348011e-07,model does not implement synthetic-cycle training,,,,,,,,,,synthetic_full_cycle,synthetic_growth_cycles
T2,OD,deep_learning,CNN_temporal,skipped,3.00002284348011e-07,model does not implement synthetic-cycle training,,,,,,,,,,synthetic_full_cycle,synthetic_growth_cycles
T2,OD,deep_learning,Seq2Seq,skipped,2.00001522898674e-07,model does not implement synthetic-cycle training,,,,,,,,,,synthetic_full_cycle,synthetic_growth_cycles
T2,OD,deep_learning,TCN,skipped,2.00001522898674e-07,model does not implement synthetic-cycle training,,,,,,,,,,synthetic_full_cycle,synthetic_growth_cycles
T2,OD,deep_learning,DeepAR,skipped,2.00001522898674e-07,model does not implement synthetic-cycle training,,,,,,,,,,synthetic_full_cycle,synthetic_growth_cycles
T2,OD,deep_learning,N_BEATS,skipped,2.00001522898674e-07,model does not implement synthetic-cycle training,,,,,,,,,,synthetic_full_cycle,synthetic_growth_cycles
T2,OD,deep_learning,N_HiTS,skipped,2.00001522898674e-07,model does not implement synthetic-cycle training,,,,,,,,,,synthetic_full_cycle,synthetic_growth_cycles
T2,OD,deep_learning,TFT,skipped,1.9998697098344564e-07,model does not implement synthetic-cycle training,,,,,,,,,,synthetic_full_cycle,synthetic_growth_cycles
T2,OD,deep_learning,Temporal_Transformers,skipped,2.00001522898674e-07,model does not implement synthetic-cycle training,,,,,,,,,,synthetic_full_cycle,synthetic_growth_cycles
T2,OD,deep_learning,Informer,skipped,2.00001522898674e-07,model does not implement synthetic-cycle training,,,,,,,,,,synthetic_full_cycle,synthetic_growth_cycles
T2,OD,deep_learning,Autoformer,skipped,3.00002284348011e-07,model does not implement synthetic-cycle training,,,,,,,,,,synthetic_full_cycle,synthetic_growth_cycles
T2,OD,deep_learning,PatchTST,skipped,4.00003045797348e-07,model does not implement synthetic-cycle training,,,,,,,,,,synthetic_full_cycle,synthetic_growth_cycles
T2,OD,hybrid,ARIMA_XGBoost,skipped,4.00003045797348e-07,model does not implement synthetic-cycle training,,,,,,,,,,synthetic_full_cycle,synthetic_growth_cycles
T2,OD,hybrid,SARIMA_LSTM,skipped,2.00001522898674e-07,model does not implement synthetic-cycle training,,,,,,,,,,synthetic_full_cycle,synthetic_growth_cycles
T2,OD,hybrid,ODE_ML,skipped,5.999900167807937e-07,model does not implement synthetic-cycle training,,,,,,,,,,synthetic_full_cycle,synthetic_growth_cycles
T2,OD,hybrid,Gompertz_Random_Forest,skipped,4.00003045797348e-07,model does not implement synthetic-cycle training,,,,,,,,,,synthetic_full_cycle,synthetic_growth_cycles
T2,OD,hybrid,Monod_Neural_Networks,skipped,2.00001522898674e-07,model does not implement synthetic-cycle training,,,,,,,,,,synthetic_full_cycle,synthetic_growth_cycles
T2,OD,hybrid,Kalman_LSTM,skipped,2.00001522898674e-07,model does not implement synthetic-cycle training,,,,,,,,,,synthetic_full_cycle,synthetic_growth_cycles
T2,OD,hybrid,PINNs,skipped,2.00001522898674e-07,model does not implement synthetic-cycle training,,,,,,,,,,synthetic_full_cycle,synthetic_growth_cycles
T2,OD,hybrid,Neural_ODEs,skipped,2.00001522898674e-07,model does not implement synthetic-cycle training,,,,,,,,,,synthetic_full_cycle,synthetic_growth_cycles
T2,OD,hybrid,Digital_Twin_Hybrid,skipped,2.00001522898674e-07,model does not implement synthetic-cycle training,,,,,,,,,,synthetic_full_cycle,synthetic_growth_cycles
T3,OD,classical,Naive_Last,skipped,2.6000052457675338e-06,model does not implement synthetic-cycle training,,,,,,,,,,synthetic_full_cycle,synthetic_growth_cycles
T3,OD,classical,Moving_Average,skipped,5.999900167807937e-07,model does not implement synthetic-cycle training,,,,,,,,,,synthetic_full_cycle,synthetic_growth_cycles
T3,OD,classical,Weighted_Moving_Average,skipped,4.00003045797348e-07,model does not implement synthetic-cycle training,,,,,,,,,,synthetic_full_cycle,synthetic_growth_cycles
T3,OD,classical,Drift,skipped,5.00003807246685e-07,model does not implement synthetic-cycle training,,,,,,,,,,synthetic_full_cycle,synthetic_growth_cycles
T3,OD,classical,Exponential_Smoothing,skipped,7.00005330145359e-07,model does not implement synthetic-cycle training,,,,,,,,,,synthetic_full_cycle,synthetic_growth_cycles
T3,OD,classical,Holt,skipped,3.00002284348011e-07,model does not implement synthetic-cycle training,,,,,,,,,,synthetic_full_cycle,synthetic_growth_cycles
T3,OD,classical,Holt_Winters_Additive,skipped,2.00001522898674e-07,model does not implement synthetic-cycle training,,,,,,,,,,synthetic_full_cycle,synthetic_growth_cycles
T3,OD,classical,Holt_Winters_Multiplicative,skipped,3.00002284348011e-07,model does not implement synthetic-cycle training,,,,,,,,,,synthetic_full_cycle,synthetic_growth_cycles
T3,OD,classical,Brown_Double_Exponential,skipped,3.00002284348011e-07,model does not implement synthetic-cycle training,,,,,,,,,,synthetic_full_cycle,synthetic_growth_cycles
T3,OD,classical,Winters,skipped,1.9998697098344564e-07,model does not implement synthetic-cycle training,,,,,,,,,,synthetic_full_cycle,synthetic_growth_cycles
T3,OD,classical,Croston,skipped,4.00003045797348e-07,model does not implement synthetic-cycle training,,,,,,,,,,synthetic_full_cycle,synthetic_growth_cycles
T3,OD,classical,Theta_Method,skipped,5.00003807246685e-07,model does not implement synthetic-cycle training,,,,,,,,,,synthetic_full_cycle,synthetic_growth_cycles
T3,OD,statistical,AR,skipped,4.00003045797348e-07,model does not implement synthetic-cycle training,,,,,,,,,,synthetic_full_cycle,synthetic_growth_cycles
T3,OD,statistical,MA,skipped,2.00001522898674e-07,model does not implement synthetic-cycle training,,,,,,,,,,synthetic_full_cycle,synthetic_growth_cycles
T3,OD,statistical,ARMA,skipped,1.9998697098344564e-07,model does not implement synthetic-cycle training,,,,,,,,,,synthetic_full_cycle,synthetic_growth_cycles
T3,OD,statistical,ARIMA,skipped,2.00001522898674e-07,model does not implement synthetic-cycle training,,,,,,,,,,synthetic_full_cycle,synthetic_growth_cycles
T3,OD,statistical,SARIMA,skipped,2.00001522898674e-07,model does not implement synthetic-cycle training,,,,,,,,,,synthetic_full_cycle,synthetic_growth_cycles
T3,OD,statistical,ARIMAX,skipped,3.00002284348011e-07,model does not implement synthetic-cycle training,,,,,,,,,,synthetic_full_cycle,synthetic_growth_cycles
T3,OD,statistical,SARIMAX,skipped,3.00002284348011e-07,model does not implement synthetic-cycle training,,,,,,,,,,synthetic_full_cycle,synthetic_growth_cycles
T3,OD,statistical,VAR,skipped,4.999892553314567e-07,model does not implement synthetic-cycle training,,,,,,,,,,synthetic_full_cycle,synthetic_growth_cycles
T3,OD,statistical,VARMAX,skipped,2.00001522898674e-07,model does not implement synthetic-cycle training,,,,,,,,,,synthetic_full_cycle,synthetic_growth_cycles
T3,OD,statistical,VECM,skipped,2.00001522898674e-07,model does not implement synthetic-cycle training,,,,,,,,,,synthetic_full_cycle,synthetic_growth_cycles
T3,OD,statistical,ARCH,skipped,3.00002284348011e-07,model does not implement synthetic-cycle training,,,,,,,,,,synthetic_full_cycle,synthetic_growth_cycles
T3,OD,statistical,GARCH,skipped,3.00002284348011e-07,model does not implement synthetic-cycle training,,,,,,,,,,synthetic_full_cycle,synthetic_growth_cycles
T3,OD,statistical,State_Space_Model,skipped,5.999900167807937e-07,model does not implement synthetic-cycle training,,,,,,,,,,synthetic_full_cycle,synthetic_growth_cycles
T3,OD,statistical,Dynamic_Linear_Model,skipped,2.00001522898674e-07,model does not implement synthetic-cycle training,,,,,,,,,,synthetic_full_cycle,synthetic_growth_cycles
T3,OD,statistical,Kalman_Filter,skipped,2.00001522898674e-07,model does not implement synthetic-cycle training,,,,,,,,,,synthetic_full_cycle,synthetic_growth_cycles
T3,OD,statistical,BSTS_proxy,skipped,2.00001522898674e-07,model does not implement synthetic-cycle training,,,,,,,,,,synthetic_full_cycle,synthetic_growth_cycles
T3,OD,biological,Exponential,skipped,7.00005330145359e-07,model does not implement synthetic-cycle training,,,,,,,,,,synthetic_full_cycle,synthetic_growth_cycles
T3,OD,biological,Logistic,skipped,3.00002284348011e-07,model does not implement synthetic-cycle training,,,,,,,,,,synthetic_full_cycle,synthetic_growth_cycles
T3,OD,biological,Gompertz,skipped,2.00001522898674e-07,model does not implement synthetic-cycle training,,,,,,,,,,synthetic_full_cycle,synthetic_growth_cycles
T3,OD,biological,Richards,skipped,3.00002284348011e-07,model does not implement synthetic-cycle training,,,,,,,,,,synthetic_full_cycle,synthetic_growth_cycles
T3,OD,biological,Verhulst,skipped,1.9998697098344564e-07,model does not implement synthetic-cycle training,,,,,,,,,,synthetic_full_cycle,synthetic_growth_cycles
T3,OD,biological,Baranyi,skipped,2.00001522898674e-07,model does not implement synthetic-cycle training,,,,,,,,,,synthetic_full_cycle,synthetic_growth_cycles
T3,OD,biological,Bertalanffy,skipped,3.00002284348011e-07,model does not implement synthetic-cycle training,,,,,,,,,,synthetic_full_cycle,synthetic_growth_cycles
T3,OD,biological,Monod,skipped,2.00001522898674e-07,model does not implement synthetic-cycle training,,,,,,,,,,synthetic_full_cycle,synthetic_growth_cycles
T3,OD,biological,Droop,skipped,2.00001522898674e-07,model does not implement synthetic-cycle training,,,,,,,,,,synthetic_full_cycle,synthetic_growth_cycles
T3,OD,biological,Contois,skipped,2.00001522898674e-07,model does not implement synthetic-cycle training,,,,,,,,,,synthetic_full_cycle,synthetic_growth_cycles
T3,OD,biological,Haldane,skipped,3.00002284348011e-07,model does not implement synthetic-cycle training,,,,,,,,,,synthetic_full_cycle,synthetic_growth_cycles
T3,OD,biological,Andrews,skipped,2.00001522898674e-07,model does not implement synthetic-cycle training,,,,,,,,,,synthetic_full_cycle,synthetic_growth_cycles
T3,OD,biological,Tessier,skipped,3.00002284348011e-07,model does not implement synthetic-cycle training,,,,,,,,,,synthetic_full_cycle,synthetic_growth_cycles
T3,OD,biological,Moser,skipped,1.9998697098344564e-07,model does not implement synthetic-cycle training,,,,,,,,,,synthetic_full_cycle,synthetic_growth_cycles
T3,OD,biological,Eilers_Peeters,skipped,3.00002284348011e-07,model does not implement synthetic-cycle training,,,,,,,,,,synthetic_full_cycle,synthetic_growth_cycles
T3,OD,biological,Steele,skipped,2.00001522898674e-07,model does not implement synthetic-cycle training,,,,,,,,,,synthetic_full_cycle,synthetic_growth_cycles
T3,OD,biological,Photo_Limited,skipped,3.00002284348011e-07,model does not implement synthetic-cycle training,,,,,,,,,,synthetic_full_cycle,synthetic_growth_cycles
T3,OD,biological,Photo_Inhibited,skipped,2.00001522898674e-07,model does not implement synthetic-cycle training,,,,,,,,,,synthetic_full_cycle,synthetic_growth_cycles
T3,OD,biological,Cell_Mortality,skipped,2.00001522898674e-07,model does not implement synthetic-cycle training,,,,,,,,,,synthetic_full_cycle,synthetic_growth_cycles
T3,OD,biological,Lotka_Volterra,skipped,2.00001522898674e-07,model does not implement synthetic-cycle training,,,,,,,,,,synthetic_full_cycle,synthetic_growth_cycles
T3,OD,biological,Bioenergetic_Dynamic,skipped,3.00002284348011e-07,model does not implement synthetic-cycle training,,,,,,,,,,synthetic_full_cycle,synthetic_growth_cycles
T3,OD,biological,Dynamic_Metabolic,skipped,2.00001522898674e-07,model does not implement synthetic-cycle training,,,,,,,,,,synthetic_full_cycle,synthetic_growth_cycles
T3,OD,differential_equations,ODE_Logistic,skipped,2.9998773243278265e-07,model does not implement synthetic-cycle training,,,,,,,,,,synthetic_full_cycle,synthetic_growth_cycles
T3,OD,differential_equations,ODE_Monod_Chemostat,skipped,2.00001522898674e-07,model does not implement synthetic-cycle training,,,,,,,,,,synthetic_full_cycle,synthetic_growth_cycles
T3,OD,differential_equations,Chemostat_Model,skipped,2.00001522898674e-07,model does not implement synthetic-cycle training,,,,,,,,,,synthetic_full_cycle,synthetic_growth_cycles
T3,OD,differential_equations,PDE,skipped,4.00003045797348e-07,model does not implement synthetic-cycle training,,,,,,,,,,synthetic_full_cycle,synthetic_growth_cycles
T3,OD,differential_equations,DDE,skipped,2.00001522898674e-07,model does not implement synthetic-cycle training,,,,,,,,,,synthetic_full_cycle,synthetic_growth_cycles
T3,OD,differential_equations,Reaction_Diffusion,skipped,2.00001522898674e-07,model does not implement synthetic-cycle training,,,,,,,,,,synthetic_full_cycle,synthetic_growth_cycles
T3,OD,differential_equations,Population_Balance_Model,skipped,2.00001522898674e-07,model does not implement synthetic-cycle training,,,,,,,,,,synthetic_full_cycle,synthetic_growth_cycles
T3,OD,differential_equations,dFBA,skipped,3.00002284348011e-07,model does not implement synthetic-cycle training,,,,,,,,,,synthetic_full_cycle,synthetic_growth_cycles
T3,OD,probabilistic,Hidden_Markov_Models,skipped,4.00003045797348e-07,model does not implement synthetic-cycle training,,,,,,,,,,synthetic_full_cycle,synthetic_growth_cycles
T3,OD,probabilistic,Markov_Chains,skipped,4.00003045797348e-07,model does not implement synthetic-cycle training,,,,,,,,,,synthetic_full_cycle,synthetic_growth_cycles
T3,OD,probabilistic,Semi_Markov,skipped,2.00001522898674e-07,model does not implement synthetic-cycle training,,,,,,,,,,synthetic_full_cycle,synthetic_growth_cycles
T3,OD,probabilistic,Gaussian_Processes,skipped,3.9998849388211966e-07,model does not implement synthetic-cycle training,,,,,,,,,,synthetic_full_cycle,synthetic_growth_cycles
T3,OD,probabilistic,Bayesian_Networks,skipped,2.00001522898674e-07,model does not implement synthetic-cycle training,,,,,,,,,,synthetic_full_cycle,synthetic_growth_cycles
T3,OD,probabilistic,Particle_Filters,skipped,4.00003045797348e-07,model does not implement synthetic-cycle training,,,,,,,,,,synthetic_full_cycle,synthetic_growth_cycles
T3,OD,probabilistic,Monte_Carlo,skipped,6.00004568696022e-07,model does not implement synthetic-cycle training,,,,,,,,,,synthetic_full_cycle,synthetic_growth_cycles
T3,OD,probabilistic,Sequential_Monte_Carlo,skipped,3.00002284348011e-07,model does not implement synthetic-cycle training,,,,,,,,,,synthetic_full_cycle,synthetic_growth_cycles
T3,OD,probabilistic,Probabilistic_Graphical_Models,skipped,3.00002284348011e-07,model does not implement synthetic-cycle training,,,,,,,,,,synthetic_full_cycle,synthetic_growth_cycles
T3,OD,machine_learning,Linear_Regression,skipped,2.00001522898674e-07,model does not implement synthetic-cycle training,,,,,,,,,,synthetic_full_cycle,synthetic_growth_cycles
T3,OD,machine_learning,Polynomial_Regression,skipped,2.00001522898674e-07,model does not implement synthetic-cycle training,,,,,,,,,,synthetic_full_cycle,synthetic_growth_cycles
T3,OD,machine_learning,Ridge,skipped,2.00001522898674e-07,model does not implement synthetic-cycle training,,,,,,,,,,synthetic_full_cycle,synthetic_growth_cycles
T3,OD,machine_learning,Lasso,skipped,2.00001522898674e-07,model does not implement synthetic-cycle training,,,,,,,,,,synthetic_full_cycle,synthetic_growth_cycles
T3,OD,machine_learning,Elastic_Net,skipped,3.00002284348011e-07,model does not implement synthetic-cycle training,,,,,,,,,,synthetic_full_cycle,synthetic_growth_cycles
T3,OD,machine_learning,Decision_Trees,skipped,2.00001522898674e-07,model does not implement synthetic-cycle training,,,,,,,,,,synthetic_full_cycle,synthetic_growth_cycles
T3,OD,machine_learning,Random_Forest,skipped,2.9998773243278265e-07,model does not implement synthetic-cycle training,,,,,,,,,,synthetic_full_cycle,synthetic_growth_cycles
T3,OD,machine_learning,Extra_Trees,skipped,2.00001522898674e-07,model does not implement synthetic-cycle training,,,,,,,,,,synthetic_full_cycle,synthetic_growth_cycles
T3,OD,machine_learning,Gradient_Boosting,skipped,3.00002284348011e-07,model does not implement synthetic-cycle training,,,,,,,,,,synthetic_full_cycle,synthetic_growth_cycles
T3,OD,machine_learning,AdaBoost,skipped,3.00002284348011e-07,model does not implement synthetic-cycle training,,,,,,,,,,synthetic_full_cycle,synthetic_growth_cycles
T3,OD,machine_learning,XGBoost,skipped,3.00002284348011e-07,model does not implement synthetic-cycle training,,,,,,,,,,synthetic_full_cycle,synthetic_growth_cycles
T3,OD,machine_learning,LightGBM,skipped,3.00002284348011e-07,model does not implement synthetic-cycle training,,,,,,,,,,synthetic_full_cycle,synthetic_growth_cycles
T3,OD,machine_learning,CatBoost,skipped,2.00001522898674e-07,model does not implement synthetic-cycle training,,,,,,,,,,synthetic_full_cycle,synthetic_growth_cycles
T3,OD,machine_learning,SVR,skipped,1.9998697098344564e-07,model does not implement synthetic-cycle training,,,,,,,,,,synthetic_full_cycle,synthetic_growth_cycles
T3,OD,machine_learning,KNN,skipped,2.00001522898674e-07,model does not implement synthetic-cycle training,,,,,,,,,,synthetic_full_cycle,synthetic_growth_cycles
T3,OD,machine_learning,Gaussian_Process_Regression,skipped,2.00001522898674e-07,model does not implement synthetic-cycle training,,,,,,,,,,synthetic_full_cycle,synthetic_growth_cycles
T3,OD,machine_learning,PLS,skipped,2.00001522898674e-07,model does not implement synthetic-cycle training,,,,,,,,,,synthetic_full_cycle,synthetic_growth_cycles
T3,OD,machine_learning,PCR,skipped,1.9998697098344564e-07,model does not implement synthetic-cycle training,,,,,,,,,,synthetic_full_cycle,synthetic_growth_cycles
T3,OD,deep_learning,MLP,skipped,2.00001522898674e-07,model does not implement synthetic-cycle training,,,,,,,,,,synthetic_full_cycle,synthetic_growth_cycles
T3,OD,deep_learning,RNN,skipped,6.00004568696022e-07,model does not implement synthetic-cycle training,,,,,,,,,,synthetic_full_cycle,synthetic_growth_cycles
T3,OD,deep_learning,LSTM,skipped,3.00002284348011e-07,model does not implement synthetic-cycle training,,,,,,,,,,synthetic_full_cycle,synthetic_growth_cycles
T3,OD,deep_learning,Bidirectional_LSTM,skipped,2.00001522898674e-07,model does not implement synthetic-cycle training,,,,,,,,,,synthetic_full_cycle,synthetic_growth_cycles
T3,OD,deep_learning,GRU,skipped,2.9998773243278265e-07,model does not implement synthetic-cycle training,,,,,,,,,,synthetic_full_cycle,synthetic_growth_cycles
T3,OD,deep_learning,CNN_temporal,skipped,3.00002284348011e-07,model does not implement synthetic-cycle training,,,,,,,,,,synthetic_full_cycle,synthetic_growth_cycles
T3,OD,deep_learning,Seq2Seq,skipped,2.00001522898674e-07,model does not implement synthetic-cycle training,,,,,,,,,,synthetic_full_cycle,synthetic_growth_cycles
T3,OD,deep_learning,TCN,skipped,2.00001522898674e-07,model does not implement synthetic-cycle training,,,,,,,,,,synthetic_full_cycle,synthetic_growth_cycles
T3,OD,deep_learning,DeepAR,skipped,3.00002284348011e-07,model does not implement synthetic-cycle training,,,,,,,,,,synthetic_full_cycle,synthetic_growth_cycles
T3,OD,deep_learning,N_BEATS,skipped,2.00001522898674e-07,model does not implement synthetic-cycle training,,,,,,,,,,synthetic_full_cycle,synthetic_growth_cycles
T3,OD,deep_learning,N_HiTS,skipped,2.00001522898674e-07,model does not implement synthetic-cycle training,,,,,,,,,,synthetic_full_cycle,synthetic_growth_cycles
T3,OD,deep_learning,TFT,skipped,3.00002284348011e-07,model does not implement synthetic-cycle training,,,,,,,,,,synthetic_full_cycle,synthetic_growth_cycles
T3,OD,deep_learning,Temporal_Transformers,skipped,2.00001522898674e-07,model does not implement synthetic-cycle training,,,,,,,,,,synthetic_full_cycle,synthetic_growth_cycles
T3,OD,deep_learning,Informer,skipped,2.00001522898674e-07,model does not implement synthetic-cycle training,,,,,,,,,,synthetic_full_cycle,synthetic_growth_cycles
T3,OD,deep_learning,Autoformer,skipped,2.9998773243278265e-07,model does not implement synthetic-cycle training,,,,,,,,,,synthetic_full_cycle,synthetic_growth_cycles
T3,OD,deep_learning,PatchTST,skipped,3.00002284348011e-07,model does not implement synthetic-cycle training,,,,,,,,,,synthetic_full_cycle,synthetic_growth_cycles
T3,OD,hybrid,ARIMA_XGBoost,skipped,4.00003045797348e-07,model does not implement synthetic-cycle training,,,,,,,,,,synthetic_full_cycle,synthetic_growth_cycles
T3,OD,hybrid,SARIMA_LSTM,skipped,2.00001522898674e-07,model does not implement synthetic-cycle training,,,,,,,,,,synthetic_full_cycle,synthetic_growth_cycles
T3,OD,hybrid,ODE_ML,skipped,3.9998849388211966e-07,model does not implement synthetic-cycle training,,,,,,,,,,synthetic_full_cycle,synthetic_growth_cycles
T3,OD,hybrid,Gompertz_Random_Forest,skipped,5.999900167807937e-07,model does not implement synthetic-cycle training,,,,,,,,,,synthetic_full_cycle,synthetic_growth_cycles
T3,OD,hybrid,Monod_Neural_Networks,skipped,2.9998773243278265e-07,model does not implement synthetic-cycle training,,,,,,,,,,synthetic_full_cycle,synthetic_growth_cycles
T3,OD,hybrid,Kalman_LSTM,skipped,2.00001522898674e-07,model does not implement synthetic-cycle training,,,,,,,,,,synthetic_full_cycle,synthetic_growth_cycles
T3,OD,hybrid,PINNs,skipped,2.00001522898674e-07,model does not implement synthetic-cycle training,,,,,,,,,,synthetic_full_cycle,synthetic_growth_cycles
T3,OD,hybrid,Neural_ODEs,skipped,2.9998773243278265e-07,model does not implement synthetic-cycle training,,,,,,,,,,synthetic_full_cycle,synthetic_growth_cycles
T3,OD,hybrid,Digital_Twin_Hybrid,skipped,2.00001522898674e-07,model does not implement synthetic-cycle training,,,,,,,,,,synthetic_full_cycle,synthetic_growth_cycles
T4,OD,classical,Naive_Last,skipped,2.1000014385208488e-06,model does not implement synthetic-cycle training,,,,,,,,,,synthetic_full_cycle,synthetic_growth_cycles
T4,OD,classical,Moving_Average,skipped,7.00005330145359e-07,model does not implement synthetic-cycle training,,,,,,,,,,synthetic_full_cycle,synthetic_growth_cycles
T4,OD,classical,Weighted_Moving_Average,skipped,5.00003807246685e-07,model does not implement synthetic-cycle training,,,,,,,,,,synthetic_full_cycle,synthetic_growth_cycles
T4,OD,classical,Drift,skipped,7.00005330145359e-07,model does not implement synthetic-cycle training,,,,,,,,,,synthetic_full_cycle,synthetic_growth_cycles
T4,OD,classical,Exponential_Smoothing,skipped,5.00003807246685e-07,model does not implement synthetic-cycle training,,,,,,,,,,synthetic_full_cycle,synthetic_growth_cycles
T4,OD,classical,Holt,skipped,5.00003807246685e-07,model does not implement synthetic-cycle training,,,,,,,,,,synthetic_full_cycle,synthetic_growth_cycles
T4,OD,classical,Holt_Winters_Additive,skipped,5.00003807246685e-07,model does not implement synthetic-cycle training,,,,,,,,,,synthetic_full_cycle,synthetic_growth_cycles
T4,OD,classical,Holt_Winters_Multiplicative,skipped,7.00005330145359e-07,model does not implement synthetic-cycle training,,,,,,,,,,synthetic_full_cycle,synthetic_growth_cycles
T4,OD,classical,Brown_Double_Exponential,skipped,5.00003807246685e-07,model does not implement synthetic-cycle training,,,,,,,,,,synthetic_full_cycle,synthetic_growth_cycles
T4,OD,classical,Winters,skipped,4.00003045797348e-07,model does not implement synthetic-cycle training,,,,,,,,,,synthetic_full_cycle,synthetic_growth_cycles
T4,OD,classical,Croston,skipped,8.00006091594696e-07,model does not implement synthetic-cycle training,,,,,,,,,,synthetic_full_cycle,synthetic_growth_cycles
T4,OD,classical,Theta_Method,skipped,4.999892553314567e-07,model does not implement synthetic-cycle training,,,,,,,,,,synthetic_full_cycle,synthetic_growth_cycles
T4,OD,statistical,AR,skipped,5.00003807246685e-07,model does not implement synthetic-cycle training,,,,,,,,,,synthetic_full_cycle,synthetic_growth_cycles
T4,OD,statistical,MA,skipped,3.00002284348011e-07,model does not implement synthetic-cycle training,,,,,,,,,,synthetic_full_cycle,synthetic_growth_cycles
T4,OD,statistical,ARMA,skipped,3.00002284348011e-07,model does not implement synthetic-cycle training,,,,,,,,,,synthetic_full_cycle,synthetic_growth_cycles
T4,OD,statistical,ARIMA,skipped,3.00002284348011e-07,model does not implement synthetic-cycle training,,,,,,,,,,synthetic_full_cycle,synthetic_growth_cycles
T4,OD,statistical,SARIMA,skipped,2.00001522898674e-07,model does not implement synthetic-cycle training,,,,,,,,,,synthetic_full_cycle,synthetic_growth_cycles
T4,OD,statistical,ARIMAX,skipped,2.00001522898674e-07,model does not implement synthetic-cycle training,,,,,,,,,,synthetic_full_cycle,synthetic_growth_cycles
T4,OD,statistical,SARIMAX,skipped,2.9998773243278265e-07,model does not implement synthetic-cycle training,,,,,,,,,,synthetic_full_cycle,synthetic_growth_cycles
T4,OD,statistical,VAR,skipped,4.00003045797348e-07,model does not implement synthetic-cycle training,,,,,,,,,,synthetic_full_cycle,synthetic_growth_cycles
T4,OD,statistical,VARMAX,skipped,2.00001522898674e-07,model does not implement synthetic-cycle training,,,,,,,,,,synthetic_full_cycle,synthetic_growth_cycles
T4,OD,statistical,VECM,skipped,3.00002284348011e-07,model does not implement synthetic-cycle training,,,,,,,,,,synthetic_full_cycle,synthetic_growth_cycles
T4,OD,statistical,ARCH,skipped,3.00002284348011e-07,model does not implement synthetic-cycle training,,,,,,,,,,synthetic_full_cycle,synthetic_growth_cycles
T4,OD,statistical,GARCH,skipped,3.00002284348011e-07,model does not implement synthetic-cycle training,,,,,,,,,,synthetic_full_cycle,synthetic_growth_cycles
T4,OD,statistical,State_Space_Model,skipped,3.9998849388211966e-07,model does not implement synthetic-cycle training,,,,,,,,,,synthetic_full_cycle,synthetic_growth_cycles
T4,OD,statistical,Dynamic_Linear_Model,skipped,3.00002284348011e-07,model does not implement synthetic-cycle training,,,,,,,,,,synthetic_full_cycle,synthetic_growth_cycles
T4,OD,statistical,Kalman_Filter,skipped,4.999892553314567e-07,model does not implement synthetic-cycle training,,,,,,,,,,synthetic_full_cycle,synthetic_growth_cycles
T4,OD,statistical,BSTS_proxy,skipped,2.00001522898674e-07,model does not implement synthetic-cycle training,,,,,,,,,,synthetic_full_cycle,synthetic_growth_cycles
T4,OD,biological,Exponential,skipped,4.00003045797348e-07,model does not implement synthetic-cycle training,,,,,,,,,,synthetic_full_cycle,synthetic_growth_cycles
T4,OD,biological,Logistic,skipped,3.00002284348011e-07,model does not implement synthetic-cycle training,,,,,,,,,,synthetic_full_cycle,synthetic_growth_cycles
T4,OD,biological,Gompertz,skipped,2.00001522898674e-07,model does not implement synthetic-cycle training,,,,,,,,,,synthetic_full_cycle,synthetic_growth_cycles
T4,OD,biological,Richards,skipped,2.00001522898674e-07,model does not implement synthetic-cycle training,,,,,,,,,,synthetic_full_cycle,synthetic_growth_cycles
T4,OD,biological,Verhulst,skipped,3.00002284348011e-07,model does not implement synthetic-cycle training,,,,,,,,,,synthetic_full_cycle,synthetic_growth_cycles
T4,OD,biological,Baranyi,skipped,2.00001522898674e-07,model does not implement synthetic-cycle training,,,,,,,,,,synthetic_full_cycle,synthetic_growth_cycles
T4,OD,biological,Bertalanffy,skipped,3.00002284348011e-07,model does not implement synthetic-cycle training,,,,,,,,,,synthetic_full_cycle,synthetic_growth_cycles
T4,OD,biological,Monod,skipped,3.00002284348011e-07,model does not implement synthetic-cycle training,,,,,,,,,,synthetic_full_cycle,synthetic_growth_cycles
T4,OD,biological,Droop,skipped,2.00001522898674e-07,model does not implement synthetic-cycle training,,,,,,,,,,synthetic_full_cycle,synthetic_growth_cycles
T4,OD,biological,Contois,skipped,2.00001522898674e-07,model does not implement synthetic-cycle training,,,,,,,,,,synthetic_full_cycle,synthetic_growth_cycles
T4,OD,biological,Haldane,skipped,2.00001522898674e-07,model does not implement synthetic-cycle training,,,,,,,,,,synthetic_full_cycle,synthetic_growth_cycles
T4,OD,biological,Andrews,skipped,2.00001522898674e-07,model does not implement synthetic-cycle training,,,,,,,,,,synthetic_full_cycle,synthetic_growth_cycles
T4,OD,biological,Tessier,skipped,3.00002284348011e-07,model does not implement synthetic-cycle training,,,,,,,,,,synthetic_full_cycle,synthetic_growth_cycles
T4,OD,biological,Moser,skipped,2.00001522898674e-07,model does not implement synthetic-cycle training,,,,,,,,,,synthetic_full_cycle,synthetic_growth_cycles
T4,OD,biological,Eilers_Peeters,skipped,2.00001522898674e-07,model does not implement synthetic-cycle training,,,,,,,,,,synthetic_full_cycle,synthetic_growth_cycles
T4,OD,biological,Steele,skipped,2.00001522898674e-07,model does not implement synthetic-cycle training,,,,,,,,,,synthetic_full_cycle,synthetic_growth_cycles
T4,OD,biological,Photo_Limited,skipped,2.00001522898674e-07,model does not implement synthetic-cycle training,,,,,,,,,,synthetic_full_cycle,synthetic_growth_cycles
T4,OD,biological,Photo_Inhibited,skipped,1.9998697098344564e-07,model does not implement synthetic-cycle training,,,,,,,,,,synthetic_full_cycle,synthetic_growth_cycles
T4,OD,biological,Cell_Mortality,skipped,2.00001522898674e-07,model does not implement synthetic-cycle training,,,,,,,,,,synthetic_full_cycle,synthetic_growth_cycles
T4,OD,biological,Lotka_Volterra,skipped,2.00001522898674e-07,model does not implement synthetic-cycle training,,,,,,,,,,synthetic_full_cycle,synthetic_growth_cycles
T4,OD,biological,Bioenergetic_Dynamic,skipped,2.00001522898674e-07,model does not implement synthetic-cycle training,,,,,,,,,,synthetic_full_cycle,synthetic_growth_cycles
T4,OD,biological,Dynamic_Metabolic,skipped,2.00001522898674e-07,model does not implement synthetic-cycle training,,,,,,,,,,synthetic_full_cycle,synthetic_growth_cycles
T4,OD,differential_equations,ODE_Logistic,skipped,2.00001522898674e-07,model does not implement synthetic-cycle training,,,,,,,,,,synthetic_full_cycle,synthetic_growth_cycles
T4,OD,differential_equations,ODE_Monod_Chemostat,skipped,2.00001522898674e-07,model does not implement synthetic-cycle training,,,,,,,,,,synthetic_full_cycle,synthetic_growth_cycles
T4,OD,differential_equations,Chemostat_Model,skipped,2.00001522898674e-07,model does not implement synthetic-cycle training,,,,,,,,,,synthetic_full_cycle,synthetic_growth_cycles
T4,OD,differential_equations,PDE,skipped,3.9998849388211966e-07,model does not implement synthetic-cycle training,,,,,,,,,,synthetic_full_cycle,synthetic_growth_cycles
T4,OD,differential_equations,DDE,skipped,2.00001522898674e-07,model does not implement synthetic-cycle training,,,,,,,,,,synthetic_full_cycle,synthetic_growth_cycles
T4,OD,differential_equations,Reaction_Diffusion,skipped,2.00001522898674e-07,model does not implement synthetic-cycle training,,,,,,,,,,synthetic_full_cycle,synthetic_growth_cycles
T4,OD,differential_equations,Population_Balance_Model,skipped,2.00001522898674e-07,model does not implement synthetic-cycle training,,,,,,,,,,synthetic_full_cycle,synthetic_growth_cycles
T4,OD,differential_equations,dFBA,skipped,3.00002284348011e-07,model does not implement synthetic-cycle training,,,,,,,,,,synthetic_full_cycle,synthetic_growth_cycles
T4,OD,probabilistic,Hidden_Markov_Models,skipped,3.9998849388211966e-07,model does not implement synthetic-cycle training,,,,,,,,,,synthetic_full_cycle,synthetic_growth_cycles
T4,OD,probabilistic,Markov_Chains,skipped,3.9998849388211966e-07,model does not implement synthetic-cycle training,,,,,,,,,,synthetic_full_cycle,synthetic_growth_cycles
T4,OD,probabilistic,Semi_Markov,skipped,1.9998697098344564e-07,model does not implement synthetic-cycle training,,,,,,,,,,synthetic_full_cycle,synthetic_growth_cycles
T4,OD,probabilistic,Gaussian_Processes,skipped,4.00003045797348e-07,model does not implement synthetic-cycle training,,,,,,,,,,synthetic_full_cycle,synthetic_growth_cycles
T4,OD,probabilistic,Bayesian_Networks,skipped,2.00001522898674e-07,model does not implement synthetic-cycle training,,,,,,,,,,synthetic_full_cycle,synthetic_growth_cycles
T4,OD,probabilistic,Particle_Filters,skipped,5.00003807246685e-07,model does not implement synthetic-cycle training,,,,,,,,,,synthetic_full_cycle,synthetic_growth_cycles
T4,OD,probabilistic,Monte_Carlo,skipped,9.00006853044033e-07,model does not implement synthetic-cycle training,,,,,,,,,,synthetic_full_cycle,synthetic_growth_cycles
T4,OD,probabilistic,Sequential_Monte_Carlo,skipped,3.00002284348011e-07,model does not implement synthetic-cycle training,,,,,,,,,,synthetic_full_cycle,synthetic_growth_cycles
T4,OD,probabilistic,Probabilistic_Graphical_Models,skipped,2.00001522898674e-07,model does not implement synthetic-cycle training,,,,,,,,,,synthetic_full_cycle,synthetic_growth_cycles
T4,OD,machine_learning,Linear_Regression,skipped,4.00003045797348e-07,model does not implement synthetic-cycle training,,,,,,,,,,synthetic_full_cycle,synthetic_growth_cycles
T4,OD,machine_learning,Polynomial_Regression,skipped,1.9998697098344564e-07,model does not implement synthetic-cycle training,,,,,,,,,,synthetic_full_cycle,synthetic_growth_cycles
T4,OD,machine_learning,Ridge,skipped,2.00001522898674e-07,model does not implement synthetic-cycle training,,,,,,,,,,synthetic_full_cycle,synthetic_growth_cycles
T4,OD,machine_learning,Lasso,skipped,2.00001522898674e-07,model does not implement synthetic-cycle training,,,,,,,,,,synthetic_full_cycle,synthetic_growth_cycles
T4,OD,machine_learning,Elastic_Net,skipped,2.00001522898674e-07,model does not implement synthetic-cycle training,,,,,,,,,,synthetic_full_cycle,synthetic_growth_cycles
T4,OD,machine_learning,Decision_Trees,skipped,2.00001522898674e-07,model does not implement synthetic-cycle training,,,,,,,,,,synthetic_full_cycle,synthetic_growth_cycles
T4,OD,machine_learning,Random_Forest,skipped,3.9998849388211966e-07,model does not implement synthetic-cycle training,,,,,,,,,,synthetic_full_cycle,synthetic_growth_cycles
T4,OD,machine_learning,Extra_Trees,skipped,2.00001522898674e-07,model does not implement synthetic-cycle training,,,,,,,,,,synthetic_full_cycle,synthetic_growth_cycles
T4,OD,machine_learning,Gradient_Boosting,skipped,3.00002284348011e-07,model does not implement synthetic-cycle training,,,,,,,,,,synthetic_full_cycle,synthetic_growth_cycles
T4,OD,machine_learning,AdaBoost,skipped,2.00001522898674e-07,model does not implement synthetic-cycle training,,,,,,,,,,synthetic_full_cycle,synthetic_growth_cycles
T4,OD,machine_learning,XGBoost,skipped,2.00001522898674e-07,model does not implement synthetic-cycle training,,,,,,,,,,synthetic_full_cycle,synthetic_growth_cycles
T4,OD,machine_learning,LightGBM,skipped,2.00001522898674e-07,model does not implement synthetic-cycle training,,,,,,,,,,synthetic_full_cycle,synthetic_growth_cycles
T4,OD,machine_learning,CatBoost,skipped,2.9998773243278265e-07,model does not implement synthetic-cycle training,,,,,,,,,,synthetic_full_cycle,synthetic_growth_cycles
T4,OD,machine_learning,SVR,skipped,2.00001522898674e-07,model does not implement synthetic-cycle training,,,,,,,,,,synthetic_full_cycle,synthetic_growth_cycles
T4,OD,machine_learning,KNN,skipped,2.00001522898674e-07,model does not implement synthetic-cycle training,,,,,,,,,,synthetic_full_cycle,synthetic_growth_cycles
T4,OD,machine_learning,Gaussian_Process_Regression,skipped,2.00001522898674e-07,model does not implement synthetic-cycle training,,,,,,,,,,synthetic_full_cycle,synthetic_growth_cycles
T4,OD,machine_learning,PLS,skipped,3.00002284348011e-07,model does not implement synthetic-cycle training,,,,,,,,,,synthetic_full_cycle,synthetic_growth_cycles
T4,OD,machine_learning,PCR,skipped,2.00001522898674e-07,model does not implement synthetic-cycle training,,,,,,,,,,synthetic_full_cycle,synthetic_growth_cycles
T4,OD,deep_learning,MLP,skipped,3.00002284348011e-07,model does not implement synthetic-cycle training,,,,,,,,,,synthetic_full_cycle,synthetic_growth_cycles
T4,OD,deep_learning,RNN,skipped,7.00005330145359e-07,model does not implement synthetic-cycle training,,,,,,,,,,synthetic_full_cycle,synthetic_growth_cycles
T4,OD,deep_learning,LSTM,skipped,3.00002284348011e-07,model does not implement synthetic-cycle training,,,,,,,,,,synthetic_full_cycle,synthetic_growth_cycles
T4,OD,deep_learning,Bidirectional_LSTM,skipped,2.00001522898674e-07,model does not implement synthetic-cycle training,,,,,,,,,,synthetic_full_cycle,synthetic_growth_cycles
T4,OD,deep_learning,GRU,skipped,2.00001522898674e-07,model does not implement synthetic-cycle training,,,,,,,,,,synthetic_full_cycle,synthetic_growth_cycles
T4,OD,deep_learning,CNN_temporal,skipped,2.00001522898674e-07,model does not implement synthetic-cycle training,,,,,,,,,,synthetic_full_cycle,synthetic_growth_cycles
T4,OD,deep_learning,Seq2Seq,skipped,2.00001522898674e-07,model does not implement synthetic-cycle training,,,,,,,,,,synthetic_full_cycle,synthetic_growth_cycles
T4,OD,deep_learning,TCN,skipped,2.00001522898674e-07,model does not implement synthetic-cycle training,,,,,,,,,,synthetic_full_cycle,synthetic_growth_cycles
T4,OD,deep_learning,DeepAR,skipped,2.00001522898674e-07,model does not implement synthetic-cycle training,,,,,,,,,,synthetic_full_cycle,synthetic_growth_cycles
T4,OD,deep_learning,N_BEATS,skipped,1.9998697098344564e-07,model does not implement synthetic-cycle training,,,,,,,,,,synthetic_full_cycle,synthetic_growth_cycles
T4,OD,deep_learning,N_HiTS,skipped,3.00002284348011e-07,model does not implement synthetic-cycle training,,,,,,,,,,synthetic_full_cycle,synthetic_growth_cycles
T4,OD,deep_learning,TFT,skipped,2.00001522898674e-07,model does not implement synthetic-cycle training,,,,,,,,,,synthetic_full_cycle,synthetic_growth_cycles
T4,OD,deep_learning,Temporal_Transformers,skipped,3.00002284348011e-07,model does not implement synthetic-cycle training,,,,,,,,,,synthetic_full_cycle,synthetic_growth_cycles
T4,OD,deep_learning,Informer,skipped,2.00001522898674e-07,model does not implement synthetic-cycle training,,,,,,,,,,synthetic_full_cycle,synthetic_growth_cycles
T4,OD,deep_learning,Autoformer,skipped,1.9998697098344564e-07,model does not implement synthetic-cycle training,,,,,,,,,,synthetic_full_cycle,synthetic_growth_cycles
T4,OD,deep_learning,PatchTST,skipped,2.00001522898674e-07,model does not implement synthetic-cycle training,,,,,,,,,,synthetic_full_cycle,synthetic_growth_cycles
T4,OD,hybrid,ARIMA_XGBoost,skipped,4.00003045797348e-07,model does not implement synthetic-cycle training,,,,,,,,,,synthetic_full_cycle,synthetic_growth_cycles
T4,OD,hybrid,SARIMA_LSTM,skipped,2.00001522898674e-07,model does not implement synthetic-cycle training,,,,,,,,,,synthetic_full_cycle,synthetic_growth_cycles
T4,OD,hybrid,ODE_ML,skipped,4.00003045797348e-07,model does not implement synthetic-cycle training,,,,,,,,,,synthetic_full_cycle,synthetic_growth_cycles
T4,OD,hybrid,Gompertz_Random_Forest,skipped,3.00002284348011e-07,model does not implement synthetic-cycle training,,,,,,,,,,synthetic_full_cycle,synthetic_growth_cycles
T4,OD,hybrid,Monod_Neural_Networks,skipped,2.00001522898674e-07,model does not implement synthetic-cycle training,,,,,,,,,,synthetic_full_cycle,synthetic_growth_cycles
T4,OD,hybrid,Kalman_LSTM,skipped,2.00001522898674e-07,model does not implement synthetic-cycle training,,,,,,,,,,synthetic_full_cycle,synthetic_growth_cycles
T4,OD,hybrid,PINNs,skipped,2.00001522898674e-07,model does not implement synthetic-cycle training,,,,,,,,,,synthetic_full_cycle,synthetic_growth_cycles
T4,OD,hybrid,Neural_ODEs,skipped,2.00001522898674e-07,model does not implement synthetic-cycle training,,,,,,,,,,synthetic_full_cycle,synthetic_growth_cycles
T4,OD,hybrid,Digital_Twin_Hybrid,skipped,1.9998697098344564e-07,model does not implement synthetic-cycle training,,,,,,,,,,synthetic_full_cycle,synthetic_growth_cycles
T5,OD,classical,Naive_Last,skipped,2.7999922167509794e-06,model does not implement synthetic-cycle training,,,,,,,,,,synthetic_full_cycle,synthetic_growth_cycles
T5,OD,classical,Moving_Average,skipped,5.999900167807937e-07,model does not implement synthetic-cycle training,,,,,,,,,,synthetic_full_cycle,synthetic_growth_cycles
T5,OD,classical,Weighted_Moving_Average,skipped,6.00004568696022e-07,model does not implement synthetic-cycle training,,,,,,,,,,synthetic_full_cycle,synthetic_growth_cycles
T5,OD,classical,Drift,skipped,5.00003807246685e-07,model does not implement synthetic-cycle training,,,,,,,,,,synthetic_full_cycle,synthetic_growth_cycles
T5,OD,classical,Exponential_Smoothing,skipped,4.00003045797348e-07,model does not implement synthetic-cycle training,,,,,,,,,,synthetic_full_cycle,synthetic_growth_cycles
T5,OD,classical,Holt,skipped,3.00002284348011e-07,model does not implement synthetic-cycle training,,,,,,,,,,synthetic_full_cycle,synthetic_growth_cycles
T5,OD,classical,Holt_Winters_Additive,skipped,2.00001522898674e-07,model does not implement synthetic-cycle training,,,,,,,,,,synthetic_full_cycle,synthetic_growth_cycles
T5,OD,classical,Holt_Winters_Multiplicative,skipped,3.00002284348011e-07,model does not implement synthetic-cycle training,,,,,,,,,,synthetic_full_cycle,synthetic_growth_cycles
T5,OD,classical,Brown_Double_Exponential,skipped,2.9998773243278265e-07,model does not implement synthetic-cycle training,,,,,,,,,,synthetic_full_cycle,synthetic_growth_cycles
T5,OD,classical,Winters,skipped,2.00001522898674e-07,model does not implement synthetic-cycle training,,,,,,,,,,synthetic_full_cycle,synthetic_growth_cycles
T5,OD,classical,Croston,skipped,4.00003045797348e-07,model does not implement synthetic-cycle training,,,,,,,,,,synthetic_full_cycle,synthetic_growth_cycles
T5,OD,classical,Theta_Method,skipped,3.00002284348011e-07,model does not implement synthetic-cycle training,,,,,,,,,,synthetic_full_cycle,synthetic_growth_cycles
T5,OD,statistical,AR,skipped,4.00003045797348e-07,model does not implement synthetic-cycle training,,,,,,,,,,synthetic_full_cycle,synthetic_growth_cycles
T5,OD,statistical,MA,skipped,2.9998773243278265e-07,model does not implement synthetic-cycle training,,,,,,,,,,synthetic_full_cycle,synthetic_growth_cycles
T5,OD,statistical,ARMA,skipped,2.00001522898674e-07,model does not implement synthetic-cycle training,,,,,,,,,,synthetic_full_cycle,synthetic_growth_cycles
T5,OD,statistical,ARIMA,skipped,2.00001522898674e-07,model does not implement synthetic-cycle training,,,,,,,,,,synthetic_full_cycle,synthetic_growth_cycles
T5,OD,statistical,SARIMA,skipped,2.00001522898674e-07,model does not implement synthetic-cycle training,,,,,,,,,,synthetic_full_cycle,synthetic_growth_cycles
T5,OD,statistical,ARIMAX,skipped,2.00001522898674e-07,model does not implement synthetic-cycle training,,,,,,,,,,synthetic_full_cycle,synthetic_growth_cycles
T5,OD,statistical,SARIMAX,skipped,2.00001522898674e-07,model does not implement synthetic-cycle training,,,,,,,,,,synthetic_full_cycle,synthetic_growth_cycles
T5,OD,statistical,VAR,skipped,4.00003045797348e-07,model does not implement synthetic-cycle training,,,,,,,,,,synthetic_full_cycle,synthetic_growth_cycles
T5,OD,statistical,VARMAX,skipped,2.00001522898674e-07,model does not implement synthetic-cycle training,,,,,,,,,,synthetic_full_cycle,synthetic_growth_cycles
T5,OD,statistical,VECM,skipped,4.00003045797348e-07,model does not implement synthetic-cycle training,,,,,,,,,,synthetic_full_cycle,synthetic_growth_cycles
T5,OD,statistical,ARCH,skipped,4.00003045797348e-07,model does not implement synthetic-cycle training,,,,,,,,,,synthetic_full_cycle,synthetic_growth_cycles
T5,OD,statistical,GARCH,skipped,3.9998849388211966e-07,model does not implement synthetic-cycle training,,,,,,,,,,synthetic_full_cycle,synthetic_growth_cycles
T5,OD,statistical,State_Space_Model,skipped,4.00003045797348e-07,model does not implement synthetic-cycle training,,,,,,,,,,synthetic_full_cycle,synthetic_growth_cycles
T5,OD,statistical,Dynamic_Linear_Model,skipped,3.00002284348011e-07,model does not implement synthetic-cycle training,,,,,,,,,,synthetic_full_cycle,synthetic_growth_cycles
T5,OD,statistical,Kalman_Filter,skipped,1.9998697098344564e-07,model does not implement synthetic-cycle training,,,,,,,,,,synthetic_full_cycle,synthetic_growth_cycles
T5,OD,statistical,BSTS_proxy,skipped,2.00001522898674e-07,model does not implement synthetic-cycle training,,,,,,,,,,synthetic_full_cycle,synthetic_growth_cycles
T5,OD,biological,Exponential,skipped,4.00003045797348e-07,model does not implement synthetic-cycle training,,,,,,,,,,synthetic_full_cycle,synthetic_growth_cycles
T5,OD,biological,Logistic,skipped,2.00001522898674e-07,model does not implement synthetic-cycle training,,,,,,,,,,synthetic_full_cycle,synthetic_growth_cycles
T5,OD,biological,Gompertz,skipped,1.9998697098344564e-07,model does not implement synthetic-cycle training,,,,,,,,,,synthetic_full_cycle,synthetic_growth_cycles
T5,OD,biological,Richards,skipped,2.00001522898674e-07,model does not implement synthetic-cycle training,,,,,,,,,,synthetic_full_cycle,synthetic_growth_cycles
T5,OD,biological,Verhulst,skipped,2.00001522898674e-07,model does not implement synthetic-cycle training,,,,,,,,,,synthetic_full_cycle,synthetic_growth_cycles
T5,OD,biological,Baranyi,skipped,3.00002284348011e-07,model does not implement synthetic-cycle training,,,,,,,,,,synthetic_full_cycle,synthetic_growth_cycles
T5,OD,biological,Bertalanffy,skipped,2.00001522898674e-07,model does not implement synthetic-cycle training,,,,,,,,,,synthetic_full_cycle,synthetic_growth_cycles
T5,OD,biological,Monod,skipped,2.9998773243278265e-07,model does not implement synthetic-cycle training,,,,,,,,,,synthetic_full_cycle,synthetic_growth_cycles
T5,OD,biological,Droop,skipped,2.00001522898674e-07,model does not implement synthetic-cycle training,,,,,,,,,,synthetic_full_cycle,synthetic_growth_cycles
T5,OD,biological,Contois,skipped,3.00002284348011e-07,model does not implement synthetic-cycle training,,,,,,,,,,synthetic_full_cycle,synthetic_growth_cycles
T5,OD,biological,Haldane,skipped,2.00001522898674e-07,model does not implement synthetic-cycle training,,,,,,,,,,synthetic_full_cycle,synthetic_growth_cycles
T5,OD,biological,Andrews,skipped,1.9998697098344564e-07,model does not implement synthetic-cycle training,,,,,,,,,,synthetic_full_cycle,synthetic_growth_cycles
T5,OD,biological,Tessier,skipped,2.00001522898674e-07,model does not implement synthetic-cycle training,,,,,,,,,,synthetic_full_cycle,synthetic_growth_cycles
T5,OD,biological,Moser,skipped,3.00002284348011e-07,model does not implement synthetic-cycle training,,,,,,,,,,synthetic_full_cycle,synthetic_growth_cycles
T5,OD,biological,Eilers_Peeters,skipped,2.00001522898674e-07,model does not implement synthetic-cycle training,,,,,,,,,,synthetic_full_cycle,synthetic_growth_cycles
T5,OD,biological,Steele,skipped,2.00001522898674e-07,model does not implement synthetic-cycle training,,,,,,,,,,synthetic_full_cycle,synthetic_growth_cycles
T5,OD,biological,Photo_Limited,skipped,2.00001522898674e-07,model does not implement synthetic-cycle training,,,,,,,,,,synthetic_full_cycle,synthetic_growth_cycles
T5,OD,biological,Photo_Inhibited,skipped,2.00001522898674e-07,model does not implement synthetic-cycle training,,,,,,,,,,synthetic_full_cycle,synthetic_growth_cycles
T5,OD,biological,Cell_Mortality,skipped,2.00001522898674e-07,model does not implement synthetic-cycle training,,,,,,,,,,synthetic_full_cycle,synthetic_growth_cycles
T5,OD,biological,Lotka_Volterra,skipped,2.00001522898674e-07,model does not implement synthetic-cycle training,,,,,,,,,,synthetic_full_cycle,synthetic_growth_cycles
T5,OD,biological,Bioenergetic_Dynamic,skipped,2.00001522898674e-07,model does not implement synthetic-cycle training,,,,,,,,,,synthetic_full_cycle,synthetic_growth_cycles
T5,OD,biological,Dynamic_Metabolic,skipped,2.00001522898674e-07,model does not implement synthetic-cycle training,,,,,,,,,,synthetic_full_cycle,synthetic_growth_cycles
T5,OD,differential_equations,ODE_Logistic,skipped,2.00001522898674e-07,model does not implement synthetic-cycle training,,,,,,,,,,synthetic_full_cycle,synthetic_growth_cycles
T5,OD,differential_equations,ODE_Monod_Chemostat,skipped,2.9998773243278265e-07,model does not implement synthetic-cycle training,,,,,,,,,,synthetic_full_cycle,synthetic_growth_cycles
T5,OD,differential_equations,Chemostat_Model,skipped,2.00001522898674e-07,model does not implement synthetic-cycle training,,,,,,,,,,synthetic_full_cycle,synthetic_growth_cycles
T5,OD,differential_equations,PDE,skipped,4.00003045797348e-07,model does not implement synthetic-cycle training,,,,,,,,,,synthetic_full_cycle,synthetic_growth_cycles
T5,OD,differential_equations,DDE,skipped,2.00001522898674e-07,model does not implement synthetic-cycle training,,,,,,,,,,synthetic_full_cycle,synthetic_growth_cycles
T5,OD,differential_equations,Reaction_Diffusion,skipped,2.00001522898674e-07,model does not implement synthetic-cycle training,,,,,,,,,,synthetic_full_cycle,synthetic_growth_cycles
T5,OD,differential_equations,Population_Balance_Model,skipped,2.00001522898674e-07,model does not implement synthetic-cycle training,,,,,,,,,,synthetic_full_cycle,synthetic_growth_cycles
T5,OD,differential_equations,dFBA,skipped,2.00001522898674e-07,model does not implement synthetic-cycle training,,,,,,,,,,synthetic_full_cycle,synthetic_growth_cycles
T5,OD,probabilistic,Hidden_Markov_Models,skipped,4.00003045797348e-07,model does not implement synthetic-cycle training,,,,,,,,,,synthetic_full_cycle,synthetic_growth_cycles
T5,OD,probabilistic,Markov_Chains,skipped,4.00003045797348e-07,model does not implement synthetic-cycle training,,,,,,,,,,synthetic_full_cycle,synthetic_growth_cycles
T5,OD,probabilistic,Semi_Markov,skipped,2.00001522898674e-07,model does not implement synthetic-cycle training,,,,,,,,,,synthetic_full_cycle,synthetic_growth_cycles
T5,OD,probabilistic,Gaussian_Processes,skipped,3.9998849388211966e-07,model does not implement synthetic-cycle training,,,,,,,,,,synthetic_full_cycle,synthetic_growth_cycles
T5,OD,probabilistic,Bayesian_Networks,skipped,2.00001522898674e-07,model does not implement synthetic-cycle training,,,,,,,,,,synthetic_full_cycle,synthetic_growth_cycles
T5,OD,probabilistic,Particle_Filters,skipped,6.00004568696022e-07,model does not implement synthetic-cycle training,,,,,,,,,,synthetic_full_cycle,synthetic_growth_cycles
T5,OD,probabilistic,Monte_Carlo,skipped,6.999907782301307e-07,model does not implement synthetic-cycle training,,,,,,,,,,synthetic_full_cycle,synthetic_growth_cycles
T5,OD,probabilistic,Sequential_Monte_Carlo,skipped,3.00002284348011e-07,model does not implement synthetic-cycle training,,,,,,,,,,synthetic_full_cycle,synthetic_growth_cycles
T5,OD,probabilistic,Probabilistic_Graphical_Models,skipped,2.00001522898674e-07,model does not implement synthetic-cycle training,,,,,,,,,,synthetic_full_cycle,synthetic_growth_cycles
T5,OD,machine_learning,Linear_Regression,skipped,3.00002284348011e-07,model does not implement synthetic-cycle training,,,,,,,,,,synthetic_full_cycle,synthetic_growth_cycles
T5,OD,machine_learning,Polynomial_Regression,skipped,2.00001522898674e-07,model does not implement synthetic-cycle training,,,,,,,,,,synthetic_full_cycle,synthetic_growth_cycles
T5,OD,machine_learning,Ridge,skipped,2.00001522898674e-07,model does not implement synthetic-cycle training,,,,,,,,,,synthetic_full_cycle,synthetic_growth_cycles
T5,OD,machine_learning,Lasso,skipped,2.00001522898674e-07,model does not implement synthetic-cycle training,,,,,,,,,,synthetic_full_cycle,synthetic_growth_cycles
T5,OD,machine_learning,Elastic_Net,skipped,3.00002284348011e-07,model does not implement synthetic-cycle training,,,,,,,,,,synthetic_full_cycle,synthetic_growth_cycles
T5,OD,machine_learning,Decision_Trees,skipped,2.00001522898674e-07,model does not implement synthetic-cycle training,,,,,,,,,,synthetic_full_cycle,synthetic_growth_cycles
T5,OD,machine_learning,Random_Forest,skipped,1.9998697098344564e-07,model does not implement synthetic-cycle training,,,,,,,,,,synthetic_full_cycle,synthetic_growth_cycles
T5,OD,machine_learning,Extra_Trees,skipped,3.00002284348011e-07,model does not implement synthetic-cycle training,,,,,,,,,,synthetic_full_cycle,synthetic_growth_cycles
T5,OD,machine_learning,Gradient_Boosting,skipped,2.00001522898674e-07,model does not implement synthetic-cycle training,,,,,,,,,,synthetic_full_cycle,synthetic_growth_cycles
T5,OD,machine_learning,AdaBoost,skipped,2.00001522898674e-07,model does not implement synthetic-cycle training,,,,,,,,,,synthetic_full_cycle,synthetic_growth_cycles
T5,OD,machine_learning,XGBoost,skipped,3.00002284348011e-07,model does not implement synthetic-cycle training,,,,,,,,,,synthetic_full_cycle,synthetic_growth_cycles
T5,OD,machine_learning,LightGBM,skipped,1.9998697098344564e-07,model does not implement synthetic-cycle training,,,,,,,,,,synthetic_full_cycle,synthetic_growth_cycles
T5,OD,machine_learning,CatBoost,skipped,2.00001522898674e-07,model does not implement synthetic-cycle training,,,,,,,,,,synthetic_full_cycle,synthetic_growth_cycles
T5,OD,machine_learning,SVR,skipped,2.00001522898674e-07,model does not implement synthetic-cycle training,,,,,,,,,,synthetic_full_cycle,synthetic_growth_cycles
T5,OD,machine_learning,KNN,skipped,3.00002284348011e-07,model does not implement synthetic-cycle training,,,,,,,,,,synthetic_full_cycle,synthetic_growth_cycles
T5,OD,machine_learning,Gaussian_Process_Regression,skipped,2.00001522898674e-07,model does not implement synthetic-cycle training,,,,,,,,,,synthetic_full_cycle,synthetic_growth_cycles
T5,OD,machine_learning,PLS,skipped,1.9998697098344564e-07,model does not implement synthetic-cycle training,,,,,,,,,,synthetic_full_cycle,synthetic_growth_cycles
T5,OD,machine_learning,PCR,skipped,2.00001522898674e-07,model does not implement synthetic-cycle training,,,,,,,,,,synthetic_full_cycle,synthetic_growth_cycles
T5,OD,deep_learning,MLP,skipped,3.00002284348011e-07,model does not implement synthetic-cycle training,,,,,,,,,,synthetic_full_cycle,synthetic_growth_cycles
T5,OD,deep_learning,RNN,skipped,4.00003045797348e-07,model does not implement synthetic-cycle training,,,,,,,,,,synthetic_full_cycle,synthetic_growth_cycles
T5,OD,deep_learning,LSTM,skipped,2.00001522898674e-07,model does not implement synthetic-cycle training,,,,,,,,,,synthetic_full_cycle,synthetic_growth_cycles
T5,OD,deep_learning,Bidirectional_LSTM,skipped,1.9998697098344564e-07,model does not implement synthetic-cycle training,,,,,,,,,,synthetic_full_cycle,synthetic_growth_cycles
T5,OD,deep_learning,GRU,skipped,4.00003045797348e-07,model does not implement synthetic-cycle training,,,,,,,,,,synthetic_full_cycle,synthetic_growth_cycles
T5,OD,deep_learning,CNN_temporal,skipped,2.00001522898674e-07,model does not implement synthetic-cycle training,,,,,,,,,,synthetic_full_cycle,synthetic_growth_cycles
T5,OD,deep_learning,Seq2Seq,skipped,3.00002284348011e-07,model does not implement synthetic-cycle training,,,,,,,,,,synthetic_full_cycle,synthetic_growth_cycles
T5,OD,deep_learning,TCN,skipped,1.9998697098344564e-07,model does not implement synthetic-cycle training,,,,,,,,,,synthetic_full_cycle,synthetic_growth_cycles
T5,OD,deep_learning,DeepAR,skipped,1.9998697098344564e-07,model does not implement synthetic-cycle training,,,,,,,,,,synthetic_full_cycle,synthetic_growth_cycles
T5,OD,deep_learning,N_BEATS,skipped,3.00002284348011e-07,model does not implement synthetic-cycle training,,,,,,,,,,synthetic_full_cycle,synthetic_growth_cycles
T5,OD,deep_learning,N_HiTS,skipped,2.00001522898674e-07,model does not implement synthetic-cycle training,,,,,,,,,,synthetic_full_cycle,synthetic_growth_cycles
T5,OD,deep_learning,TFT,skipped,2.00001522898674e-07,model does not implement synthetic-cycle training,,,,,,,,,,synthetic_full_cycle,synthetic_growth_cycles
T5,OD,deep_learning,Temporal_Transformers,skipped,3.00002284348011e-07,model does not implement synthetic-cycle training,,,,,,,,,,synthetic_full_cycle,synthetic_growth_cycles
T5,OD,deep_learning,Informer,skipped,2.00001522898674e-07,model does not implement synthetic-cycle training,,,,,,,,,,synthetic_full_cycle,synthetic_growth_cycles
T5,OD,deep_learning,Autoformer,skipped,3.00002284348011e-07,model does not implement synthetic-cycle training,,,,,,,,,,synthetic_full_cycle,synthetic_growth_cycles
T5,OD,deep_learning,PatchTST,skipped,3.00002284348011e-07,model does not implement synthetic-cycle training,,,,,,,,,,synthetic_full_cycle,synthetic_growth_cycles
T5,OD,hybrid,ARIMA_XGBoost,skipped,3.9998849388211966e-07,model does not implement synthetic-cycle training,,,,,,,,,,synthetic_full_cycle,synthetic_growth_cycles
T5,OD,hybrid,SARIMA_LSTM,skipped,1.9998697098344564e-07,model does not implement synthetic-cycle training,,,,,,,,,,synthetic_full_cycle,synthetic_growth_cycles
T5,OD,hybrid,ODE_ML,skipped,4.00003045797348e-07,model does not implement synthetic-cycle training,,,,,,,,,,synthetic_full_cycle,synthetic_growth_cycles
T5,OD,hybrid,Gompertz_Random_Forest,skipped,3.00002284348011e-07,model does not implement synthetic-cycle training,,,,,,,,,,synthetic_full_cycle,synthetic_growth_cycles
T5,OD,hybrid,Monod_Neural_Networks,skipped,2.00001522898674e-07,model does not implement synthetic-cycle training,,,,,,,,,,synthetic_full_cycle,synthetic_growth_cycles
T5,OD,hybrid,Kalman_LSTM,skipped,2.00001522898674e-07,model does not implement synthetic-cycle training,,,,,,,,,,synthetic_full_cycle,synthetic_growth_cycles
T5,OD,hybrid,PINNs,skipped,2.00001522898674e-07,model does not implement synthetic-cycle training,,,,,,,,,,synthetic_full_cycle,synthetic_growth_cycles
T5,OD,hybrid,Neural_ODEs,skipped,3.00002284348011e-07,model does not implement synthetic-cycle training,,,,,,,,,,synthetic_full_cycle,synthetic_growth_cycles
T5,OD,hybrid,Digital_Twin_Hybrid,skipped,3.00002284348011e-07,model does not implement synthetic-cycle training,,,,,,,,,,synthetic_full_cycle,synthetic_growth_cycles
T6,OD,classical,Naive_Last,skipped,2.6000052457675338e-06,model does not implement synthetic-cycle training,,,,,,,,,,synthetic_full_cycle,synthetic_growth_cycles
T6,OD,classical,Moving_Average,skipped,7.00005330145359e-07,model does not implement synthetic-cycle training,,,,,,,,,,synthetic_full_cycle,synthetic_growth_cycles
T6,OD,classical,Weighted_Moving_Average,skipped,5.00003807246685e-07,model does not implement synthetic-cycle training,,,,,,,,,,synthetic_full_cycle,synthetic_growth_cycles
T6,OD,classical,Drift,skipped,7.00005330145359e-07,model does not implement synthetic-cycle training,,,,,,,,,,synthetic_full_cycle,synthetic_growth_cycles
T6,OD,classical,Exponential_Smoothing,skipped,4.00003045797348e-07,model does not implement synthetic-cycle training,,,,,,,,,,synthetic_full_cycle,synthetic_growth_cycles
T6,OD,classical,Holt,skipped,3.00002284348011e-07,model does not implement synthetic-cycle training,,,,,,,,,,synthetic_full_cycle,synthetic_growth_cycles
T6,OD,classical,Holt_Winters_Additive,skipped,2.00001522898674e-07,model does not implement synthetic-cycle training,,,,,,,,,,synthetic_full_cycle,synthetic_growth_cycles
T6,OD,classical,Holt_Winters_Multiplicative,skipped,2.00001522898674e-07,model does not implement synthetic-cycle training,,,,,,,,,,synthetic_full_cycle,synthetic_growth_cycles
T6,OD,classical,Brown_Double_Exponential,skipped,5.00003807246685e-07,model does not implement synthetic-cycle training,,,,,,,,,,synthetic_full_cycle,synthetic_growth_cycles
T6,OD,classical,Winters,skipped,3.00002284348011e-07,model does not implement synthetic-cycle training,,,,,,,,,,synthetic_full_cycle,synthetic_growth_cycles
T6,OD,classical,Croston,skipped,5.00003807246685e-07,model does not implement synthetic-cycle training,,,,,,,,,,synthetic_full_cycle,synthetic_growth_cycles
T6,OD,classical,Theta_Method,skipped,3.00002284348011e-07,model does not implement synthetic-cycle training,,,,,,,,,,synthetic_full_cycle,synthetic_growth_cycles
T6,OD,statistical,AR,skipped,2.9998773243278265e-07,model does not implement synthetic-cycle training,,,,,,,,,,synthetic_full_cycle,synthetic_growth_cycles
T6,OD,statistical,MA,skipped,3.00002284348011e-07,model does not implement synthetic-cycle training,,,,,,,,,,synthetic_full_cycle,synthetic_growth_cycles
T6,OD,statistical,ARMA,skipped,2.00001522898674e-07,model does not implement synthetic-cycle training,,,,,,,,,,synthetic_full_cycle,synthetic_growth_cycles
T6,OD,statistical,ARIMA,skipped,2.00001522898674e-07,model does not implement synthetic-cycle training,,,,,,,,,,synthetic_full_cycle,synthetic_growth_cycles
T6,OD,statistical,SARIMA,skipped,2.00001522898674e-07,model does not implement synthetic-cycle training,,,,,,,,,,synthetic_full_cycle,synthetic_growth_cycles
T6,OD,statistical,ARIMAX,skipped,3.00002284348011e-07,model does not implement synthetic-cycle training,,,,,,,,,,synthetic_full_cycle,synthetic_growth_cycles
T6,OD,statistical,SARIMAX,skipped,1.9998697098344564e-07,model does not implement synthetic-cycle training,,,,,,,,,,synthetic_full_cycle,synthetic_growth_cycles
T6,OD,statistical,VAR,skipped,4.00003045797348e-07,model does not implement synthetic-cycle training,,,,,,,,,,synthetic_full_cycle,synthetic_growth_cycles
T6,OD,statistical,VARMAX,skipped,3.00002284348011e-07,model does not implement synthetic-cycle training,,,,,,,,,,synthetic_full_cycle,synthetic_growth_cycles
T6,OD,statistical,VECM,skipped,2.00001522898674e-07,model does not implement synthetic-cycle training,,,,,,,,,,synthetic_full_cycle,synthetic_growth_cycles
T6,OD,statistical,ARCH,skipped,4.00003045797348e-07,model does not implement synthetic-cycle training,,,,,,,,,,synthetic_full_cycle,synthetic_growth_cycles
T6,OD,statistical,GARCH,skipped,3.00002284348011e-07,model does not implement synthetic-cycle training,,,,,,,,,,synthetic_full_cycle,synthetic_growth_cycles
T6,OD,statistical,State_Space_Model,skipped,3.9998849388211966e-07,model does not implement synthetic-cycle training,,,,,,,,,,synthetic_full_cycle,synthetic_growth_cycles
T6,OD,statistical,Dynamic_Linear_Model,skipped,3.00002284348011e-07,model does not implement synthetic-cycle training,,,,,,,,,,synthetic_full_cycle,synthetic_growth_cycles
T6,OD,statistical,Kalman_Filter,skipped,2.00001522898674e-07,model does not implement synthetic-cycle training,,,,,,,,,,synthetic_full_cycle,synthetic_growth_cycles
T6,OD,statistical,BSTS_proxy,skipped,3.00002284348011e-07,model does not implement synthetic-cycle training,,,,,,,,,,synthetic_full_cycle,synthetic_growth_cycles
T6,OD,biological,Exponential,skipped,4.00003045797348e-07,model does not implement synthetic-cycle training,,,,,,,,,,synthetic_full_cycle,synthetic_growth_cycles
T6,OD,biological,Logistic,skipped,3.00002284348011e-07,model does not implement synthetic-cycle training,,,,,,,,,,synthetic_full_cycle,synthetic_growth_cycles
T6,OD,biological,Gompertz,skipped,2.00001522898674e-07,model does not implement synthetic-cycle training,,,,,,,,,,synthetic_full_cycle,synthetic_growth_cycles
T6,OD,biological,Richards,skipped,2.00001522898674e-07,model does not implement synthetic-cycle training,,,,,,,,,,synthetic_full_cycle,synthetic_growth_cycles
T6,OD,biological,Verhulst,skipped,2.00001522898674e-07,model does not implement synthetic-cycle training,,,,,,,,,,synthetic_full_cycle,synthetic_growth_cycles
T6,OD,biological,Baranyi,skipped,3.00002284348011e-07,model does not implement synthetic-cycle training,,,,,,,,,,synthetic_full_cycle,synthetic_growth_cycles
T6,OD,biological,Bertalanffy,skipped,3.00002284348011e-07,model does not implement synthetic-cycle training,,,,,,,,,,synthetic_full_cycle,synthetic_growth_cycles
T6,OD,biological,Monod,skipped,2.00001522898674e-07,model does not implement synthetic-cycle training,,,,,,,,,,synthetic_full_cycle,synthetic_growth_cycles
T6,OD,biological,Droop,skipped,2.9998773243278265e-07,model does not implement synthetic-cycle training,,,,,,,,,,synthetic_full_cycle,synthetic_growth_cycles
T6,OD,biological,Contois,skipped,2.00001522898674e-07,model does not implement synthetic-cycle training,,,,,,,,,,synthetic_full_cycle,synthetic_growth_cycles
T6,OD,biological,Haldane,skipped,2.00001522898674e-07,model does not implement synthetic-cycle training,,,,,,,,,,synthetic_full_cycle,synthetic_growth_cycles
T6,OD,biological,Andrews,skipped,2.00001522898674e-07,model does not implement synthetic-cycle training,,,,,,,,,,synthetic_full_cycle,synthetic_growth_cycles
T6,OD,biological,Tessier,skipped,2.9998773243278265e-07,model does not implement synthetic-cycle training,,,,,,,,,,synthetic_full_cycle,synthetic_growth_cycles
T6,OD,biological,Moser,skipped,2.9998773243278265e-07,model does not implement synthetic-cycle training,,,,,,,,,,synthetic_full_cycle,synthetic_growth_cycles
T6,OD,biological,Eilers_Peeters,skipped,2.00001522898674e-07,model does not implement synthetic-cycle training,,,,,,,,,,synthetic_full_cycle,synthetic_growth_cycles
T6,OD,biological,Steele,skipped,2.00001522898674e-07,model does not implement synthetic-cycle training,,,,,,,,,,synthetic_full_cycle,synthetic_growth_cycles
T6,OD,biological,Photo_Limited,skipped,1.9998697098344564e-07,model does not implement synthetic-cycle training,,,,,,,,,,synthetic_full_cycle,synthetic_growth_cycles
T6,OD,biological,Photo_Inhibited,skipped,2.00001522898674e-07,model does not implement synthetic-cycle training,,,,,,,,,,synthetic_full_cycle,synthetic_growth_cycles
T6,OD,biological,Cell_Mortality,skipped,2.00001522898674e-07,model does not implement synthetic-cycle training,,,,,,,,,,synthetic_full_cycle,synthetic_growth_cycles
T6,OD,biological,Lotka_Volterra,skipped,3.00002284348011e-07,model does not implement synthetic-cycle training,,,,,,,,,,synthetic_full_cycle,synthetic_growth_cycles
T6,OD,biological,Bioenergetic_Dynamic,skipped,1.9998697098344564e-07,model does not implement synthetic-cycle training,,,,,,,,,,synthetic_full_cycle,synthetic_growth_cycles
T6,OD,biological,Dynamic_Metabolic,skipped,2.00001522898674e-07,model does not implement synthetic-cycle training,,,,,,,,,,synthetic_full_cycle,synthetic_growth_cycles
T6,OD,differential_equations,ODE_Logistic,skipped,2.00001522898674e-07,model does not implement synthetic-cycle training,,,,,,,,,,synthetic_full_cycle,synthetic_growth_cycles
T6,OD,differential_equations,ODE_Monod_Chemostat,skipped,2.00001522898674e-07,model does not implement synthetic-cycle training,,,,,,,,,,synthetic_full_cycle,synthetic_growth_cycles
T6,OD,differential_equations,Chemostat_Model,skipped,2.00001522898674e-07,model does not implement synthetic-cycle training,,,,,,,,,,synthetic_full_cycle,synthetic_growth_cycles
T6,OD,differential_equations,PDE,skipped,3.9998849388211966e-07,model does not implement synthetic-cycle training,,,,,,,,,,synthetic_full_cycle,synthetic_growth_cycles
T6,OD,differential_equations,DDE,skipped,1.9998697098344564e-07,model does not implement synthetic-cycle training,,,,,,,,,,synthetic_full_cycle,synthetic_growth_cycles
T6,OD,differential_equations,Reaction_Diffusion,skipped,3.00002284348011e-07,model does not implement synthetic-cycle training,,,,,,,,,,synthetic_full_cycle,synthetic_growth_cycles
T6,OD,differential_equations,Population_Balance_Model,skipped,2.00001522898674e-07,model does not implement synthetic-cycle training,,,,,,,,,,synthetic_full_cycle,synthetic_growth_cycles
T6,OD,differential_equations,dFBA,skipped,3.00002284348011e-07,model does not implement synthetic-cycle training,,,,,,,,,,synthetic_full_cycle,synthetic_growth_cycles
T6,OD,probabilistic,Hidden_Markov_Models,skipped,3.9998849388211966e-07,model does not implement synthetic-cycle training,,,,,,,,,,synthetic_full_cycle,synthetic_growth_cycles
T6,OD,probabilistic,Markov_Chains,skipped,4.00003045797348e-07,model does not implement synthetic-cycle training,,,,,,,,,,synthetic_full_cycle,synthetic_growth_cycles
T6,OD,probabilistic,Semi_Markov,skipped,4.00003045797348e-07,model does not implement synthetic-cycle training,,,,,,,,,,synthetic_full_cycle,synthetic_growth_cycles
T6,OD,probabilistic,Gaussian_Processes,skipped,3.9998849388211966e-07,model does not implement synthetic-cycle training,,,,,,,,,,synthetic_full_cycle,synthetic_growth_cycles
T6,OD,probabilistic,Bayesian_Networks,skipped,3.00002284348011e-07,model does not implement synthetic-cycle training,,,,,,,,,,synthetic_full_cycle,synthetic_growth_cycles
T6,OD,probabilistic,Particle_Filters,skipped,3.00002284348011e-07,model does not implement synthetic-cycle training,,,,,,,,,,synthetic_full_cycle,synthetic_growth_cycles
T6,OD,probabilistic,Monte_Carlo,skipped,6.00004568696022e-07,model does not implement synthetic-cycle training,,,,,,,,,,synthetic_full_cycle,synthetic_growth_cycles
T6,OD,probabilistic,Sequential_Monte_Carlo,skipped,2.9998773243278265e-07,model does not implement synthetic-cycle training,,,,,,,,,,synthetic_full_cycle,synthetic_growth_cycles
T6,OD,probabilistic,Probabilistic_Graphical_Models,skipped,2.00001522898674e-07,model does not implement synthetic-cycle training,,,,,,,,,,synthetic_full_cycle,synthetic_growth_cycles
T6,OD,machine_learning,Linear_Regression,skipped,2.00001522898674e-07,model does not implement synthetic-cycle training,,,,,,,,,,synthetic_full_cycle,synthetic_growth_cycles
T6,OD,machine_learning,Polynomial_Regression,skipped,2.00001522898674e-07,model does not implement synthetic-cycle training,,,,,,,,,,synthetic_full_cycle,synthetic_growth_cycles
T6,OD,machine_learning,Ridge,skipped,1.9998697098344564e-07,model does not implement synthetic-cycle training,,,,,,,,,,synthetic_full_cycle,synthetic_growth_cycles
T6,OD,machine_learning,Lasso,skipped,2.00001522898674e-07,model does not implement synthetic-cycle training,,,,,,,,,,synthetic_full_cycle,synthetic_growth_cycles
T6,OD,machine_learning,Elastic_Net,skipped,3.00002284348011e-07,model does not implement synthetic-cycle training,,,,,,,,,,synthetic_full_cycle,synthetic_growth_cycles
T6,OD,machine_learning,Decision_Trees,skipped,2.00001522898674e-07,model does not implement synthetic-cycle training,,,,,,,,,,synthetic_full_cycle,synthetic_growth_cycles
T6,OD,machine_learning,Random_Forest,skipped,2.9998773243278265e-07,model does not implement synthetic-cycle training,,,,,,,,,,synthetic_full_cycle,synthetic_growth_cycles
T6,OD,machine_learning,Extra_Trees,skipped,2.00001522898674e-07,model does not implement synthetic-cycle training,,,,,,,,,,synthetic_full_cycle,synthetic_growth_cycles
T6,OD,machine_learning,Gradient_Boosting,skipped,2.00001522898674e-07,model does not implement synthetic-cycle training,,,,,,,,,,synthetic_full_cycle,synthetic_growth_cycles
T6,OD,machine_learning,AdaBoost,skipped,2.00001522898674e-07,model does not implement synthetic-cycle training,,,,,,,,,,synthetic_full_cycle,synthetic_growth_cycles
T6,OD,machine_learning,XGBoost,skipped,3.00002284348011e-07,model does not implement synthetic-cycle training,,,,,,,,,,synthetic_full_cycle,synthetic_growth_cycles
T6,OD,machine_learning,LightGBM,skipped,2.00001522898674e-07,model does not implement synthetic-cycle training,,,,,,,,,,synthetic_full_cycle,synthetic_growth_cycles
T6,OD,machine_learning,CatBoost,skipped,2.00001522898674e-07,model does not implement synthetic-cycle training,,,,,,,,,,synthetic_full_cycle,synthetic_growth_cycles
T6,OD,machine_learning,SVR,skipped,1.9998697098344564e-07,model does not implement synthetic-cycle training,,,,,,,,,,synthetic_full_cycle,synthetic_growth_cycles
T6,OD,machine_learning,KNN,skipped,2.00001522898674e-07,model does not implement synthetic-cycle training,,,,,,,,,,synthetic_full_cycle,synthetic_growth_cycles
T6,OD,machine_learning,Gaussian_Process_Regression,skipped,2.00001522898674e-07,model does not implement synthetic-cycle training,,,,,,,,,,synthetic_full_cycle,synthetic_growth_cycles
T6,OD,machine_learning,PLS,skipped,2.00001522898674e-07,model does not implement synthetic-cycle training,,,,,,,,,,synthetic_full_cycle,synthetic_growth_cycles
T6,OD,machine_learning,PCR,skipped,2.00001522898674e-07,model does not implement synthetic-cycle training,,,,,,,,,,synthetic_full_cycle,synthetic_growth_cycles
T6,OD,deep_learning,MLP,skipped,3.00002284348011e-07,model does not implement synthetic-cycle training,,,,,,,,,,synthetic_full_cycle,synthetic_growth_cycles
T6,OD,deep_learning,RNN,skipped,3.9998849388211966e-07,model does not implement synthetic-cycle training,,,,,,,,,,synthetic_full_cycle,synthetic_growth_cycles
T6,OD,deep_learning,LSTM,skipped,2.00001522898674e-07,model does not implement synthetic-cycle training,,,,,,,,,,synthetic_full_cycle,synthetic_growth_cycles
T6,OD,deep_learning,Bidirectional_LSTM,skipped,2.00001522898674e-07,model does not implement synthetic-cycle training,,,,,,,,,,synthetic_full_cycle,synthetic_growth_cycles
T6,OD,deep_learning,GRU,skipped,3.00002284348011e-07,model does not implement synthetic-cycle training,,,,,,,,,,synthetic_full_cycle,synthetic_growth_cycles
T6,OD,deep_learning,CNN_temporal,skipped,2.00001522898674e-07,model does not implement synthetic-cycle training,,,,,,,,,,synthetic_full_cycle,synthetic_growth_cycles
T6,OD,deep_learning,Seq2Seq,skipped,2.00001522898674e-07,model does not implement synthetic-cycle training,,,,,,,,,,synthetic_full_cycle,synthetic_growth_cycles
T6,OD,deep_learning,TCN,skipped,2.00001522898674e-07,model does not implement synthetic-cycle training,,,,,,,,,,synthetic_full_cycle,synthetic_growth_cycles
T6,OD,deep_learning,DeepAR,skipped,2.00001522898674e-07,model does not implement synthetic-cycle training,,,,,,,,,,synthetic_full_cycle,synthetic_growth_cycles
T6,OD,deep_learning,N_BEATS,skipped,2.00001522898674e-07,model does not implement synthetic-cycle training,,,,,,,,,,synthetic_full_cycle,synthetic_growth_cycles
T6,OD,deep_learning,N_HiTS,skipped,2.00001522898674e-07,model does not implement synthetic-cycle training,,,,,,,,,,synthetic_full_cycle,synthetic_growth_cycles
T6,OD,deep_learning,TFT,skipped,2.00001522898674e-07,model does not implement synthetic-cycle training,,,,,,,,,,synthetic_full_cycle,synthetic_growth_cycles
T6,OD,deep_learning,Temporal_Transformers,skipped,2.00001522898674e-07,model does not implement synthetic-cycle training,,,,,,,,,,synthetic_full_cycle,synthetic_growth_cycles
T6,OD,deep_learning,Informer,skipped,2.00001522898674e-07,model does not implement synthetic-cycle training,,,,,,,,,,synthetic_full_cycle,synthetic_growth_cycles
T6,OD,deep_learning,Autoformer,skipped,2.00001522898674e-07,model does not implement synthetic-cycle training,,,,,,,,,,synthetic_full_cycle,synthetic_growth_cycles
T6,OD,deep_learning,PatchTST,skipped,3.00002284348011e-07,model does not implement synthetic-cycle training,,,,,,,,,,synthetic_full_cycle,synthetic_growth_cycles
T6,OD,hybrid,ARIMA_XGBoost,skipped,4.999892553314567e-07,model does not implement synthetic-cycle training,,,,,,,,,,synthetic_full_cycle,synthetic_growth_cycles
T6,OD,hybrid,SARIMA_LSTM,skipped,3.9998849388211966e-07,model does not implement synthetic-cycle training,,,,,,,,,,synthetic_full_cycle,synthetic_growth_cycles
T6,OD,hybrid,ODE_ML,skipped,4.00003045797348e-07,model does not implement synthetic-cycle training,,,,,,,,,,synthetic_full_cycle,synthetic_growth_cycles
T6,OD,hybrid,Gompertz_Random_Forest,skipped,6.00004568696022e-07,model does not implement synthetic-cycle training,,,,,,,,,,synthetic_full_cycle,synthetic_growth_cycles
T6,OD,hybrid,Monod_Neural_Networks,skipped,3.00002284348011e-07,model does not implement synthetic-cycle training,,,,,,,,,,synthetic_full_cycle,synthetic_growth_cycles
T6,OD,hybrid,Kalman_LSTM,skipped,2.00001522898674e-07,model does not implement synthetic-cycle training,,,,,,,,,,synthetic_full_cycle,synthetic_growth_cycles
T6,OD,hybrid,PINNs,skipped,3.00002284348011e-07,model does not implement synthetic-cycle training,,,,,,,,,,synthetic_full_cycle,synthetic_growth_cycles
T6,OD,hybrid,Neural_ODEs,skipped,3.00002284348011e-07,model does not implement synthetic-cycle training,,,,,,,,,,synthetic_full_cycle,synthetic_growth_cycles
T6,OD,hybrid,Digital_Twin_Hybrid,skipped,2.9998773243278265e-07,model does not implement synthetic-cycle training,,,,,,,,,,synthetic_full_cycle,synthetic_growth_cycles
