BIM,target,category,model,status,fit_seconds,error,RMSE,MAE,MAPE,SMAPE,R2,Adjusted_R2,AIC,BIC,LogLikelihood,validation_mode,train_source,train_points,test_points,metadata,RMSE_rank,MAE_rank,SMAPE_rank,AIC_rank,BIC_rank,R2_rank,mean_rank
BIM-02,OD,machine_learning,Lasso,ok,0.42142342997249216,,0.1350223442647355,0.10563774546096973,17.141734397832842,15.67130636610674,-0.5238476547250346,-0.6508349592854541,-14.334541102955527,-13.695483773340268,8.167270551477763,synthetic_full_cycle,synthetic_growth_cycles,40316.0,14.0,"{""lags"": 3, ""train_source"": ""synthetic_growth_cycles"", ""synthetic_cycles"": 2000, ""synthetic_samples"": 34316, ""prediction_protocol"": ""one_step_ahead_with_observed_real_lags"", ""validation_mode"": ""full_real_cycle_walk_forward"", ""validation_points"": 14, ""warmup_points"": 3}",1.0,1.0,1.0,1.0,1.0,1.0,1.0
BIM-02,OD,machine_learning,Elastic_Net,ok,0.42159314593300223,,0.13679676068774257,0.10736519963936907,17.34479716796465,15.937010270312888,-0.5641625735394582,-0.6945094546677464,-13.968971761471089,-13.32991443185583,7.984485880735544,synthetic_full_cycle,synthetic_growth_cycles,40316.0,14.0,"{""lags"": 3, ""train_source"": ""synthetic_growth_cycles"", ""synthetic_cycles"": 2000, ""synthetic_samples"": 34316, ""prediction_protocol"": ""one_step_ahead_with_observed_real_lags"", ""validation_mode"": ""full_real_cycle_walk_forward"", ""validation_points"": 14, ""warmup_points"": 3}",2.0,2.0,3.0,2.0,2.0,2.0,2.1666666666666665
BIM-02,OD,machine_learning,KNN,ok,0.4360010391101241,,0.1404336749381061,0.10818492633398666,18.48534291323636,16.097097042385307,-0.6484386351608862,-0.7858085214242934,-13.234280122842264,-12.595222793227006,7.617140061421132,synthetic_full_cycle,synthetic_growth_cycles,40316.0,14.0,"{""lags"": 3, ""train_source"": ""synthetic_growth_cycles"", ""synthetic_cycles"": 2000, ""synthetic_samples"": 34316, ""prediction_protocol"": ""one_step_ahead_with_observed_real_lags"", ""validation_mode"": ""full_real_cycle_walk_forward"", ""validation_points"": 14, ""warmup_points"": 3}",3.0,3.0,4.0,3.0,3.0,3.0,3.1666666666666665
BIM-02,OD,machine_learning,Decision_Trees,ok,0.4635088809300214,,0.14300820212780235,0.11542057305765938,19.08727004821981,16.70897078195915,-0.7094332876436809,-0.8518860616139874,-12.725613269510035,-12.086555939894776,7.362806634755017,synthetic_full_cycle,synthetic_growth_cycles,40316.0,14.0,"{""lags"": 3, ""train_source"": ""synthetic_growth_cycles"", ""synthetic_cycles"": 2000, ""synthetic_samples"": 34316, ""prediction_protocol"": ""one_step_ahead_with_observed_real_lags"", ""validation_mode"": ""full_real_cycle_walk_forward"", ""validation_points"": 14, ""warmup_points"": 3}",4.0,5.0,5.0,4.0,4.0,5.0,4.5
BIM-02,OD,machine_learning,PLS,ok,0.42344921501353383,,0.1447010284181415,0.11875722690404511,20.28451090775854,17.64530617749502,-0.7501428518954631,-0.8959880895534182,-12.396116137808548,-11.757058808193289,7.198058068904274,synthetic_full_cycle,synthetic_growth_cycles,40316.0,14.0,"{""lags"": 3, ""train_source"": ""synthetic_growth_cycles"", ""synthetic_cycles"": 2000, ""synthetic_samples"": 34316, ""prediction_protocol"": ""one_step_ahead_with_observed_real_lags"", ""validation_mode"": ""full_real_cycle_walk_forward"", ""validation_points"": 14, ""warmup_points"": 3}",5.0,7.0,7.0,5.0,5.0,6.0,5.833333333333333
BIM-02,OD,deep_learning,MLP,ok,1.397013266920112,,0.1464625254339002,0.11204954729271586,18.065688311550765,15.803650540149297,-0.6650108983624938,-0.8163755254863567,-11.053225877341372,-10.488276519879836,6.526612938670686,synthetic_full_cycle,synthetic_growth_cycles,40316.0,13.0,"{""lags"": 4, ""train_source"": ""synthetic_growth_cycles"", ""synthetic_cycles"": 2000, ""synthetic_samples"": 32316, ""prediction_protocol"": ""one_step_ahead_with_observed_real_lags"", ""validation_mode"": ""full_real_cycle_walk_forward"", ""validation_points"": 13, ""warmup_points"": 4}",7.0,4.0,2.0,12.0,12.0,4.0,6.833333333333333
BIM-02,OD,machine_learning,PCR,ok,0.4324354809941724,,0.1460984672037314,0.11987548674306613,20.477738502986593,17.785538377675373,-0.7841098138514755,-0.9327856316724317,-12.127005717846622,-11.487948388231363,7.063502858923311,synthetic_full_cycle,synthetic_growth_cycles,40316.0,14.0,"{""lags"": 3, ""train_source"": ""synthetic_growth_cycles"", ""synthetic_cycles"": 2000, ""synthetic_samples"": 34316, ""prediction_protocol"": ""one_step_ahead_with_observed_real_lags"", ""validation_mode"": ""full_real_cycle_walk_forward"", ""validation_points"": 14, ""warmup_points"": 3}",6.0,8.0,9.0,6.0,6.0,7.0,7.0
BIM-02,OD,machine_learning,Gradient_Boosting,ok,3.5980578190647066,,0.14679647992056022,0.11778717783025229,19.108504117469675,17.29226513955408,-0.8011983742412143,-0.9512982387613154,-11.993549041565004,-11.354491711949745,6.996774520782502,synthetic_full_cycle,synthetic_growth_cycles,40316.0,14.0,"{""lags"": 3, ""train_source"": ""synthetic_growth_cycles"", ""synthetic_cycles"": 2000, ""synthetic_samples"": 34316, ""prediction_protocol"": ""one_step_ahead_with_observed_real_lags"", ""validation_mode"": ""full_real_cycle_walk_forward"", ""validation_points"": 14, ""warmup_points"": 3}",9.0,6.0,6.0,8.0,8.0,9.0,7.666666666666667
BIM-02,OD,machine_learning,LightGBM,ok,0.5963462139479816,,0.14674795933788326,0.12203792008793557,19.735981050746595,17.869123994750566,-0.8000078722437196,-0.9500085282640296,-12.002805400368864,-11.363748070753605,7.001402700184432,synthetic_full_cycle,synthetic_growth_cycles,40316.0,14.0,"{""lags"": 3, ""train_source"": ""synthetic_growth_cycles"", ""synthetic_cycles"": 2000, ""synthetic_samples"": 34316, ""prediction_protocol"": ""one_step_ahead_with_observed_real_lags"", ""validation_mode"": ""full_real_cycle_walk_forward"", ""validation_points"": 14, ""warmup_points"": 3}",8.0,9.0,10.0,7.0,7.0,8.0,8.166666666666666
BIM-02,OD,machine_learning,CatBoost,ok,1.3305419139796868,,0.14752122326510034,0.12260229052368302,19.85703138329167,17.74534978772833,-0.819027534330468,-0.9706131621913403,-11.855651426545949,-11.21659409693069,6.927825713272974,synthetic_full_cycle,synthetic_growth_cycles,40316.0,14.0,"{""lags"": 3, ""train_source"": ""synthetic_growth_cycles"", ""synthetic_cycles"": 2000, ""synthetic_samples"": 34316, ""prediction_protocol"": ""one_step_ahead_with_observed_real_lags"", ""validation_mode"": ""full_real_cycle_walk_forward"", ""validation_points"": 14, ""warmup_points"": 3}",10.0,10.0,8.0,9.0,9.0,10.0,9.333333333333334
BIM-02,OD,machine_learning,XGBoost,ok,0.6481281649321318,,0.1479301898534692,0.1237868125098092,20.203555274768465,17.979934818231744,-0.8291271340864348,-0.9815543952603043,-11.778135657255724,-11.139078327640465,6.889067828627862,synthetic_full_cycle,synthetic_growth_cycles,40316.0,14.0,"{""lags"": 3, ""train_source"": ""synthetic_growth_cycles"", ""synthetic_cycles"": 2000, ""synthetic_samples"": 34316, ""prediction_protocol"": ""one_step_ahead_with_observed_real_lags"", ""validation_mode"": ""full_real_cycle_walk_forward"", ""validation_points"": 14, ""warmup_points"": 3}",11.0,11.0,11.0,10.0,10.0,11.0,10.666666666666666
BIM-02,OD,machine_learning,Random_Forest,ok,17.90483429003507,,0.1499331219075419,0.12457141034099507,20.13369406104587,18.210186516464134,-0.8789941630156048,-1.0355770099335717,-11.401567341493925,-10.762510011878666,6.700783670746962,synthetic_full_cycle,synthetic_growth_cycles,40316.0,14.0,"{""lags"": 3, ""train_source"": ""synthetic_growth_cycles"", ""synthetic_cycles"": 2000, ""synthetic_samples"": 34316, ""prediction_protocol"": ""one_step_ahead_with_observed_real_lags"", ""validation_mode"": ""full_real_cycle_walk_forward"", ""validation_points"": 14, ""warmup_points"": 3}",12.0,12.0,12.0,11.0,11.0,12.0,11.666666666666666
BIM-02,OD,machine_learning,AdaBoost,ok,1.3899527150206268,,0.15420521314139948,0.1278859669498462,21.65214396219807,18.62383757857302,-0.9875971939866939,-1.153230293485585,-10.61490937163033,-9.975852042015072,6.307454685815165,synthetic_full_cycle,synthetic_growth_cycles,40316.0,14.0,"{""lags"": 3, ""train_source"": ""synthetic_growth_cycles"", ""synthetic_cycles"": 2000, ""synthetic_samples"": 34316, ""prediction_protocol"": ""one_step_ahead_with_observed_real_lags"", ""validation_mode"": ""full_real_cycle_walk_forward"", ""validation_points"": 14, ""warmup_points"": 3}",13.0,13.0,13.0,13.0,13.0,13.0,13.0
BIM-02,OD,machine_learning,Ridge,ok,0.430723704979755,,0.15645811223112885,0.1342491463238298,21.82248939717402,20.568396321918755,-1.0460980187939084,-1.2166061870267342,-10.208795902745557,-9.569738573130298,6.104397951372778,synthetic_full_cycle,synthetic_growth_cycles,40316.0,14.0,"{""lags"": 3, ""train_source"": ""synthetic_growth_cycles"", ""synthetic_cycles"": 2000, ""synthetic_samples"": 34316, ""prediction_protocol"": ""one_step_ahead_with_observed_real_lags"", ""validation_mode"": ""full_real_cycle_walk_forward"", ""validation_points"": 14, ""warmup_points"": 3}",14.0,14.0,17.0,14.0,14.0,14.0,14.5
BIM-02,OD,machine_learning,Extra_Trees,ok,7.190357017912902,,0.15948414014870949,0.13443652172658202,22.08244860522119,19.63663079653679,-1.1260098169986836,-1.303177301748574,-9.67242337242414,-9.033366042808881,5.83621168621207,synthetic_full_cycle,synthetic_growth_cycles,40316.0,14.0,"{""lags"": 3, ""train_source"": ""synthetic_growth_cycles"", ""synthetic_cycles"": 2000, ""synthetic_samples"": 34316, ""prediction_protocol"": ""one_step_ahead_with_observed_real_lags"", ""validation_mode"": ""full_real_cycle_walk_forward"", ""validation_points"": 14, ""warmup_points"": 3}",16.0,15.0,14.0,16.0,16.0,16.0,15.5
BIM-02,OD,machine_learning,Linear_Regression,ok,0.41498514800332487,,0.15852143211254088,0.13617441053678156,22.152517825957442,20.91749417972745,-1.100420447218457,-1.275455484486662,-9.841954410318404,-9.202897080703146,5.920977205159202,synthetic_full_cycle,synthetic_growth_cycles,40316.0,14.0,"{""lags"": 3, ""train_source"": ""synthetic_growth_cycles"", ""synthetic_cycles"": 2000, ""synthetic_samples"": 34316, ""prediction_protocol"": ""one_step_ahead_with_observed_real_lags"", ""validation_mode"": ""full_real_cycle_walk_forward"", ""validation_points"": 14, ""warmup_points"": 3}",15.0,16.0,18.0,15.0,15.0,15.0,15.666666666666666
BIM-02,OD,machine_learning,SVR,ok,43.787295526009984,,0.17163985577973664,0.13948183325015753,23.70960600358136,20.063951519266396,-1.462445033259046,-1.6676487860306328,-7.615713125285577,-6.976655795670318,4.8078565626427885,synthetic_full_cycle,synthetic_growth_cycles,40316.0,14.0,"{""lags"": 3, ""train_source"": ""synthetic_growth_cycles"", ""synthetic_cycles"": 2000, ""synthetic_samples"": 34316, ""prediction_protocol"": ""one_step_ahead_with_observed_real_lags"", ""validation_mode"": ""full_real_cycle_walk_forward"", ""validation_points"": 14, ""warmup_points"": 3}",18.0,17.0,15.0,18.0,18.0,18.0,17.333333333333332
BIM-02,OD,machine_learning,Polynomial_Regression,ok,0.4406717809615657,,0.1684132570407618,0.14323384774183676,23.016678737019205,21.938164455520468,-1.3707339174190323,-1.5682950772039517,-8.14708585933864,-7.508028529723381,5.07354292966932,synthetic_full_cycle,synthetic_growth_cycles,40316.0,14.0,"{""lags"": 3, ""train_source"": ""synthetic_growth_cycles"", ""synthetic_cycles"": 2000, ""synthetic_samples"": 34316, ""prediction_protocol"": ""one_step_ahead_with_observed_real_lags"", ""validation_mode"": ""full_real_cycle_walk_forward"", ""validation_points"": 14, ""warmup_points"": 3}",17.0,18.0,19.0,17.0,17.0,17.0,17.5
BIM-02,OD,machine_learning,Gaussian_Process_Regression,ok,50.29369865101762,,0.19981628162660203,0.1515658143699625,24.189316288891956,20.34576993940634,-2.337275106317169,-2.615381365176933,-3.3597150112933667,-2.7206576816781083,2.6798575056466833,synthetic_full_cycle,synthetic_growth_cycles,40316.0,14.0,"{""lags"": 3, ""train_source"": ""synthetic_growth_cycles"", ""synthetic_cycles"": 2000, ""synthetic_samples"": 34316, ""prediction_protocol"": ""one_step_ahead_with_observed_real_lags"", ""validation_mode"": ""full_real_cycle_walk_forward"", ""validation_points"": 14, ""warmup_points"": 3}",19.0,19.0,16.0,19.0,19.0,19.0,18.5
BIM-04,OD,machine_learning,Elastic_Net,ok,0.0006841319845989347,,0.0976803782389201,0.08402466051436804,14.944247377161815,13.911383143645633,0.18524647716446763,0.08340228681002604,-16.142320875153906,-15.83973578215986,9.071160437576953,synthetic_full_cycle,synthetic_growth_cycles,40316.0,10.0,"{""lags"": 3, ""train_source"": ""synthetic_growth_cycles"", ""synthetic_cycles"": 2000, ""synthetic_samples"": 34316, ""prediction_protocol"": ""one_step_ahead_with_observed_real_lags"", ""validation_mode"": ""full_real_cycle_walk_forward"", ""validation_points"": 10, ""warmup_points"": 3}",1.0,2.0,2.0,1.0,1.0,1.0,1.3333333333333333
BIM-04,OD,machine_learning,Lasso,ok,0.0006809319602325559,,0.09913704297074862,0.08502265101971021,15.185069324360676,14.064640236587817,0.16076516316202039,0.055860808557272934,-15.846271608657688,-15.54368651566364,8.923135804328844,synthetic_full_cycle,synthetic_growth_cycles,40316.0,10.0,"{""lags"": 3, ""train_source"": ""synthetic_growth_cycles"", ""synthetic_cycles"": 2000, ""synthetic_samples"": 34316, ""prediction_protocol"": ""one_step_ahead_with_observed_real_lags"", ""validation_mode"": ""full_real_cycle_walk_forward"", ""validation_points"": 10, ""warmup_points"": 3}",2.0,3.0,3.0,2.0,2.0,2.0,2.3333333333333335
BIM-04,OD,machine_learning,Ridge,ok,0.0006854219827800989,,0.10057581544589758,0.08862119876319438,14.791376473476472,14.28597066331945,0.13622882603677378,0.02825742929137054,-15.558098402711572,-15.255513309717525,8.779049201355786,synthetic_full_cycle,synthetic_growth_cycles,40316.0,10.0,"{""lags"": 3, ""train_source"": ""synthetic_growth_cycles"", ""synthetic_cycles"": 2000, ""synthetic_samples"": 34316, ""prediction_protocol"": ""one_step_ahead_with_observed_real_lags"", ""validation_mode"": ""full_real_cycle_walk_forward"", ""validation_points"": 10, ""warmup_points"": 3}",3.0,4.0,5.0,3.0,3.0,3.0,3.5
BIM-04,OD,machine_learning,Decision_Trees,ok,0.0008432379690930247,,0.10263238478109052,0.08316821734238626,14.66400758063079,13.245857316640592,0.10054296606533109,-0.01188916317650257,-15.153264434074945,-14.850679341080898,8.576632217037472,synthetic_full_cycle,synthetic_growth_cycles,40316.0,10.0,"{""lags"": 3, ""train_source"": ""synthetic_growth_cycles"", ""synthetic_cycles"": 2000, ""synthetic_samples"": 34316, ""prediction_protocol"": ""one_step_ahead_with_observed_real_lags"", ""validation_mode"": ""full_real_cycle_walk_forward"", ""validation_points"": 10, ""warmup_points"": 3}",5.0,1.0,1.0,5.0,5.0,5.0,3.6666666666666665
BIM-04,OD,machine_learning,Linear_Regression,ok,0.0005575589602813125,,0.10180294509435803,0.08947132830762516,14.860295470175755,14.372894904907865,0.11502242536751206,0.004400228538451012,-15.315554237590632,-15.012969144596585,8.657777118795316,synthetic_full_cycle,synthetic_growth_cycles,40316.0,10.0,"{""lags"": 3, ""train_source"": ""synthetic_growth_cycles"", ""synthetic_cycles"": 2000, ""synthetic_samples"": 34316, ""prediction_protocol"": ""one_step_ahead_with_observed_real_lags"", ""validation_mode"": ""full_real_cycle_walk_forward"", ""validation_points"": 10, ""warmup_points"": 3}",4.0,6.0,6.0,4.0,4.0,4.0,4.666666666666667
BIM-04,OD,machine_learning,Polynomial_Regression,ok,0.001022282987833023,,0.10513343802716783,0.08888513637946707,14.712093476136602,14.2757886211208,0.05617100454601187,-0.061807619885736687,-14.671727281950531,-14.369142188956484,8.335863640975266,synthetic_full_cycle,synthetic_growth_cycles,40316.0,10.0,"{""lags"": 3, ""train_source"": ""synthetic_growth_cycles"", ""synthetic_cycles"": 2000, ""synthetic_samples"": 34316, ""prediction_protocol"": ""one_step_ahead_with_observed_real_lags"", ""validation_mode"": ""full_real_cycle_walk_forward"", ""validation_points"": 10, ""warmup_points"": 3}",6.0,5.0,4.0,6.0,6.0,6.0,5.5
BIM-04,OD,machine_learning,Gradient_Boosting,ok,0.0009062800090759993,,0.105517617733237,0.08990897855290894,15.767204981941555,14.548044102687754,0.04926050183398034,-0.06958193543677216,-14.598776281419457,-14.29619118842541,8.299388140709729,synthetic_full_cycle,synthetic_growth_cycles,40316.0,10.0,"{""lags"": 3, ""train_source"": ""synthetic_growth_cycles"", ""synthetic_cycles"": 2000, ""synthetic_samples"": 34316, ""prediction_protocol"": ""one_step_ahead_with_observed_real_lags"", ""validation_mode"": ""full_real_cycle_walk_forward"", ""validation_points"": 10, ""warmup_points"": 3}",7.0,7.0,7.0,7.0,7.0,7.0,7.0
BIM-04,OD,machine_learning,Gaussian_Process_Regression,ok,0.0031514139845967293,,0.10814648364231448,0.09292939615725941,16.143117746002066,14.823130793708334,0.0012969234344739622,-0.12354096113621682,-14.106602152330147,-13.8040170593361,8.053301076165074,synthetic_full_cycle,synthetic_growth_cycles,40316.0,10.0,"{""lags"": 3, ""train_source"": ""synthetic_growth_cycles"", ""synthetic_cycles"": 2000, ""synthetic_samples"": 34316, ""prediction_protocol"": ""one_step_ahead_with_observed_real_lags"", ""validation_mode"": ""full_real_cycle_walk_forward"", ""validation_points"": 10, ""warmup_points"": 3}",8.0,8.0,8.0,8.0,8.0,8.0,8.0
BIM-04,OD,machine_learning,LightGBM,ok,0.0016753149684518576,,0.11007459269603309,0.09497102557706812,16.715444368472003,15.23078174433315,-0.03463164135802077,-0.16396059652777328,-13.75316988765874,-13.450584794664692,7.87658494382937,synthetic_full_cycle,synthetic_growth_cycles,40316.0,10.0,"{""lags"": 3, ""train_source"": ""synthetic_growth_cycles"", ""synthetic_cycles"": 2000, ""synthetic_samples"": 34316, ""prediction_protocol"": ""one_step_ahead_with_observed_real_lags"", ""validation_mode"": ""full_real_cycle_walk_forward"", ""validation_points"": 10, ""warmup_points"": 3}",9.0,12.0,12.0,9.0,9.0,9.0,10.0
BIM-04,OD,machine_learning,CatBoost,ok,0.0013092129956930876,,0.11035838162124417,0.09486849781105126,16.683588709483722,15.228573636895543,-0.03997339168891756,-0.16997006565003225,-13.701673221540094,-13.399088128546047,7.850836610770047,synthetic_full_cycle,synthetic_growth_cycles,40316.0,10.0,"{""lags"": 3, ""train_source"": ""synthetic_growth_cycles"", ""synthetic_cycles"": 2000, ""synthetic_samples"": 34316, ""prediction_protocol"": ""one_step_ahead_with_observed_real_lags"", ""validation_mode"": ""full_real_cycle_walk_forward"", ""validation_points"": 10, ""warmup_points"": 3}",10.0,11.0,11.0,10.0,10.0,10.0,10.333333333333334
BIM-04,OD,machine_learning,SVR,ok,0.008485508966259658,,0.11087830973862331,0.09819988288457578,17.14760196025112,15.828847141334093,-0.049795665600198546,-0.18102012380022336,-13.607669090241965,-13.30508399724792,7.803834545120982,synthetic_full_cycle,synthetic_growth_cycles,40316.0,10.0,"{""lags"": 3, ""train_source"": ""synthetic_growth_cycles"", ""synthetic_cycles"": 2000, ""synthetic_samples"": 34316, ""prediction_protocol"": ""one_step_ahead_with_observed_real_lags"", ""validation_mode"": ""full_real_cycle_walk_forward"", ""validation_points"": 10, ""warmup_points"": 3}",11.0,14.0,14.0,11.0,11.0,11.0,12.0
BIM-04,OD,machine_learning,XGBoost,ok,0.001324684009887278,,0.11272861824254991,0.09616290574073791,17.029710051136433,15.286533103842114,-0.08512544955101942,-0.22076613074489693,-13.276668480507318,-12.974083387513272,7.638334240253659,synthetic_full_cycle,synthetic_growth_cycles,40316.0,10.0,"{""lags"": 3, ""train_source"": ""synthetic_growth_cycles"", ""synthetic_cycles"": 2000, ""synthetic_samples"": 34316, ""prediction_protocol"": ""one_step_ahead_with_observed_real_lags"", ""validation_mode"": ""full_real_cycle_walk_forward"", ""validation_points"": 10, ""warmup_points"": 3}",13.0,13.0,13.0,12.0,12.0,12.0,12.5
BIM-04,OD,machine_learning,KNN,ok,0.001130037009716034,,0.11791445147954703,0.1009019787497583,18.049235670956023,16.145422158719054,-0.18725949591382762,-0.33566693290305616,-12.377147434075273,-12.074562341081226,7.188573717037636,synthetic_full_cycle,synthetic_growth_cycles,40316.0,10.0,"{""lags"": 3, ""train_source"": ""synthetic_growth_cycles"", ""synthetic_cycles"": 2000, ""synthetic_samples"": 34316, ""prediction_protocol"": ""one_step_ahead_with_observed_real_lags"", ""validation_mode"": ""full_real_cycle_walk_forward"", ""validation_points"": 10, ""warmup_points"": 3}",14.0,16.0,15.0,13.0,13.0,13.0,14.0
BIM-04,OD,deep_learning,MLP,ok,0.0012106600916013122,,0.11159390874588607,0.0993585953242393,17.168370271170783,16.151642007814377,-0.22348759057994383,-0.39827153209136434,-11.9311050120984,-11.73388043476218,6.9655525060492,synthetic_full_cycle,synthetic_growth_cycles,40316.0,9.0,"{""lags"": 4, ""train_source"": ""synthetic_growth_cycles"", ""synthetic_cycles"": 2000, ""synthetic_samples"": 32316, ""prediction_protocol"": ""one_step_ahead_with_observed_real_lags"", ""validation_mode"": ""full_real_cycle_walk_forward"", ""validation_points"": 9, ""warmup_points"": 4}",12.0,15.0,16.0,15.0,14.0,14.0,14.333333333333334
BIM-04,OD,machine_learning,PLS,ok,0.0006731519242748618,,0.13738593769076704,0.09359440062370705,18.170538104807413,15.03790190467996,-0.611744311913424,-0.8132123509026021,-9.320454340001337,-9.01786924700729,5.6602271700006686,synthetic_full_cycle,synthetic_growth_cycles,40316.0,10.0,"{""lags"": 3, ""train_source"": ""synthetic_growth_cycles"", ""synthetic_cycles"": 2000, ""synthetic_samples"": 34316, ""prediction_protocol"": ""one_step_ahead_with_observed_real_lags"", ""validation_mode"": ""full_real_cycle_walk_forward"", ""validation_points"": 10, ""warmup_points"": 3}",17.0,9.0,9.0,17.0,17.0,17.0,14.333333333333334
BIM-04,OD,machine_learning,PCR,ok,0.0008885290008038282,,0.1390555266710817,0.09409047693134817,18.300390421464726,15.091017798407048,-0.6511559363984607,-0.8575504284482682,-9.078868399216507,-8.77628330622246,5.5394341996082535,synthetic_full_cycle,synthetic_growth_cycles,40316.0,10.0,"{""lags"": 3, ""train_source"": ""synthetic_growth_cycles"", ""synthetic_cycles"": 2000, ""synthetic_samples"": 34316, ""prediction_protocol"": ""one_step_ahead_with_observed_real_lags"", ""validation_mode"": ""full_real_cycle_walk_forward"", ""validation_points"": 10, ""warmup_points"": 3}",18.0,10.0,10.0,18.0,18.0,18.0,15.333333333333334
BIM-04,OD,machine_learning,Random_Forest,ok,0.014473375980742276,,0.11994040894191633,0.1032180911275357,18.369240709921417,16.553983977916698,-0.22840798892942193,-0.38195898754559976,-12.036434369776668,-11.733849276782621,7.018217184888334,synthetic_full_cycle,synthetic_growth_cycles,40316.0,10.0,"{""lags"": 3, ""train_source"": ""synthetic_growth_cycles"", ""synthetic_cycles"": 2000, ""synthetic_samples"": 34316, ""prediction_protocol"": ""one_step_ahead_with_observed_real_lags"", ""validation_mode"": ""full_real_cycle_walk_forward"", ""validation_points"": 10, ""warmup_points"": 3}",15.0,17.0,17.0,14.0,15.0,15.0,15.5
BIM-04,OD,machine_learning,Extra_Trees,ok,0.02289348200429231,,0.12184119621346792,0.10432926751235021,18.49103387208923,16.59778123635758,-0.2676515449116661,-0.42610798802562444,-11.721964386687752,-11.419379293693705,6.860982193343876,synthetic_full_cycle,synthetic_growth_cycles,40316.0,10.0,"{""lags"": 3, ""train_source"": ""synthetic_growth_cycles"", ""synthetic_cycles"": 2000, ""synthetic_samples"": 34316, ""prediction_protocol"": ""one_step_ahead_with_observed_real_lags"", ""validation_mode"": ""full_real_cycle_walk_forward"", ""validation_points"": 10, ""warmup_points"": 3}",16.0,18.0,18.0,16.0,16.0,16.0,16.666666666666668
BIM-04,OD,machine_learning,AdaBoost,ok,0.003119952976703644,,0.13979159855052264,0.11486419523448202,20.80887324940605,17.876233596891446,-0.6686825486886501,-0.8772678672747314,-8.973280279774702,-8.670695186780655,5.486640139887351,synthetic_full_cycle,synthetic_growth_cycles,40316.0,10.0,"{""lags"": 3, ""train_source"": ""synthetic_growth_cycles"", ""synthetic_cycles"": 2000, ""synthetic_samples"": 34316, ""prediction_protocol"": ""one_step_ahead_with_observed_real_lags"", ""validation_mode"": ""full_real_cycle_walk_forward"", ""validation_points"": 10, ""warmup_points"": 3}",19.0,19.0,19.0,19.0,19.0,19.0,19.0
BIM-05,OD,machine_learning,KNN,ok,0.0012020800495520234,,0.10131355097446836,0.06485557883903327,8.612652164987088,8.122786155834158,0.4580638555283625,0.43722015766406874,-46.75340807366831,-45.42120356349311,24.376704036834155,synthetic_full_cycle,synthetic_growth_cycles,40316.0,28.0,"{""lags"": 3, ""train_source"": ""synthetic_growth_cycles"", ""synthetic_cycles"": 2000, ""synthetic_samples"": 34316, ""prediction_protocol"": ""one_step_ahead_with_observed_real_lags"", ""validation_mode"": ""full_real_cycle_walk_forward"", ""validation_points"": 28, ""warmup_points"": 3}",1.0,3.0,4.0,1.0,1.0,1.0,1.8333333333333333
BIM-05,OD,machine_learning,Lasso,ok,0.0008029259042814374,,0.10306136897338404,0.06385151645353006,8.414701232384104,8.076476393146066,0.4392040656510361,0.4176349912529991,-45.79555870318343,-44.46335419300823,23.897779351591716,synthetic_full_cycle,synthetic_growth_cycles,40316.0,28.0,"{""lags"": 3, ""train_source"": ""synthetic_growth_cycles"", ""synthetic_cycles"": 2000, ""synthetic_samples"": 34316, ""prediction_protocol"": ""one_step_ahead_with_observed_real_lags"", ""validation_mode"": ""full_real_cycle_walk_forward"", ""validation_points"": 28, ""warmup_points"": 3}",2.0,1.0,2.0,2.0,2.0,2.0,1.8333333333333333
BIM-05,OD,machine_learning,Elastic_Net,ok,0.0007854660507291555,,0.10378202956969423,0.06399969597902574,8.382541488692281,8.085575137239696,0.43133387081250885,0.40946209661298993,-45.40533927172075,-44.073134761545546,23.702669635860374,synthetic_full_cycle,synthetic_growth_cycles,40316.0,28.0,"{""lags"": 3, ""train_source"": ""synthetic_growth_cycles"", ""synthetic_cycles"": 2000, ""synthetic_samples"": 34316, ""prediction_protocol"": ""one_step_ahead_with_observed_real_lags"", ""validation_mode"": ""full_real_cycle_walk_forward"", ""validation_points"": 28, ""warmup_points"": 3}",3.0,2.0,3.0,3.0,3.0,3.0,2.8333333333333335
BIM-05,OD,machine_learning,Extra_Trees,ok,0.018453555996529758,,0.1051186211513501,0.06827477779508097,9.077547919892385,8.544292756359082,0.4165920354453686,0.3941532675778828,-44.68872924958765,-43.35652473941245,23.344364624793826,synthetic_full_cycle,synthetic_growth_cycles,40316.0,28.0,"{""lags"": 3, ""train_source"": ""synthetic_growth_cycles"", ""synthetic_cycles"": 2000, ""synthetic_samples"": 34316, ""prediction_protocol"": ""one_step_ahead_with_observed_real_lags"", ""validation_mode"": ""full_real_cycle_walk_forward"", ""validation_points"": 28, ""warmup_points"": 3}",4.0,5.0,5.0,4.0,4.0,4.0,4.333333333333333
BIM-05,OD,deep_learning,MLP,ok,0.001362315029837191,,0.10734487928433509,0.06550840604782998,8.572096349866982,7.883617757049182,0.40954119190983396,0.3859228395862273,-41.88957588057986,-40.59373901457553,21.94478794028993,synthetic_full_cycle,synthetic_growth_cycles,40316.0,27.0,"{""lags"": 4, ""train_source"": ""synthetic_growth_cycles"", ""synthetic_cycles"": 2000, ""synthetic_samples"": 32316, ""prediction_protocol"": ""one_step_ahead_with_observed_real_lags"", ""validation_mode"": ""full_real_cycle_walk_forward"", ""validation_points"": 27, ""warmup_points"": 4}",7.0,4.0,1.0,8.0,8.0,5.0,5.5
BIM-05,OD,machine_learning,Random_Forest,ok,0.017000007908791304,,0.10593521785629714,0.06932620625679041,9.356414066636205,8.888113869774548,0.40749261102773426,0.3847038652980317,-44.25538348447362,-42.923178974298416,23.12769174223681,synthetic_full_cycle,synthetic_growth_cycles,40316.0,28.0,"{""lags"": 3, ""train_source"": ""synthetic_growth_cycles"", ""synthetic_cycles"": 2000, ""synthetic_samples"": 34316, ""prediction_protocol"": ""one_step_ahead_with_observed_real_lags"", ""validation_mode"": ""full_real_cycle_walk_forward"", ""validation_points"": 28, ""warmup_points"": 3}",5.0,7.0,7.0,5.0,5.0,6.0,5.833333333333333
BIM-05,OD,machine_learning,Gradient_Boosting,ok,0.0008351679425686598,,0.10817882371871919,0.06914811782663362,9.086375832315184,8.77805213160563,0.38212936947093346,0.35836511445058483,-43.08174231480387,-41.749537804628666,22.540871157401934,synthetic_full_cycle,synthetic_growth_cycles,40316.0,28.0,"{""lags"": 3, ""train_source"": ""synthetic_growth_cycles"", ""synthetic_cycles"": 2000, ""synthetic_samples"": 34316, ""prediction_protocol"": ""one_step_ahead_with_observed_real_lags"", ""validation_mode"": ""full_real_cycle_walk_forward"", ""validation_points"": 28, ""warmup_points"": 3}",8.0,6.0,6.0,7.0,7.0,8.0,7.0
BIM-05,OD,machine_learning,AdaBoost,ok,0.0031978950137272477,,0.10600103390899006,0.07666891190794638,10.539164565274014,9.749129623456918,0.4067561493994085,0.38393907822246276,-44.22060227985587,-42.888397769680665,23.110301139927934,synthetic_full_cycle,synthetic_growth_cycles,40316.0,28.0,"{""lags"": 3, ""train_source"": ""synthetic_growth_cycles"", ""synthetic_cycles"": 2000, ""synthetic_samples"": 34316, ""prediction_protocol"": ""one_step_ahead_with_observed_real_lags"", ""validation_mode"": ""full_real_cycle_walk_forward"", ""validation_points"": 28, ""warmup_points"": 3}",6.0,10.0,10.0,6.0,6.0,7.0,7.5
BIM-05,OD,machine_learning,Decision_Trees,ok,0.0007010030094534159,,0.11362029430400776,0.07788054340796216,10.505454819812636,9.996911475762136,0.31840740688181557,0.2921923071465008,-40.333458070600145,-39.00125356042494,21.166729035300072,synthetic_full_cycle,synthetic_growth_cycles,40316.0,28.0,"{""lags"": 3, ""train_source"": ""synthetic_growth_cycles"", ""synthetic_cycles"": 2000, ""synthetic_samples"": 34316, ""prediction_protocol"": ""one_step_ahead_with_observed_real_lags"", ""validation_mode"": ""full_real_cycle_walk_forward"", ""validation_points"": 28, ""warmup_points"": 3}",9.0,11.0,11.0,9.0,9.0,9.0,9.666666666666666
BIM-05,OD,machine_learning,LightGBM,ok,0.0015831119380891323,,0.11628783085892588,0.07472118542224247,9.831623409305848,9.454641271505002,0.28602733995965024,0.25856685303502147,-39.03390634035547,-37.70170183018027,20.516953170177736,synthetic_full_cycle,synthetic_growth_cycles,40316.0,28.0,"{""lags"": 3, ""train_source"": ""synthetic_growth_cycles"", ""synthetic_cycles"": 2000, ""synthetic_samples"": 34316, ""prediction_protocol"": ""one_step_ahead_with_observed_real_lags"", ""validation_mode"": ""full_real_cycle_walk_forward"", ""validation_points"": 28, ""warmup_points"": 3}",10.0,9.0,9.0,10.0,10.0,10.0,9.666666666666666
BIM-05,OD,machine_learning,Polynomial_Regression,ok,0.0009863420855253935,,0.11850525345480739,0.07390315693472603,9.5066816937946,9.208784815292075,0.25853910766947596,0.23002138104137881,-37.97612938104764,-36.64392487087244,19.98806469052382,synthetic_full_cycle,synthetic_growth_cycles,40316.0,28.0,"{""lags"": 3, ""train_source"": ""synthetic_growth_cycles"", ""synthetic_cycles"": 2000, ""synthetic_samples"": 34316, ""prediction_protocol"": ""one_step_ahead_with_observed_real_lags"", ""validation_mode"": ""full_real_cycle_walk_forward"", ""validation_points"": 28, ""warmup_points"": 3}",11.0,8.0,8.0,11.0,11.0,11.0,10.0
BIM-05,OD,machine_learning,XGBoost,ok,0.0021048790076747537,,0.11851213101268447,0.07834296143054961,10.494272475880145,10.016964193682721,0.2584530424862509,0.229932005658799,-37.97287946550166,-36.64067495532646,19.98643973275083,synthetic_full_cycle,synthetic_growth_cycles,40316.0,28.0,"{""lags"": 3, ""train_source"": ""synthetic_growth_cycles"", ""synthetic_cycles"": 2000, ""synthetic_samples"": 34316, ""prediction_protocol"": ""one_step_ahead_with_observed_real_lags"", ""validation_mode"": ""full_real_cycle_walk_forward"", ""validation_points"": 28, ""warmup_points"": 3}",12.0,12.0,12.0,12.0,12.0,12.0,12.0
BIM-05,OD,machine_learning,PLS,ok,0.000728774000890553,,0.12128521641625824,0.08680867851278085,12.014776139789058,10.769111408752392,0.22334386443762422,0.19347247460830208,-36.67762155379295,-35.34541704361775,19.338810776896477,synthetic_full_cycle,synthetic_growth_cycles,40316.0,28.0,"{""lags"": 3, ""train_source"": ""synthetic_growth_cycles"", ""synthetic_cycles"": 2000, ""synthetic_samples"": 34316, ""prediction_protocol"": ""one_step_ahead_with_observed_real_lags"", ""validation_mode"": ""full_real_cycle_walk_forward"", ""validation_points"": 28, ""warmup_points"": 3}",13.0,16.0,16.0,13.0,13.0,13.0,14.0
BIM-05,OD,machine_learning,CatBoost,ok,0.0013587039429694414,,0.12372167991312562,0.07974017938078204,10.522438664987966,10.392294643969034,0.19182640079268154,0.16074280082316927,-35.563804303507965,-34.23159979333276,18.781902151753982,synthetic_full_cycle,synthetic_growth_cycles,40316.0,28.0,"{""lags"": 3, ""train_source"": ""synthetic_growth_cycles"", ""synthetic_cycles"": 2000, ""synthetic_samples"": 34316, ""prediction_protocol"": ""one_step_ahead_with_observed_real_lags"", ""validation_mode"": ""full_real_cycle_walk_forward"", ""validation_points"": 28, ""warmup_points"": 3}",15.0,14.0,13.0,15.0,15.0,15.0,14.5
BIM-05,OD,machine_learning,PCR,ok,0.0009389499900862575,,0.12286661363698863,0.08779616941536085,12.161900974863794,10.878894911793004,0.2029587103916367,0.17230327617593033,-35.95217556555045,-34.619971055375245,18.976087782775224,synthetic_full_cycle,synthetic_growth_cycles,40316.0,28.0,"{""lags"": 3, ""train_source"": ""synthetic_growth_cycles"", ""synthetic_cycles"": 2000, ""synthetic_samples"": 34316, ""prediction_protocol"": ""one_step_ahead_with_observed_real_lags"", ""validation_mode"": ""full_real_cycle_walk_forward"", ""validation_points"": 28, ""warmup_points"": 3}",14.0,17.0,17.0,14.0,14.0,14.0,15.0
BIM-05,OD,machine_learning,Ridge,ok,0.000697283074259758,,0.13172323844250575,0.07891440620052083,10.215606831911538,10.45645174850242,0.08391063511810826,0.04867642877649714,-32.054367354810225,-30.722162844635022,17.027183677405112,synthetic_full_cycle,synthetic_growth_cycles,40316.0,28.0,"{""lags"": 3, ""train_source"": ""synthetic_growth_cycles"", ""synthetic_cycles"": 2000, ""synthetic_samples"": 34316, ""prediction_protocol"": ""one_step_ahead_with_observed_real_lags"", ""validation_mode"": ""full_real_cycle_walk_forward"", ""validation_points"": 28, ""warmup_points"": 3}",16.0,13.0,14.0,16.0,16.0,16.0,15.166666666666666
BIM-05,OD,machine_learning,Linear_Regression,ok,0.0005584779428318143,,0.13516326415636498,0.08055257211005704,10.432866514434458,10.734068538538716,0.03543747407352982,-0.001661084615949715,-30.61066669893458,-29.278462188759377,16.30533334946729,synthetic_full_cycle,synthetic_growth_cycles,40316.0,28.0,"{""lags"": 3, ""train_source"": ""synthetic_growth_cycles"", ""synthetic_cycles"": 2000, ""synthetic_samples"": 34316, ""prediction_protocol"": ""one_step_ahead_with_observed_real_lags"", ""validation_mode"": ""full_real_cycle_walk_forward"", ""validation_points"": 28, ""warmup_points"": 3}",17.0,15.0,15.0,17.0,17.0,17.0,16.333333333333332
BIM-05,OD,machine_learning,SVR,ok,0.02139919309411198,,0.14090896206665857,0.0914134088120406,12.294343566711076,11.291736466853894,-0.04831131734371685,-0.08863098339539821,-28.27935248960213,-26.947147979426926,15.139676244801064,synthetic_full_cycle,synthetic_growth_cycles,40316.0,28.0,"{""lags"": 3, ""train_source"": ""synthetic_growth_cycles"", ""synthetic_cycles"": 2000, ""synthetic_samples"": 34316, ""prediction_protocol"": ""one_step_ahead_with_observed_real_lags"", ""validation_mode"": ""full_real_cycle_walk_forward"", ""validation_points"": 28, ""warmup_points"": 3}",18.0,18.0,18.0,18.0,18.0,18.0,18.0
BIM-05,OD,machine_learning,Gaussian_Process_Regression,ok,0.011797707062214613,,0.47397681932790514,0.21540903292585284,30.931021467671414,23.266803969686524,-10.861162259949882,-11.317360808409493,39.651133539613795,40.983338049789,-18.825566769806898,synthetic_full_cycle,synthetic_growth_cycles,40316.0,28.0,"{""lags"": 3, ""train_source"": ""synthetic_growth_cycles"", ""synthetic_cycles"": 2000, ""synthetic_samples"": 34316, ""prediction_protocol"": ""one_step_ahead_with_observed_real_lags"", ""validation_mode"": ""full_real_cycle_walk_forward"", ""validation_points"": 28, ""warmup_points"": 3}",19.0,19.0,19.0,19.0,19.0,19.0,19.0
BIM-07,OD,machine_learning,Lasso,ok,0.0006874519167467952,,0.06019221363261137,0.047177033060215305,7.5850120788193545,7.228847122296657,-0.2906585619524513,-0.434065068836057,-28.608022356538346,-28.210127083739977,15.304011178269173,synthetic_full_cycle,synthetic_growth_cycles,40316.0,11.0,"{""lags"": 3, ""train_source"": ""synthetic_growth_cycles"", ""synthetic_cycles"": 2000, ""synthetic_samples"": 34316, ""prediction_protocol"": ""one_step_ahead_with_observed_real_lags"", ""validation_mode"": ""full_real_cycle_walk_forward"", ""validation_points"": 11, ""warmup_points"": 3}",1.0,3.0,3.0,1.0,1.0,1.0,1.6666666666666667
BIM-07,OD,machine_learning,PLS,ok,0.000706542981788516,,0.060222725973151196,0.044304024711260964,7.060269296082332,6.623094919168753,-0.2919674021694969,-0.43551933574388557,-28.596873050506368,-28.198977777707995,15.298436525253184,synthetic_full_cycle,synthetic_growth_cycles,40316.0,11.0,"{""lags"": 3, ""train_source"": ""synthetic_growth_cycles"", ""synthetic_cycles"": 2000, ""synthetic_samples"": 34316, ""prediction_protocol"": ""one_step_ahead_with_observed_real_lags"", ""validation_mode"": ""full_real_cycle_walk_forward"", ""validation_points"": 11, ""warmup_points"": 3}",2.0,1.0,1.0,2.0,2.0,2.0,1.6666666666666667
BIM-07,OD,machine_learning,PCR,ok,0.0008859790395945311,,0.06063719609031684,0.0448918037113559,7.149284395328767,6.706248738089843,-0.30981197967768526,-0.455346644086317,-28.445981370827727,-28.04808609802936,15.222990685413864,synthetic_full_cycle,synthetic_growth_cycles,40316.0,11.0,"{""lags"": 3, ""train_source"": ""synthetic_growth_cycles"", ""synthetic_cycles"": 2000, ""synthetic_samples"": 34316, ""prediction_protocol"": ""one_step_ahead_with_observed_real_lags"", ""validation_mode"": ""full_real_cycle_walk_forward"", ""validation_points"": 11, ""warmup_points"": 3}",3.0,2.0,2.0,3.0,3.0,3.0,2.6666666666666665
BIM-07,OD,machine_learning,Elastic_Net,ok,0.000665251980535686,,0.06080523962542321,0.048017763033838784,7.717155276927867,7.363805084527077,-0.3170817889071733,-0.4634242098968593,-28.38509721431215,-27.98720194151378,15.192548607156075,synthetic_full_cycle,synthetic_growth_cycles,40316.0,11.0,"{""lags"": 3, ""train_source"": ""synthetic_growth_cycles"", ""synthetic_cycles"": 2000, ""synthetic_samples"": 34316, ""prediction_protocol"": ""one_step_ahead_with_observed_real_lags"", ""validation_mode"": ""full_real_cycle_walk_forward"", ""validation_points"": 11, ""warmup_points"": 3}",4.0,4.0,4.0,4.0,4.0,4.0,4.0
BIM-07,OD,machine_learning,Ridge,ok,0.0006361199775710702,,0.0666473554222701,0.05548964816624175,8.878194892252878,8.605893052491485,-0.5823282386291024,-0.7581424873656695,-26.366830327562266,-25.968935054763897,14.183415163781133,synthetic_full_cycle,synthetic_growth_cycles,40316.0,11.0,"{""lags"": 3, ""train_source"": ""synthetic_growth_cycles"", ""synthetic_cycles"": 2000, ""synthetic_samples"": 34316, ""prediction_protocol"": ""one_step_ahead_with_observed_real_lags"", ""validation_mode"": ""full_real_cycle_walk_forward"", ""validation_points"": 11, ""warmup_points"": 3}",5.0,5.0,5.0,5.0,5.0,5.0,5.0
BIM-07,OD,machine_learning,Linear_Regression,ok,0.0008444779086858034,,0.06730219596936886,0.056039859169713525,8.963424918399744,8.696071215763954,-0.6135751835857928,-0.7928613150953252,-26.15172536218678,-25.75383008938841,14.07586268109339,synthetic_full_cycle,synthetic_growth_cycles,40316.0,11.0,"{""lags"": 3, ""train_source"": ""synthetic_growth_cycles"", ""synthetic_cycles"": 2000, ""synthetic_samples"": 34316, ""prediction_protocol"": ""one_step_ahead_with_observed_real_lags"", ""validation_mode"": ""full_real_cycle_walk_forward"", ""validation_points"": 11, ""warmup_points"": 3}",6.0,6.0,6.0,6.0,6.0,6.0,6.0
BIM-07,OD,machine_learning,Polynomial_Regression,ok,0.0008580990834161639,,0.07052207195386138,0.05977399218779256,9.560759579172224,9.263238351689091,-0.7716619715502726,-0.9685133017225251,-25.1236021671559,-24.72570689435753,13.56180108357795,synthetic_full_cycle,synthetic_growth_cycles,40316.0,11.0,"{""lags"": 3, ""train_source"": ""synthetic_growth_cycles"", ""synthetic_cycles"": 2000, ""synthetic_samples"": 34316, ""prediction_protocol"": ""one_step_ahead_with_observed_real_lags"", ""validation_mode"": ""full_real_cycle_walk_forward"", ""validation_points"": 11, ""warmup_points"": 3}",7.0,8.0,8.0,7.0,7.0,7.0,7.333333333333333
BIM-07,OD,machine_learning,SVR,ok,0.009231853066012263,,0.07081551837149334,0.061107456480177035,9.776485388445142,9.435231390643573,-0.7864366225520831,-0.984929580613426,-25.032248827264976,-24.634353554466607,13.516124413632488,synthetic_full_cycle,synthetic_growth_cycles,40316.0,11.0,"{""lags"": 3, ""train_source"": ""synthetic_growth_cycles"", ""synthetic_cycles"": 2000, ""synthetic_samples"": 34316, ""prediction_protocol"": ""one_step_ahead_with_observed_real_lags"", ""validation_mode"": ""full_real_cycle_walk_forward"", ""validation_points"": 11, ""warmup_points"": 3}",8.0,9.0,9.0,8.0,8.0,8.0,8.333333333333334
BIM-07,OD,machine_learning,KNN,ok,0.0010766159975901246,,0.072734692364601,0.05887280692720422,9.518652446555684,9.06132198985807,-0.8845772703879997,-1.0939747448755552,-24.44396207416329,-24.046066801364923,13.221981037081646,synthetic_full_cycle,synthetic_growth_cycles,40316.0,11.0,"{""lags"": 3, ""train_source"": ""synthetic_growth_cycles"", ""synthetic_cycles"": 2000, ""synthetic_samples"": 34316, ""prediction_protocol"": ""one_step_ahead_with_observed_real_lags"", ""validation_mode"": ""full_real_cycle_walk_forward"", ""validation_points"": 11, ""warmup_points"": 3}",10.0,7.0,7.0,10.0,10.0,10.0,9.0
BIM-07,OD,machine_learning,Gaussian_Process_Regression,ok,0.0034424930345267057,,0.0727260154048759,0.06269607355139793,10.030602825864344,9.607552785835397,-0.8841276520517101,-1.0934751689463447,-24.446586743286737,-24.048691470488365,13.223293371643368,synthetic_full_cycle,synthetic_growth_cycles,40316.0,11.0,"{""lags"": 3, ""train_source"": ""synthetic_growth_cycles"", ""synthetic_cycles"": 2000, ""synthetic_samples"": 34316, ""prediction_protocol"": ""one_step_ahead_with_observed_real_lags"", ""validation_mode"": ""full_real_cycle_walk_forward"", ""validation_points"": 11, ""warmup_points"": 3}",9.0,10.0,10.0,9.0,9.0,9.0,9.333333333333334
BIM-07,OD,machine_learning,Gradient_Boosting,ok,0.001283421996049583,,0.07653753265349329,0.06494268532114728,10.389326556039343,9.830731688892346,-1.0867943476183544,-1.318660386242616,-23.322781051470475,-22.924885778672106,12.661390525735237,synthetic_full_cycle,synthetic_growth_cycles,40316.0,11.0,"{""lags"": 3, ""train_source"": ""synthetic_growth_cycles"", ""synthetic_cycles"": 2000, ""synthetic_samples"": 34316, ""prediction_protocol"": ""one_step_ahead_with_observed_real_lags"", ""validation_mode"": ""full_real_cycle_walk_forward"", ""validation_points"": 11, ""warmup_points"": 3}",11.0,12.0,12.0,11.0,11.0,11.0,11.333333333333334
BIM-07,OD,machine_learning,LightGBM,ok,0.0015112999826669693,,0.07662072007468096,0.06329774381372068,10.207990093008208,9.645410068710278,-1.091333019643526,-1.3237033551594735,-23.298882588103385,-22.900987315305017,12.649441294051693,synthetic_full_cycle,synthetic_growth_cycles,40316.0,11.0,"{""lags"": 3, ""train_source"": ""synthetic_growth_cycles"", ""synthetic_cycles"": 2000, ""synthetic_samples"": 34316, ""prediction_protocol"": ""one_step_ahead_with_observed_real_lags"", ""validation_mode"": ""full_real_cycle_walk_forward"", ""validation_points"": 11, ""warmup_points"": 3}",12.0,11.0,11.0,12.0,12.0,12.0,11.666666666666666
BIM-07,OD,machine_learning,CatBoost,ok,0.0012606610544025898,,0.07929552156789756,0.06875744313047998,11.01596729947903,10.514291751383924,-1.2398970424877058,-1.4887744916530061,-22.54397205227076,-22.146076779472388,12.27198602613538,synthetic_full_cycle,synthetic_growth_cycles,40316.0,11.0,"{""lags"": 3, ""train_source"": ""synthetic_growth_cycles"", ""synthetic_cycles"": 2000, ""synthetic_samples"": 34316, ""prediction_protocol"": ""one_step_ahead_with_observed_real_lags"", ""validation_mode"": ""full_real_cycle_walk_forward"", ""validation_points"": 11, ""warmup_points"": 3}",14.0,16.0,17.0,13.0,13.0,13.0,14.333333333333334
BIM-07,OD,deep_learning,MLP,ok,0.0010040630586445332,,0.07909445316735315,0.068636355810592,10.892619165964808,10.362458445386904,-1.399289916753646,-1.6992011563478515,-20.36347995538429,-20.060894862390242,11.181739977692144,synthetic_full_cycle,synthetic_growth_cycles,40316.0,10.0,"{""lags"": 4, ""train_source"": ""synthetic_growth_cycles"", ""synthetic_cycles"": 2000, ""synthetic_samples"": 32316, ""prediction_protocol"": ""one_step_ahead_with_observed_real_lags"", ""validation_mode"": ""full_real_cycle_walk_forward"", ""validation_points"": 10, ""warmup_points"": 4}",13.0,15.0,14.0,17.0,17.0,14.0,15.0
BIM-07,OD,machine_learning,XGBoost,ok,0.0012429810594767332,,0.08247879167564615,0.06948100354454732,11.116988779457717,10.486131595639053,-1.4233453849913191,-1.6926059833236877,-21.67806223383409,-21.280166961035718,11.839031116917045,synthetic_full_cycle,synthetic_growth_cycles,40316.0,11.0,"{""lags"": 3, ""train_source"": ""synthetic_growth_cycles"", ""synthetic_cycles"": 2000, ""synthetic_samples"": 34316, ""prediction_protocol"": ""one_step_ahead_with_observed_real_lags"", ""validation_mode"": ""full_real_cycle_walk_forward"", ""validation_points"": 11, ""warmup_points"": 3}",15.0,17.0,16.0,14.0,14.0,15.0,15.166666666666666
BIM-07,OD,machine_learning,Extra_Trees,ok,0.021771394996903837,,0.08357410369966672,0.06861627672914525,11.07661530407991,10.426380312268577,-1.488136438856532,-1.7645960431739245,-21.38782683669852,-20.98993156390015,11.69391341834926,synthetic_full_cycle,synthetic_growth_cycles,40316.0,11.0,"{""lags"": 3, ""train_source"": ""synthetic_growth_cycles"", ""synthetic_cycles"": 2000, ""synthetic_samples"": 34316, ""prediction_protocol"": ""one_step_ahead_with_observed_real_lags"", ""validation_mode"": ""full_real_cycle_walk_forward"", ""validation_points"": 11, ""warmup_points"": 3}",16.0,14.0,15.0,15.0,15.0,16.0,15.166666666666666
BIM-07,OD,machine_learning,Random_Forest,ok,0.014993231976404786,,0.08397594810523505,0.06692410645751612,10.831124222248706,10.136003139928885,-1.512121080234079,-1.7912456447045324,-21.28229904034194,-20.884403767543567,11.64114952017097,synthetic_full_cycle,synthetic_growth_cycles,40316.0,11.0,"{""lags"": 3, ""train_source"": ""synthetic_growth_cycles"", ""synthetic_cycles"": 2000, ""synthetic_samples"": 34316, ""prediction_protocol"": ""one_step_ahead_with_observed_real_lags"", ""validation_mode"": ""full_real_cycle_walk_forward"", ""validation_points"": 11, ""warmup_points"": 3}",17.0,13.0,13.0,16.0,16.0,17.0,15.333333333333334
BIM-07,OD,machine_learning,Decision_Trees,ok,0.0006813820218667388,,0.10184831714738654,0.08585711731585319,13.633641540463826,12.67193737197154,-2.6952042712186928,-3.105782523576326,-17.037306774079024,-16.639411501280655,9.518653387039512,synthetic_full_cycle,synthetic_growth_cycles,40316.0,11.0,"{""lags"": 3, ""train_source"": ""synthetic_growth_cycles"", ""synthetic_cycles"": 2000, ""synthetic_samples"": 34316, ""prediction_protocol"": ""one_step_ahead_with_observed_real_lags"", ""validation_mode"": ""full_real_cycle_walk_forward"", ""validation_points"": 11, ""warmup_points"": 3}",18.0,18.0,18.0,18.0,18.0,18.0,18.0
BIM-07,OD,machine_learning,AdaBoost,ok,0.005573433008976281,,0.10702974313190605,0.09264994510220666,14.537900973055928,13.229029077524768,-3.0807473053119443,-3.534163672568827,-15.945619488446432,-15.547724215648062,8.972809744223216,synthetic_full_cycle,synthetic_growth_cycles,40316.0,11.0,"{""lags"": 3, ""train_source"": ""synthetic_growth_cycles"", ""synthetic_cycles"": 2000, ""synthetic_samples"": 34316, ""prediction_protocol"": ""one_step_ahead_with_observed_real_lags"", ""validation_mode"": ""full_real_cycle_walk_forward"", ""validation_points"": 11, ""warmup_points"": 3}",19.0,19.0,19.0,19.0,19.0,19.0,19.0
BIM-09,OD,machine_learning,Decision_Trees,ok,0.0007720961002632976,,0.044134882484830905,0.04285038803699359,5.171439740153938,5.066874257714922,-0.8574900050379879,-2.714980010075976,-8.209397739632069,-9.11078545096396,5.104698869816034,synthetic_full_cycle,synthetic_growth_cycles,40316.0,3.0,"{""lags"": 3, ""train_source"": ""synthetic_growth_cycles"", ""synthetic_cycles"": 2000, ""synthetic_samples"": 34316, ""prediction_protocol"": ""one_step_ahead_with_observed_real_lags"", ""validation_mode"": ""full_real_cycle_walk_forward"", ""validation_points"": 3, ""warmup_points"": 3}",1.0,1.0,1.0,1.0,1.0,1.0,1.0
BIM-09,OD,machine_learning,Lasso,ok,0.0006617719773203135,,0.046849499804011596,0.0451475459941482,5.473564898188408,5.355447382645547,-1.093015542167278,-3.186031084334556,-7.851258482151618,-8.752646193483509,4.925629241075809,synthetic_full_cycle,synthetic_growth_cycles,40316.0,3.0,"{""lags"": 3, ""train_source"": ""synthetic_growth_cycles"", ""synthetic_cycles"": 2000, ""synthetic_samples"": 34316, ""prediction_protocol"": ""one_step_ahead_with_observed_real_lags"", ""validation_mode"": ""full_real_cycle_walk_forward"", ""validation_points"": 3, ""warmup_points"": 3}",2.0,2.0,2.0,2.0,2.0,2.0,2.0
BIM-09,OD,machine_learning,Elastic_Net,ok,0.0006955530261620879,,0.05086182275394675,0.04680010528786375,5.7066069510377115,5.5417863346294505,-1.4668706425815952,-3.9337412851631903,-7.35822488662957,-8.25961259796146,4.679112443314785,synthetic_full_cycle,synthetic_growth_cycles,40316.0,3.0,"{""lags"": 3, ""train_source"": ""synthetic_growth_cycles"", ""synthetic_cycles"": 2000, ""synthetic_samples"": 34316, ""prediction_protocol"": ""one_step_ahead_with_observed_real_lags"", ""validation_mode"": ""full_real_cycle_walk_forward"", ""validation_points"": 3, ""warmup_points"": 3}",3.0,3.0,3.0,3.0,3.0,3.0,3.0
BIM-09,OD,machine_learning,AdaBoost,ok,0.003158233012072742,,0.05583485160779152,0.05435501287000163,6.567652621873672,6.404084378156134,-1.9728518633796286,-4.945703726759257,-6.798510943448827,-7.699898654780717,4.3992554717244134,synthetic_full_cycle,synthetic_growth_cycles,40316.0,3.0,"{""lags"": 3, ""train_source"": ""synthetic_growth_cycles"", ""synthetic_cycles"": 2000, ""synthetic_samples"": 34316, ""prediction_protocol"": ""one_step_ahead_with_observed_real_lags"", ""validation_mode"": ""full_real_cycle_walk_forward"", ""validation_points"": 3, ""warmup_points"": 3}",5.0,5.0,5.0,4.0,4.0,4.0,4.5
BIM-09,OD,machine_learning,Gradient_Boosting,ok,0.0008362869266420603,,0.0795734044698166,0.061229461816567333,7.584193561392329,7.130112640746712,-5.038073775191072,-11.076147550382144,-4.672820940740056,-5.574208652071946,3.336410470370028,synthetic_full_cycle,synthetic_growth_cycles,40316.0,3.0,"{""lags"": 3, ""train_source"": ""synthetic_growth_cycles"", ""synthetic_cycles"": 2000, ""synthetic_samples"": 34316, ""prediction_protocol"": ""one_step_ahead_with_observed_real_lags"", ""validation_mode"": ""full_real_cycle_walk_forward"", ""validation_points"": 3, ""warmup_points"": 3}",6.0,6.0,6.0,5.0,5.0,5.0,5.5
BIM-09,OD,machine_learning,CatBoost,ok,0.001094875973649323,,0.08149896157028463,0.06963622262859892,8.548827018817166,8.126508651100961,-5.333834142118317,-11.667668284236633,-4.5293588024843245,-5.4307465138162145,3.2646794012421623,synthetic_full_cycle,synthetic_growth_cycles,40316.0,3.0,"{""lags"": 3, ""train_source"": ""synthetic_growth_cycles"", ""synthetic_cycles"": 2000, ""synthetic_samples"": 34316, ""prediction_protocol"": ""one_step_ahead_with_observed_real_lags"", ""validation_mode"": ""full_real_cycle_walk_forward"", ""validation_points"": 3, ""warmup_points"": 3}",7.0,8.0,9.0,6.0,6.0,6.0,7.0
BIM-09,OD,machine_learning,Gaussian_Process_Regression,ok,0.001515429001301527,,0.08442660130475961,0.06401040029793192,7.938648423714962,7.418829820654674,-5.79706071952274,-12.59412143904548,-4.3176052749924505,-5.2189929863243405,3.1588026374962253,synthetic_full_cycle,synthetic_growth_cycles,40316.0,3.0,"{""lags"": 3, ""train_source"": ""synthetic_growth_cycles"", ""synthetic_cycles"": 2000, ""synthetic_samples"": 34316, ""prediction_protocol"": ""one_step_ahead_with_observed_real_lags"", ""validation_mode"": ""full_real_cycle_walk_forward"", ""validation_points"": 3, ""warmup_points"": 3}",9.0,7.0,7.0,8.0,9.0,8.0,8.0
BIM-09,OD,deep_learning,MLP,ok,0.0012779119424521923,,0.054008646260330154,0.0532056337186938,6.223280860676406,6.157449660217271,-23.10689149482206,,-3.998690384393351,-5.305543203833405,2.9993451921966754,synthetic_full_cycle,synthetic_growth_cycles,40316.0,2.0,"{""lags"": 4, ""train_source"": ""synthetic_growth_cycles"", ""synthetic_cycles"": 2000, ""synthetic_samples"": 32316, ""prediction_protocol"": ""one_step_ahead_with_observed_real_lags"", ""validation_mode"": ""full_real_cycle_walk_forward"", ""validation_points"": 2, ""warmup_points"": 4}",4.0,4.0,4.0,13.0,8.0,19.0,8.666666666666666
BIM-09,OD,machine_learning,PLS,ok,0.0006466920021921396,,0.08223284733493466,0.07350065511008097,8.903178316632482,9.415984245614526,-5.448418163519402,-11.896836327038804,-4.475571525522488,-5.376959236854378,3.237785762761244,synthetic_full_cycle,synthetic_growth_cycles,40316.0,3.0,"{""lags"": 3, ""train_source"": ""synthetic_growth_cycles"", ""synthetic_cycles"": 2000, ""synthetic_samples"": 34316, ""prediction_protocol"": ""one_step_ahead_with_observed_real_lags"", ""validation_mode"": ""full_real_cycle_walk_forward"", ""validation_points"": 3, ""warmup_points"": 3}",8.0,13.0,16.0,7.0,7.0,7.0,9.666666666666666
BIM-09,OD,machine_learning,XGBoost,ok,0.0012649119598791003,,0.08554259463652446,0.07059409014383951,8.691968282321428,8.207593593967015,-5.977942304973381,-12.955884609946763,-4.238813866019901,-5.140201577351791,3.1194069330099503,synthetic_full_cycle,synthetic_growth_cycles,40316.0,3.0,"{""lags"": 3, ""train_source"": ""synthetic_growth_cycles"", ""synthetic_cycles"": 2000, ""synthetic_samples"": 34316, ""prediction_protocol"": ""one_step_ahead_with_observed_real_lags"", ""validation_mode"": ""full_real_cycle_walk_forward"", ""validation_points"": 3, ""warmup_points"": 3}",11.0,10.0,10.0,10.0,11.0,10.0,10.333333333333334
BIM-09,OD,machine_learning,SVR,ok,0.003217895980924368,,0.08611925336965641,0.06999854961696665,8.632377126073846,8.122164122629682,-6.072338653159969,-13.144677306319938,-4.198502457819266,-5.099890169151156,3.099251228909633,synthetic_full_cycle,synthetic_growth_cycles,40316.0,3.0,"{""lags"": 3, ""train_source"": ""synthetic_growth_cycles"", ""synthetic_cycles"": 2000, ""synthetic_samples"": 34316, ""prediction_protocol"": ""one_step_ahead_with_observed_real_lags"", ""validation_mode"": ""full_real_cycle_walk_forward"", ""validation_points"": 3, ""warmup_points"": 3}",13.0,9.0,8.0,12.0,13.0,12.0,11.166666666666666
BIM-09,OD,machine_learning,PCR,ok,0.000873908051289618,,0.08546637818956782,0.07596398580182162,9.205474472786799,9.7650910732477,-5.965513478234816,-12.931026956469632,-4.244162108330948,-5.145549819662838,3.122081054165474,synthetic_full_cycle,synthetic_growth_cycles,40316.0,3.0,"{""lags"": 3, ""train_source"": ""synthetic_growth_cycles"", ""synthetic_cycles"": 2000, ""synthetic_samples"": 34316, ""prediction_protocol"": ""one_step_ahead_with_observed_real_lags"", ""validation_mode"": ""full_real_cycle_walk_forward"", ""validation_points"": 3, ""warmup_points"": 3}",10.0,15.0,17.0,9.0,10.0,9.0,11.666666666666666
BIM-09,OD,machine_learning,Extra_Trees,ok,0.014166754903271794,,0.08588724185434388,0.07295183272224186,8.959372914330105,8.492704798369681,-6.034283197724,-13.068566395448,-4.214688706301442,-5.116076417633332,3.107344353150721,synthetic_full_cycle,synthetic_growth_cycles,40316.0,3.0,"{""lags"": 3, ""train_source"": ""synthetic_growth_cycles"", ""synthetic_cycles"": 2000, ""synthetic_samples"": 34316, ""prediction_protocol"": ""one_step_ahead_with_observed_real_lags"", ""validation_mode"": ""full_real_cycle_walk_forward"", ""validation_points"": 3, ""warmup_points"": 3}",12.0,12.0,12.0,11.0,12.0,11.0,11.666666666666666
BIM-09,OD,machine_learning,LightGBM,ok,0.001982875051908195,,0.09017077497396055,0.07230815396026702,8.92617207912529,8.366667569620905,-6.753434830964376,-14.506869661928752,-3.9226682422901167,-4.824055953622007,2.9613341211450583,synthetic_full_cycle,synthetic_growth_cycles,40316.0,3.0,"{""lags"": 3, ""train_source"": ""synthetic_growth_cycles"", ""synthetic_cycles"": 2000, ""synthetic_samples"": 34316, ""prediction_protocol"": ""one_step_ahead_with_observed_real_lags"", ""validation_mode"": ""full_real_cycle_walk_forward"", ""validation_points"": 3, ""warmup_points"": 3}",15.0,11.0,11.0,15.0,15.0,14.0,13.5
BIM-09,OD,machine_learning,KNN,ok,0.00105289404746145,,0.08997635904092237,0.07446640132482285,9.170437242741102,8.602938217349363,-6.720036731971695,-14.44007346394339,-3.9356187236560887,-4.837006434987979,2.9678093618280443,synthetic_full_cycle,synthetic_growth_cycles,40316.0,3.0,"{""lags"": 3, ""train_source"": ""synthetic_growth_cycles"", ""synthetic_cycles"": 2000, ""synthetic_samples"": 34316, ""prediction_protocol"": ""one_step_ahead_with_observed_real_lags"", ""validation_mode"": ""full_real_cycle_walk_forward"", ""validation_points"": 3, ""warmup_points"": 3}",14.0,14.0,13.0,14.0,14.0,13.0,13.666666666666666
BIM-09,OD,machine_learning,Random_Forest,ok,0.013824044028297067,,0.09632491740753958,0.07695983343990594,9.500844990424103,8.873662025344853,-7.84789228884552,-16.69578457769104,-3.526538276205784,-4.427925987537674,2.763269138102892,synthetic_full_cycle,synthetic_growth_cycles,40316.0,3.0,"{""lags"": 3, ""train_source"": ""synthetic_growth_cycles"", ""synthetic_cycles"": 2000, ""synthetic_samples"": 34316, ""prediction_protocol"": ""one_step_ahead_with_observed_real_lags"", ""validation_mode"": ""full_real_cycle_walk_forward"", ""validation_points"": 3, ""warmup_points"": 3}",17.0,16.0,14.0,17.0,17.0,16.0,16.166666666666668
BIM-09,OD,machine_learning,Ridge,ok,0.0006806920282542706,,0.09427145441208724,0.08513386178995123,10.40235153541841,9.871750640291623,-7.474673029532985,-15.94934605906597,-3.655829874005894,-4.557217585337784,2.827914937002947,synthetic_full_cycle,synthetic_growth_cycles,40316.0,3.0,"{""lags"": 3, ""train_source"": ""synthetic_growth_cycles"", ""synthetic_cycles"": 2000, ""synthetic_samples"": 34316, ""prediction_protocol"": ""one_step_ahead_with_observed_real_lags"", ""validation_mode"": ""full_real_cycle_walk_forward"", ""validation_points"": 3, ""warmup_points"": 3}",16.0,18.0,18.0,16.0,16.0,15.0,16.5
BIM-09,OD,machine_learning,Polynomial_Regression,ok,0.0008272170089185238,,0.09734894552125424,0.08047578434222813,9.912258584265059,9.257727473550796,-8.03701576042607,-17.07403152085214,-3.463089075093394,-4.364476786425284,2.731544537546697,synthetic_full_cycle,synthetic_growth_cycles,40316.0,3.0,"{""lags"": 3, ""train_source"": ""synthetic_growth_cycles"", ""synthetic_cycles"": 2000, ""synthetic_samples"": 34316, ""prediction_protocol"": ""one_step_ahead_with_observed_real_lags"", ""validation_mode"": ""full_real_cycle_walk_forward"", ""validation_points"": 3, ""warmup_points"": 3}",18.0,17.0,15.0,18.0,18.0,17.0,17.166666666666668
BIM-09,OD,machine_learning,Linear_Regression,ok,0.0006828330224379897,,0.0975708970819351,0.08876365606118146,10.83720962150106,10.28591989578746,-8.0782707794408,-17.1565415588816,-3.4494248947630286,-4.350812606094919,2.7247124473815143,synthetic_full_cycle,synthetic_growth_cycles,40316.0,3.0,"{""lags"": 3, ""train_source"": ""synthetic_growth_cycles"", ""synthetic_cycles"": 2000, ""synthetic_samples"": 34316, ""prediction_protocol"": ""one_step_ahead_with_observed_real_lags"", ""validation_mode"": ""full_real_cycle_walk_forward"", ""validation_points"": 3, ""warmup_points"": 3}",19.0,19.0,19.0,19.0,19.0,18.0,18.833333333333332
BIM-12,OD,machine_learning,Elastic_Net,ok,0.000642571016214788,,0.05157163423156853,0.03922513647812247,6.2218781102812715,5.947268319977645,-2.618993431291777,-2.980892774420955,-35.100278767314364,-34.61537211752636,18.550139383657182,synthetic_full_cycle,synthetic_growth_cycles,40316.0,12.0,"{""lags"": 3, ""train_source"": ""synthetic_growth_cycles"", ""synthetic_cycles"": 2000, ""synthetic_samples"": 34316, ""prediction_protocol"": ""one_step_ahead_with_observed_real_lags"", ""validation_mode"": ""full_real_cycle_walk_forward"", ""validation_points"": 12, ""warmup_points"": 3}",1.0,1.0,1.0,1.0,1.0,1.0,1.0
BIM-12,OD,machine_learning,Lasso,ok,0.0006396410753950477,,0.05237962300735832,0.039734273953374456,6.29902865493692,6.008914034409516,-2.7332815493266236,-3.106609704259286,-34.7271784956858,-34.2422718458978,18.3635892478429,synthetic_full_cycle,synthetic_growth_cycles,40316.0,12.0,"{""lags"": 3, ""train_source"": ""synthetic_growth_cycles"", ""synthetic_cycles"": 2000, ""synthetic_samples"": 34316, ""prediction_protocol"": ""one_step_ahead_with_observed_real_lags"", ""validation_mode"": ""full_real_cycle_walk_forward"", ""validation_points"": 12, ""warmup_points"": 3}",2.0,2.0,2.0,2.0,2.0,2.0,2.0
BIM-12,OD,machine_learning,SVR,ok,0.009619305958040059,,0.05399373743771536,0.04162286909372374,6.570580173937647,6.302487014609675,-2.966914022687815,-3.3636054249565968,-33.99876830354232,-33.51386165375432,17.99938415177116,synthetic_full_cycle,synthetic_growth_cycles,40316.0,12.0,"{""lags"": 3, ""train_source"": ""synthetic_growth_cycles"", ""synthetic_cycles"": 2000, ""synthetic_samples"": 34316, ""prediction_protocol"": ""one_step_ahead_with_observed_real_lags"", ""validation_mode"": ""full_real_cycle_walk_forward"", ""validation_points"": 12, ""warmup_points"": 3}",3.0,3.0,3.0,3.0,3.0,3.0,3.0
BIM-12,OD,machine_learning,Gaussian_Process_Regression,ok,0.0035447169793769717,,0.056811838525650256,0.04291391787308577,6.788486501360226,6.4602694914923795,-3.3918115369394926,-3.830992690633442,-32.77772840848996,-32.29282175870196,17.38886420424498,synthetic_full_cycle,synthetic_growth_cycles,40316.0,12.0,"{""lags"": 3, ""train_source"": ""synthetic_growth_cycles"", ""synthetic_cycles"": 2000, ""synthetic_samples"": 34316, ""prediction_protocol"": ""one_step_ahead_with_observed_real_lags"", ""validation_mode"": ""full_real_cycle_walk_forward"", ""validation_points"": 12, ""warmup_points"": 3}",4.0,4.0,4.0,4.0,4.0,4.0,4.0
BIM-12,OD,machine_learning,Polynomial_Regression,ok,0.000819006934762001,,0.0592391345305213,0.046541009355950715,7.348406177352354,7.219160732994827,-3.775110403103443,-4.252621443413787,-31.77362478472341,-31.288718134935408,16.886812392361705,synthetic_full_cycle,synthetic_growth_cycles,40316.0,12.0,"{""lags"": 3, ""train_source"": ""synthetic_growth_cycles"", ""synthetic_cycles"": 2000, ""synthetic_samples"": 34316, ""prediction_protocol"": ""one_step_ahead_with_observed_real_lags"", ""validation_mode"": ""full_real_cycle_walk_forward"", ""validation_points"": 12, ""warmup_points"": 3}",5.0,6.0,6.0,5.0,5.0,5.0,5.333333333333333
BIM-12,OD,machine_learning,Ridge,ok,0.0006351011106744409,,0.06112684589651405,0.04645447758258791,7.338193305000231,7.200409493931445,-4.084286105180044,-4.592714715698048,-31.02077439333818,-30.535867743550178,16.51038719666909,synthetic_full_cycle,synthetic_growth_cycles,40316.0,12.0,"{""lags"": 3, ""train_source"": ""synthetic_growth_cycles"", ""synthetic_cycles"": 2000, ""synthetic_samples"": 34316, ""prediction_protocol"": ""one_step_ahead_with_observed_real_lags"", ""validation_mode"": ""full_real_cycle_walk_forward"", ""validation_points"": 12, ""warmup_points"": 3}",6.0,5.0,5.0,6.0,6.0,6.0,5.666666666666667
BIM-12,OD,machine_learning,Linear_Regression,ok,0.0005160969449207187,,0.0626972914507505,0.047459092837265106,7.492984388783876,7.366277374330298,-4.348888763335345,-4.88377763966888,-30.411963942983142,-29.92705729319514,16.20598197149157,synthetic_full_cycle,synthetic_growth_cycles,40316.0,12.0,"{""lags"": 3, ""train_source"": ""synthetic_growth_cycles"", ""synthetic_cycles"": 2000, ""synthetic_samples"": 34316, ""prediction_protocol"": ""one_step_ahead_with_observed_real_lags"", ""validation_mode"": ""full_real_cycle_walk_forward"", ""validation_points"": 12, ""warmup_points"": 3}",7.0,7.0,7.0,7.0,7.0,7.0,7.0
BIM-12,OD,machine_learning,LightGBM,ok,0.0015754819614812732,,0.06482078482966544,0.05377847206301543,8.44950365414253,8.055820232951046,-4.7173473406074455,-5.28908207466819,-29.61257056733047,-29.127663917542467,15.806285283665234,synthetic_full_cycle,synthetic_growth_cycles,40316.0,12.0,"{""lags"": 3, ""train_source"": ""synthetic_growth_cycles"", ""synthetic_cycles"": 2000, ""synthetic_samples"": 34316, ""prediction_protocol"": ""one_step_ahead_with_observed_real_lags"", ""validation_mode"": ""full_real_cycle_walk_forward"", ""validation_points"": 12, ""warmup_points"": 3}",8.0,8.0,8.0,8.0,8.0,8.0,8.0
BIM-12,OD,machine_learning,CatBoost,ok,0.0011213269317522645,,0.0681292435258076,0.05782988013799314,9.074768638540306,8.637240782587803,-5.315869395989921,-5.947456335588913,-28.41784490672636,-27.932938256938357,15.20892245336318,synthetic_full_cycle,synthetic_growth_cycles,40316.0,12.0,"{""lags"": 3, ""train_source"": ""synthetic_growth_cycles"", ""synthetic_cycles"": 2000, ""synthetic_samples"": 34316, ""prediction_protocol"": ""one_step_ahead_with_observed_real_lags"", ""validation_mode"": ""full_real_cycle_walk_forward"", ""validation_points"": 12, ""warmup_points"": 3}",9.0,12.0,13.0,9.0,9.0,10.0,10.333333333333334
BIM-12,OD,machine_learning,Extra_Trees,ok,0.014471345930360258,,0.07075202571280804,0.057153677749536,8.991992338020003,8.462456801380231,-5.811515742816873,-6.49266731709856,-27.511253864340453,-27.02634721455245,14.755626932170227,synthetic_full_cycle,synthetic_growth_cycles,40316.0,12.0,"{""lags"": 3, ""train_source"": ""synthetic_growth_cycles"", ""synthetic_cycles"": 2000, ""synthetic_samples"": 34316, ""prediction_protocol"": ""one_step_ahead_with_observed_real_lags"", ""validation_mode"": ""full_real_cycle_walk_forward"", ""validation_points"": 12, ""warmup_points"": 3}",11.0,11.0,10.0,10.0,10.0,11.0,10.5
BIM-12,OD,deep_learning,MLP,ok,0.0010184840066358447,,0.06863721691849109,0.05671531264598513,8.990529624971808,8.474930634700458,-5.303790563810269,-6.0042117375669655,-25.719600424539102,-25.32170515174073,13.859800212269551,synthetic_full_cycle,synthetic_growth_cycles,40316.0,11.0,"{""lags"": 4, ""train_source"": ""synthetic_growth_cycles"", ""synthetic_cycles"": 2000, ""synthetic_samples"": 32316, ""prediction_protocol"": ""one_step_ahead_with_observed_real_lags"", ""validation_mode"": ""full_real_cycle_walk_forward"", ""validation_points"": 11, ""warmup_points"": 4}",10.0,10.0,11.0,15.0,14.0,9.0,11.5
BIM-12,OD,machine_learning,Random_Forest,ok,0.013742662034928799,,0.07318379372413122,0.059479439966748086,9.394407920194105,8.83898045152146,-6.287789917462366,-7.016568909208603,-26.700225916804026,-26.215319267016024,14.350112958402013,synthetic_full_cycle,synthetic_growth_cycles,40316.0,12.0,"{""lags"": 3, ""train_source"": ""synthetic_growth_cycles"", ""synthetic_cycles"": 2000, ""synthetic_samples"": 34316, ""prediction_protocol"": ""one_step_ahead_with_observed_real_lags"", ""validation_mode"": ""full_real_cycle_walk_forward"", ""validation_points"": 12, ""warmup_points"": 3}",12.0,14.0,14.0,11.0,11.0,12.0,12.333333333333334
BIM-12,OD,machine_learning,Gradient_Boosting,ok,0.0008344469824805856,,0.0740020141244421,0.06403085310765998,10.034484716411677,9.46570382481806,-6.451660971248105,-7.196827068372915,-26.433386441099884,-25.948479791311883,14.216693220549942,synthetic_full_cycle,synthetic_growth_cycles,40316.0,12.0,"{""lags"": 3, ""train_source"": ""synthetic_growth_cycles"", ""synthetic_cycles"": 2000, ""synthetic_samples"": 34316, ""prediction_protocol"": ""one_step_ahead_with_observed_real_lags"", ""validation_mode"": ""full_real_cycle_walk_forward"", ""validation_points"": 12, ""warmup_points"": 3}",13.0,15.0,15.0,12.0,12.0,13.0,13.333333333333334
BIM-12,OD,machine_learning,KNN,ok,0.001066455035470426,,0.07633818076589077,0.05586432067026126,8.840238092867112,8.208203924586096,-6.929569668808489,-7.722526635689338,-25.68744470618344,-25.20253805639544,13.84372235309172,synthetic_full_cycle,synthetic_growth_cycles,40316.0,12.0,"{""lags"": 3, ""train_source"": ""synthetic_growth_cycles"", ""synthetic_cycles"": 2000, ""synthetic_samples"": 34316, ""prediction_protocol"": ""one_step_ahead_with_observed_real_lags"", ""validation_mode"": ""full_real_cycle_walk_forward"", ""validation_points"": 12, ""warmup_points"": 3}",16.0,9.0,9.0,16.0,16.0,16.0,13.666666666666666
BIM-12,OD,machine_learning,PLS,ok,0.0006416509859263897,,0.07492644319633195,0.06591528641068838,10.376827993086787,9.704631934749791,-6.638995267442652,-7.402894794186917,-26.135436901134547,-25.650530251346545,14.067718450567273,synthetic_full_cycle,synthetic_growth_cycles,40316.0,12.0,"{""lags"": 3, ""train_source"": ""synthetic_growth_cycles"", ""synthetic_cycles"": 2000, ""synthetic_samples"": 34316, ""prediction_protocol"": ""one_step_ahead_with_observed_real_lags"", ""validation_mode"": ""full_real_cycle_walk_forward"", ""validation_points"": 12, ""warmup_points"": 3}",14.0,16.0,16.0,13.0,13.0,14.0,14.333333333333334
BIM-12,OD,machine_learning,PCR,ok,0.0008943390566855669,,0.07620437826585251,0.06711647755235543,10.563716588381576,9.869720484375426,-6.901796766717927,-7.69197644338972,-25.72954785228079,-25.244641202492787,13.864773926140394,synthetic_full_cycle,synthetic_growth_cycles,40316.0,12.0,"{""lags"": 3, ""train_source"": ""synthetic_growth_cycles"", ""synthetic_cycles"": 2000, ""synthetic_samples"": 34316, ""prediction_protocol"": ""one_step_ahead_with_observed_real_lags"", ""validation_mode"": ""full_real_cycle_walk_forward"", ""validation_points"": 12, ""warmup_points"": 3}",15.0,17.0,17.0,14.0,15.0,15.0,15.5
BIM-12,OD,machine_learning,XGBoost,ok,0.001297852024435997,,0.07965864606103584,0.05837556135654449,9.231537872203873,8.570897462388373,-7.634393722660015,-8.497833094926017,-24.665587951371187,-24.180681301583185,13.332793975685593,synthetic_full_cycle,synthetic_growth_cycles,40316.0,12.0,"{""lags"": 3, ""train_source"": ""synthetic_growth_cycles"", ""synthetic_cycles"": 2000, ""synthetic_samples"": 34316, ""prediction_protocol"": ""one_step_ahead_with_observed_real_lags"", ""validation_mode"": ""full_real_cycle_walk_forward"", ""validation_points"": 12, ""warmup_points"": 3}",17.0,13.0,12.0,17.0,17.0,17.0,15.5
BIM-12,OD,machine_learning,Decision_Trees,ok,0.0006870520301163197,,0.10934224455891153,0.08937549226794599,13.948400820499876,12.647872757164649,-15.268292667334752,-16.895121934068225,-17.0640141824991,-16.5791075327111,9.53200709124955,synthetic_full_cycle,synthetic_growth_cycles,40316.0,12.0,"{""lags"": 3, ""train_source"": ""synthetic_growth_cycles"", ""synthetic_cycles"": 2000, ""synthetic_samples"": 34316, ""prediction_protocol"": ""one_step_ahead_with_observed_real_lags"", ""validation_mode"": ""full_real_cycle_walk_forward"", ""validation_points"": 12, ""warmup_points"": 3}",18.0,18.0,18.0,18.0,18.0,18.0,18.0
BIM-12,OD,machine_learning,AdaBoost,ok,0.003054309985600412,,0.12577870741418318,0.11679526152829807,18.182309615439777,16.425411582229806,-20.526838957777354,-22.679522853555092,-13.703024158616959,-13.218117508828959,7.851512079308479,synthetic_full_cycle,synthetic_growth_cycles,40316.0,12.0,"{""lags"": 3, ""train_source"": ""synthetic_growth_cycles"", ""synthetic_cycles"": 2000, ""synthetic_samples"": 34316, ""prediction_protocol"": ""one_step_ahead_with_observed_real_lags"", ""validation_mode"": ""full_real_cycle_walk_forward"", ""validation_points"": 12, ""warmup_points"": 3}",19.0,19.0,19.0,19.0,19.0,19.0,19.0
BIM-13,OD,machine_learning,Lasso,ok,0.0006388908950611949,,0.11765891340810378,0.08143833930460892,15.107315848065731,13.192189536674572,-0.24414135055823794,-0.31326031447814007,-26.84107485596255,-25.84534258240856,14.420537427981275,synthetic_full_cycle,synthetic_growth_cycles,40316.0,20.0,"{""lags"": 3, ""train_source"": ""synthetic_growth_cycles"", ""synthetic_cycles"": 2000, ""synthetic_samples"": 34316, ""prediction_protocol"": ""one_step_ahead_with_observed_real_lags"", ""validation_mode"": ""full_real_cycle_walk_forward"", ""validation_points"": 20, ""warmup_points"": 3}",1.0,1.0,1.0,1.0,1.0,1.0,1.0
BIM-13,OD,machine_learning,Elastic_Net,ok,0.0006709620356559753,,0.11864362970419975,0.08331418804277688,15.429615380864853,13.543962748811584,-0.2650535435736454,-0.33533429599440345,-26.50769816582897,-25.51196589227498,14.253849082914485,synthetic_full_cycle,synthetic_growth_cycles,40316.0,20.0,"{""lags"": 3, ""train_source"": ""synthetic_growth_cycles"", ""synthetic_cycles"": 2000, ""synthetic_samples"": 34316, ""prediction_protocol"": ""one_step_ahead_with_observed_real_lags"", ""validation_mode"": ""full_real_cycle_walk_forward"", ""validation_points"": 20, ""warmup_points"": 3}",3.0,2.0,2.0,3.0,3.0,3.0,2.6666666666666665
BIM-13,OD,machine_learning,Extra_Trees,ok,0.016314634936861694,,0.1181234696657402,0.08900381984676813,16.222908705569566,14.21781983193684,-0.2539853079510126,-0.3236511583927355,-26.683452610325677,-25.687720336771687,14.341726305162839,synthetic_full_cycle,synthetic_growth_cycles,40316.0,20.0,"{""lags"": 3, ""train_source"": ""synthetic_growth_cycles"", ""synthetic_cycles"": 2000, ""synthetic_samples"": 34316, ""prediction_protocol"": ""one_step_ahead_with_observed_real_lags"", ""validation_mode"": ""full_real_cycle_walk_forward"", ""validation_points"": 20, ""warmup_points"": 3}",2.0,6.0,5.0,2.0,2.0,2.0,3.1666666666666665
BIM-13,OD,machine_learning,KNN,ok,0.0013224739814177155,,0.11876029748528212,0.08860980178644293,16.287746517120016,14.129729772828851,-0.26754273843018184,-0.3379617794540808,-26.468383638270645,-25.472651364716654,14.234191819135322,synthetic_full_cycle,synthetic_growth_cycles,40316.0,20.0,"{""lags"": 3, ""train_source"": ""synthetic_growth_cycles"", ""synthetic_cycles"": 2000, ""synthetic_samples"": 34316, ""prediction_protocol"": ""one_step_ahead_with_observed_real_lags"", ""validation_mode"": ""full_real_cycle_walk_forward"", ""validation_points"": 20, ""warmup_points"": 3}",4.0,4.0,3.0,4.0,4.0,4.0,3.8333333333333335
BIM-13,OD,machine_learning,XGBoost,ok,0.0013017429737374187,,0.12034943540304259,0.08826601781845093,16.18415966338965,14.134914491427905,-0.3016918101438073,-0.37400802181846315,-25.936690914043936,-24.940958640489946,13.968345457021968,synthetic_full_cycle,synthetic_growth_cycles,40316.0,20.0,"{""lags"": 3, ""train_source"": ""synthetic_growth_cycles"", ""synthetic_cycles"": 2000, ""synthetic_samples"": 34316, ""prediction_protocol"": ""one_step_ahead_with_observed_real_lags"", ""validation_mode"": ""full_real_cycle_walk_forward"", ""validation_points"": 20, ""warmup_points"": 3}",5.0,3.0,4.0,5.0,5.0,5.0,4.5
BIM-13,OD,machine_learning,LightGBM,ok,0.0014316970482468605,,0.12287910416627972,0.08888952741437996,16.309838574101242,14.227579944362212,-0.3569883871446964,-0.43237663087495726,-25.10463066872623,-24.10889839517224,13.552315334363115,synthetic_full_cycle,synthetic_growth_cycles,40316.0,20.0,"{""lags"": 3, ""train_source"": ""synthetic_growth_cycles"", ""synthetic_cycles"": 2000, ""synthetic_samples"": 34316, ""prediction_protocol"": ""one_step_ahead_with_observed_real_lags"", ""validation_mode"": ""full_real_cycle_walk_forward"", ""validation_points"": 20, ""warmup_points"": 3}",7.0,5.0,6.0,7.0,7.0,7.0,6.5
BIM-13,OD,machine_learning,Random_Forest,ok,0.015852430020458996,,0.12185373892127013,0.09533622505053412,17.356577057356287,15.281509672965768,-0.3344360837044207,-0.4085714216879994,-25.439811262174423,-24.444078988620433,13.719905631087212,synthetic_full_cycle,synthetic_growth_cycles,40316.0,20.0,"{""lags"": 3, ""train_source"": ""synthetic_growth_cycles"", ""synthetic_cycles"": 2000, ""synthetic_samples"": 34316, ""prediction_protocol"": ""one_step_ahead_with_observed_real_lags"", ""validation_mode"": ""full_real_cycle_walk_forward"", ""validation_points"": 20, ""warmup_points"": 3}",6.0,11.0,11.0,6.0,6.0,6.0,7.666666666666667
BIM-13,OD,machine_learning,Gradient_Boosting,ok,0.0008229970699176192,,0.12398914190565188,0.09193767860107473,16.814370857215767,14.903336165742848,-0.3816160405983602,-0.45837248729826907,-24.744909971339645,-23.749177697785655,13.372454985669822,synthetic_full_cycle,synthetic_growth_cycles,40316.0,20.0,"{""lags"": 3, ""train_source"": ""synthetic_growth_cycles"", ""synthetic_cycles"": 2000, ""synthetic_samples"": 34316, ""prediction_protocol"": ""one_step_ahead_with_observed_real_lags"", ""validation_mode"": ""full_real_cycle_walk_forward"", ""validation_points"": 20, ""warmup_points"": 3}",8.0,7.0,8.0,8.0,8.0,8.0,7.833333333333333
BIM-13,OD,machine_learning,CatBoost,ok,0.0014997490216046572,,0.12544756164875348,0.09329778414296686,17.187047431542837,14.984640797549325,-0.4143096561435373,-0.4928824148181783,-24.27715639965154,-23.281424126097548,13.13857819982577,synthetic_full_cycle,synthetic_growth_cycles,40316.0,20.0,"{""lags"": 3, ""train_source"": ""synthetic_growth_cycles"", ""synthetic_cycles"": 2000, ""synthetic_samples"": 34316, ""prediction_protocol"": ""one_step_ahead_with_observed_real_lags"", ""validation_mode"": ""full_real_cycle_walk_forward"", ""validation_points"": 20, ""warmup_points"": 3}",9.0,9.0,9.0,9.0,9.0,9.0,9.0
BIM-13,OD,deep_learning,MLP,ok,0.0014145859749987721,,0.12663323795554834,0.09219226661779927,16.91720471829851,14.794359019821798,-0.4719798618267077,-0.5585669125223962,-22.60582564245386,-21.661386663287416,12.30291282122693,synthetic_full_cycle,synthetic_growth_cycles,40316.0,19.0,"{""lags"": 4, ""train_source"": ""synthetic_growth_cycles"", ""synthetic_cycles"": 2000, ""synthetic_samples"": 32316, ""prediction_protocol"": ""one_step_ahead_with_observed_real_lags"", ""validation_mode"": ""full_real_cycle_walk_forward"", ""validation_points"": 19, ""warmup_points"": 4}",11.0,8.0,7.0,14.0,14.0,11.0,10.833333333333334
BIM-13,OD,machine_learning,PLS,ok,0.0013116230256855488,,0.12838485515776024,0.09470222625835156,17.648262230830387,15.109530311311545,-0.4813157788603921,-0.5636110999081916,-23.35137247852169,-22.3556402049677,12.675686239260845,synthetic_full_cycle,synthetic_growth_cycles,40316.0,20.0,"{""lags"": 3, ""train_source"": ""synthetic_growth_cycles"", ""synthetic_cycles"": 2000, ""synthetic_samples"": 34316, ""prediction_protocol"": ""one_step_ahead_with_observed_real_lags"", ""validation_mode"": ""full_real_cycle_walk_forward"", ""validation_points"": 20, ""warmup_points"": 3}",12.0,10.0,10.0,11.0,11.0,12.0,11.0
BIM-13,OD,machine_learning,Decision_Trees,ok,0.0006570720579475164,,0.12662847729878476,0.09939088795247708,17.80895585730989,15.764367669349866,-0.4410625337052667,-0.5211215633555595,-23.902372887739766,-22.906640614185775,12.951186443869883,synthetic_full_cycle,synthetic_growth_cycles,40316.0,20.0,"{""lags"": 3, ""train_source"": ""synthetic_growth_cycles"", ""synthetic_cycles"": 2000, ""synthetic_samples"": 34316, ""prediction_protocol"": ""one_step_ahead_with_observed_real_lags"", ""validation_mode"": ""full_real_cycle_walk_forward"", ""validation_points"": 20, ""warmup_points"": 3}",10.0,14.0,14.0,10.0,10.0,10.0,11.333333333333334
BIM-13,OD,machine_learning,SVR,ok,0.015601501916535199,,0.12938731654002852,0.09805170226736434,17.956335257922802,15.558007956527204,-0.5045390685561058,-0.5881245723647783,-23.040255439187735,-22.044523165633745,12.520127719593868,synthetic_full_cycle,synthetic_growth_cycles,40316.0,20.0,"{""lags"": 3, ""train_source"": ""synthetic_growth_cycles"", ""synthetic_cycles"": 2000, ""synthetic_samples"": 34316, ""prediction_protocol"": ""one_step_ahead_with_observed_real_lags"", ""validation_mode"": ""full_real_cycle_walk_forward"", ""validation_points"": 20, ""warmup_points"": 3}",13.0,13.0,13.0,12.0,12.0,13.0,12.666666666666666
BIM-13,OD,machine_learning,PCR,ok,0.0008934889920055866,,0.12962455339066722,0.09629486362360404,17.91995922801529,15.339244370568903,-0.5100613924520356,-0.5939536920327042,-22.96698098515015,-21.97124871159616,12.483490492575076,synthetic_full_cycle,synthetic_growth_cycles,40316.0,20.0,"{""lags"": 3, ""train_source"": ""synthetic_growth_cycles"", ""synthetic_cycles"": 2000, ""synthetic_samples"": 34316, ""prediction_protocol"": ""one_step_ahead_with_observed_real_lags"", ""validation_mode"": ""full_real_cycle_walk_forward"", ""validation_points"": 20, ""warmup_points"": 3}",14.0,12.0,12.0,13.0,13.0,14.0,13.0
BIM-13,OD,machine_learning,Ridge,ok,0.0006333909695968032,,0.1338270674237044,0.10170995747827782,18.595132715300874,17.007706443049493,-0.6095630017961842,-0.6989831685626389,-21.69073283626748,-20.69500056271349,11.84536641813374,synthetic_full_cycle,synthetic_growth_cycles,40316.0,20.0,"{""lags"": 3, ""train_source"": ""synthetic_growth_cycles"", ""synthetic_cycles"": 2000, ""synthetic_samples"": 34316, ""prediction_protocol"": ""one_step_ahead_with_observed_real_lags"", ""validation_mode"": ""full_real_cycle_walk_forward"", ""validation_points"": 20, ""warmup_points"": 3}",15.0,15.0,16.0,15.0,15.0,15.0,15.166666666666666
BIM-13,OD,machine_learning,Linear_Regression,ok,0.0005212880205363035,,0.13560457873115858,0.10371205118462197,18.93281067943015,17.389019476453434,-0.65260387113967,-0.7444151973140962,-21.162944175490843,-20.167211901936852,11.581472087745421,synthetic_full_cycle,synthetic_growth_cycles,40316.0,20.0,"{""lags"": 3, ""train_source"": ""synthetic_growth_cycles"", ""synthetic_cycles"": 2000, ""synthetic_samples"": 34316, ""prediction_protocol"": ""one_step_ahead_with_observed_real_lags"", ""validation_mode"": ""full_real_cycle_walk_forward"", ""validation_points"": 20, ""warmup_points"": 3}",16.0,16.0,18.0,16.0,16.0,16.0,16.333333333333332
BIM-13,OD,machine_learning,Polynomial_Regression,ok,0.0008069060277193785,,0.13570821259442858,0.10378560002633044,18.894496760674162,17.260485668082033,-0.6551307941818916,-0.7470825049697742,-21.13238642174726,-20.13665414819327,11.56619321087363,synthetic_full_cycle,synthetic_growth_cycles,40316.0,20.0,"{""lags"": 3, ""train_source"": ""synthetic_growth_cycles"", ""synthetic_cycles"": 2000, ""synthetic_samples"": 34316, ""prediction_protocol"": ""one_step_ahead_with_observed_real_lags"", ""validation_mode"": ""full_real_cycle_walk_forward"", ""validation_points"": 20, ""warmup_points"": 3}",17.0,17.0,17.0,17.0,17.0,17.0,17.0
BIM-13,OD,machine_learning,AdaBoost,ok,0.003206955036148429,,0.14006357890837876,0.10735076244677537,19.755452322038916,16.70582535123098,-0.7630738195935307,-0.8610223651265048,-19.868811647857143,-18.873079374303153,10.934405823928572,synthetic_full_cycle,synthetic_growth_cycles,40316.0,20.0,"{""lags"": 3, ""train_source"": ""synthetic_growth_cycles"", ""synthetic_cycles"": 2000, ""synthetic_samples"": 34316, ""prediction_protocol"": ""one_step_ahead_with_observed_real_lags"", ""validation_mode"": ""full_real_cycle_walk_forward"", ""validation_points"": 20, ""warmup_points"": 3}",18.0,18.0,15.0,18.0,18.0,18.0,17.5
BIM-13,OD,machine_learning,Gaussian_Process_Regression,ok,0.005364735960029066,,0.23150169031420173,0.14627243392107792,25.850307630946386,24.056200659820355,-3.8164648005980535,-4.084046178409057,0.23081717181574302,1.2265494453697339,0.8845914140921285,synthetic_full_cycle,synthetic_growth_cycles,40316.0,20.0,"{""lags"": 3, ""train_source"": ""synthetic_growth_cycles"", ""synthetic_cycles"": 2000, ""synthetic_samples"": 34316, ""prediction_protocol"": ""one_step_ahead_with_observed_real_lags"", ""validation_mode"": ""full_real_cycle_walk_forward"", ""validation_points"": 20, ""warmup_points"": 3}",19.0,19.0,19.0,19.0,19.0,19.0,19.0
BIM-14,OD,machine_learning,Elastic_Net,ok,0.0006233210442587733,,0.0720281729262011,0.05530215004503269,9.546554548468094,8.90143514988037,-0.053630468378362606,-0.13467896594592887,-34.35278237961838,-33.64473217851617,18.17639118980919,synthetic_full_cycle,synthetic_growth_cycles,40316.0,15.0,"{""lags"": 3, ""train_source"": ""synthetic_growth_cycles"", ""synthetic_cycles"": 2000, ""synthetic_samples"": 34316, ""prediction_protocol"": ""one_step_ahead_with_observed_real_lags"", ""validation_mode"": ""full_real_cycle_walk_forward"", ""validation_points"": 15, ""warmup_points"": 3}",1.0,1.0,1.0,1.0,1.0,1.0,1.0
BIM-14,OD,machine_learning,Polynomial_Regression,ok,0.0007447539828717709,,0.07303588965614724,0.057232378090180905,9.37755273435122,8.996533704691519,-0.08331852901319814,-0.16665072355267485,-33.9359735895606,-33.227923388458386,17.9679867947803,synthetic_full_cycle,synthetic_growth_cycles,40316.0,15.0,"{""lags"": 3, ""train_source"": ""synthetic_growth_cycles"", ""synthetic_cycles"": 2000, ""synthetic_samples"": 34316, ""prediction_protocol"": ""one_step_ahead_with_observed_real_lags"", ""validation_mode"": ""full_real_cycle_walk_forward"", ""validation_points"": 15, ""warmup_points"": 3}",2.0,3.0,2.0,2.0,2.0,2.0,2.1666666666666665
BIM-14,OD,machine_learning,Lasso,ok,0.0006870029028505087,,0.07327013836604415,0.05599949097659337,9.710224522030144,9.022834115119318,-0.09027874876372222,-0.17414634482247004,-33.83990827500268,-33.13185807390047,17.91995413750134,synthetic_full_cycle,synthetic_growth_cycles,40316.0,15.0,"{""lags"": 3, ""train_source"": ""synthetic_growth_cycles"", ""synthetic_cycles"": 2000, ""synthetic_samples"": 34316, ""prediction_protocol"": ""one_step_ahead_with_observed_real_lags"", ""validation_mode"": ""full_real_cycle_walk_forward"", ""validation_points"": 15, ""warmup_points"": 3}",3.0,2.0,3.0,3.0,3.0,3.0,2.8333333333333335
BIM-14,OD,machine_learning,Ridge,ok,0.0006152999121695757,,0.07422913609903013,0.058775912624958515,9.825884048116421,9.368397780416675,-0.11900579598795957,-0.20508316491011036,-33.449800086414676,-32.741749885312466,17.724900043207338,synthetic_full_cycle,synthetic_growth_cycles,40316.0,15.0,"{""lags"": 3, ""train_source"": ""synthetic_growth_cycles"", ""synthetic_cycles"": 2000, ""synthetic_samples"": 34316, ""prediction_protocol"": ""one_step_ahead_with_observed_real_lags"", ""validation_mode"": ""full_real_cycle_walk_forward"", ""validation_points"": 15, ""warmup_points"": 3}",4.0,4.0,5.0,4.0,4.0,4.0,4.166666666666667
BIM-14,OD,machine_learning,Linear_Regression,ok,0.0005292779533192515,,0.07514810718340786,0.05943632424276699,9.914560148570185,9.46452517765755,-0.1468843221575089,-0.23510619309270187,-33.08067451227654,-32.37262431117433,17.54033725613827,synthetic_full_cycle,synthetic_growth_cycles,40316.0,15.0,"{""lags"": 3, ""train_source"": ""synthetic_growth_cycles"", ""synthetic_cycles"": 2000, ""synthetic_samples"": 34316, ""prediction_protocol"": ""one_step_ahead_with_observed_real_lags"", ""validation_mode"": ""full_real_cycle_walk_forward"", ""validation_points"": 15, ""warmup_points"": 3}",5.0,6.0,6.0,5.0,5.0,5.0,5.333333333333333
BIM-14,OD,machine_learning,SVR,ok,0.02009239001199603,,0.07539652641759752,0.058817204724398706,9.95395080766874,9.324957582575417,-0.1544794313400204,-0.243285541443099,-32.98166621670637,-32.27361601560416,17.490833108353186,synthetic_full_cycle,synthetic_growth_cycles,40316.0,15.0,"{""lags"": 3, ""train_source"": ""synthetic_growth_cycles"", ""synthetic_cycles"": 2000, ""synthetic_samples"": 34316, ""prediction_protocol"": ""one_step_ahead_with_observed_real_lags"", ""validation_mode"": ""full_real_cycle_walk_forward"", ""validation_points"": 15, ""warmup_points"": 3}",6.0,5.0,4.0,6.0,6.0,6.0,5.5
BIM-14,OD,machine_learning,Gaussian_Process_Regression,ok,0.004156915936619043,,0.08348422643986787,0.06669143747724672,11.464564284810015,10.5762062388052,-0.41544297881678927,-0.5243232079565421,-29.9247711003159,-29.21672089921369,15.96238555015795,synthetic_full_cycle,synthetic_growth_cycles,40316.0,15.0,"{""lags"": 3, ""train_source"": ""synthetic_growth_cycles"", ""synthetic_cycles"": 2000, ""synthetic_samples"": 34316, ""prediction_protocol"": ""one_step_ahead_with_observed_real_lags"", ""validation_mode"": ""full_real_cycle_walk_forward"", ""validation_points"": 15, ""warmup_points"": 3}",7.0,7.0,7.0,7.0,7.0,7.0,7.0
BIM-14,OD,machine_learning,LightGBM,ok,0.0025564039824530482,,0.0847105414353228,0.06870001292134884,11.575582243402707,10.777504535475213,-0.4573317908989176,-0.5694342363526805,-29.487300871610575,-28.779250670508365,15.743650435805288,synthetic_full_cycle,synthetic_growth_cycles,40316.0,15.0,"{""lags"": 3, ""train_source"": ""synthetic_growth_cycles"", ""synthetic_cycles"": 2000, ""synthetic_samples"": 34316, ""prediction_protocol"": ""one_step_ahead_with_observed_real_lags"", ""validation_mode"": ""full_real_cycle_walk_forward"", ""validation_points"": 15, ""warmup_points"": 3}",8.0,8.0,8.0,8.0,8.0,8.0,8.0
BIM-14,OD,machine_learning,Gradient_Boosting,ok,0.0008164370665326715,,0.08588528855946981,0.07050065353189625,11.930051173403914,11.06391186047089,-0.4980319704758065,-0.6132651989739453,-29.07412581575933,-28.36607561465712,15.537062907879665,synthetic_full_cycle,synthetic_growth_cycles,40316.0,15.0,"{""lags"": 3, ""train_source"": ""synthetic_growth_cycles"", ""synthetic_cycles"": 2000, ""synthetic_samples"": 34316, ""prediction_protocol"": ""one_step_ahead_with_observed_real_lags"", ""validation_mode"": ""full_real_cycle_walk_forward"", ""validation_points"": 15, ""warmup_points"": 3}",9.0,9.0,9.0,9.0,9.0,9.0,9.0
BIM-14,OD,machine_learning,Extra_Trees,ok,0.015812930068932474,,0.08746349789959555,0.07181736749208192,12.318476676031356,11.326397392462551,-0.5535928278352167,-0.6730999684379255,-28.5278561894189,-27.819805988316688,15.26392809470945,synthetic_full_cycle,synthetic_growth_cycles,40316.0,15.0,"{""lags"": 3, ""train_source"": ""synthetic_growth_cycles"", ""synthetic_cycles"": 2000, ""synthetic_samples"": 34316, ""prediction_protocol"": ""one_step_ahead_with_observed_real_lags"", ""validation_mode"": ""full_real_cycle_walk_forward"", ""validation_points"": 15, ""warmup_points"": 3}",10.0,11.0,12.0,10.0,10.0,10.0,10.5
BIM-14,OD,machine_learning,CatBoost,ok,0.0011585480533540249,,0.08746818925768644,0.07074200185671502,11.977499865418304,11.132570535166707,-0.5537594952090741,-0.6732794563790028,-28.52624709566296,-27.81819689456075,15.26312354783148,synthetic_full_cycle,synthetic_growth_cycles,40316.0,15.0,"{""lags"": 3, ""train_source"": ""synthetic_growth_cycles"", ""synthetic_cycles"": 2000, ""synthetic_samples"": 34316, ""prediction_protocol"": ""one_step_ahead_with_observed_real_lags"", ""validation_mode"": ""full_real_cycle_walk_forward"", ""validation_points"": 15, ""warmup_points"": 3}",11.0,10.0,10.0,11.0,11.0,11.0,10.666666666666666
BIM-14,OD,machine_learning,XGBoost,ok,0.0017579670529812574,,0.0910176898702666,0.0726423027674357,12.305691947141092,11.318558251110012,-0.6824227820995896,-0.8118399191841734,-27.332885919218818,-26.624835718116607,14.666442959609409,synthetic_full_cycle,synthetic_growth_cycles,40316.0,15.0,"{""lags"": 3, ""train_source"": ""synthetic_growth_cycles"", ""synthetic_cycles"": 2000, ""synthetic_samples"": 34316, ""prediction_protocol"": ""one_step_ahead_with_observed_real_lags"", ""validation_mode"": ""full_real_cycle_walk_forward"", ""validation_points"": 15, ""warmup_points"": 3}",12.0,12.0,11.0,12.0,12.0,13.0,12.0
BIM-14,OD,deep_learning,MLP,ok,0.0010623648995533586,,0.0928862659460331,0.07552180038162257,13.021442617850104,11.919511670878254,-0.6444995314401831,-0.7815411590601984,-24.808346539821116,-24.169289210205857,13.404173269910558,synthetic_full_cycle,synthetic_growth_cycles,40316.0,14.0,"{""lags"": 4, ""train_source"": ""synthetic_growth_cycles"", ""synthetic_cycles"": 2000, ""synthetic_samples"": 32316, ""prediction_protocol"": ""one_step_ahead_with_observed_real_lags"", ""validation_mode"": ""full_real_cycle_walk_forward"", ""validation_points"": 14, ""warmup_points"": 4}",13.0,13.0,13.0,15.0,15.0,12.0,13.5
BIM-14,OD,machine_learning,Random_Forest,ok,0.0335373911075294,,0.09452075145850286,0.07681172139439515,13.18729010173915,12.013180560109983,-0.814420128480486,-0.9539909075943696,-26.199920296933772,-25.491870095831562,14.099960148466886,synthetic_full_cycle,synthetic_growth_cycles,40316.0,15.0,"{""lags"": 3, ""train_source"": ""synthetic_growth_cycles"", ""synthetic_cycles"": 2000, ""synthetic_samples"": 34316, ""prediction_protocol"": ""one_step_ahead_with_observed_real_lags"", ""validation_mode"": ""full_real_cycle_walk_forward"", ""validation_points"": 15, ""warmup_points"": 3}",14.0,14.0,14.0,13.0,13.0,14.0,13.666666666666666
BIM-14,OD,machine_learning,KNN,ok,0.0021250999998301268,,0.09501766935688119,0.08060190647414404,13.779897302275787,12.670025377236655,-0.8335479460644861,-0.9745900957617541,-26.04261634723575,-25.33456614613354,14.021308173617875,synthetic_full_cycle,synthetic_growth_cycles,40316.0,15.0,"{""lags"": 3, ""train_source"": ""synthetic_growth_cycles"", ""synthetic_cycles"": 2000, ""synthetic_samples"": 34316, ""prediction_protocol"": ""one_step_ahead_with_observed_real_lags"", ""validation_mode"": ""full_real_cycle_walk_forward"", ""validation_points"": 15, ""warmup_points"": 3}",15.0,15.0,16.0,14.0,14.0,15.0,14.833333333333334
BIM-14,OD,machine_learning,Decision_Trees,ok,0.0006385500309988856,,0.10031523770141632,0.08077835186832397,13.58082714583938,12.48136118152084,-1.0437009032396753,-1.2009086650273426,-24.414974232940807,-23.706924031838597,13.207487116470404,synthetic_full_cycle,synthetic_growth_cycles,40316.0,15.0,"{""lags"": 3, ""train_source"": ""synthetic_growth_cycles"", ""synthetic_cycles"": 2000, ""synthetic_samples"": 34316, ""prediction_protocol"": ""one_step_ahead_with_observed_real_lags"", ""validation_mode"": ""full_real_cycle_walk_forward"", ""validation_points"": 15, ""warmup_points"": 3}",16.0,16.0,15.0,16.0,16.0,16.0,15.833333333333334
BIM-14,OD,machine_learning,PLS,ok,0.0006421708967536688,,0.10729848091350015,0.08297440141714076,14.831980067556588,13.057330941355778,-1.3381408556647654,-1.5179978445620552,-22.396067608526234,-21.688017407424024,12.198033804263117,synthetic_full_cycle,synthetic_growth_cycles,40316.0,15.0,"{""lags"": 3, ""train_source"": ""synthetic_growth_cycles"", ""synthetic_cycles"": 2000, ""synthetic_samples"": 34316, ""prediction_protocol"": ""one_step_ahead_with_observed_real_lags"", ""validation_mode"": ""full_real_cycle_walk_forward"", ""validation_points"": 15, ""warmup_points"": 3}",17.0,17.0,17.0,17.0,17.0,17.0,17.0
BIM-14,OD,machine_learning,PCR,ok,0.0016862349584698677,,0.10897354411986877,0.08408912773460166,15.039302460628354,13.20961237422561,-1.4117132804524273,-1.5972296866410756,-21.931348225146035,-21.223298024043824,11.965674112573017,synthetic_full_cycle,synthetic_growth_cycles,40316.0,15.0,"{""lags"": 3, ""train_source"": ""synthetic_growth_cycles"", ""synthetic_cycles"": 2000, ""synthetic_samples"": 34316, ""prediction_protocol"": ""one_step_ahead_with_observed_real_lags"", ""validation_mode"": ""full_real_cycle_walk_forward"", ""validation_points"": 15, ""warmup_points"": 3}",18.0,18.0,18.0,18.0,18.0,18.0,18.0
BIM-14,OD,machine_learning,AdaBoost,ok,0.0033383200643584132,,0.12882442648145895,0.11281966329575342,19.16886526625902,16.952317348407465,-2.3703884598484746,-2.6296491106060498,-16.910989104780256,-16.202938903678046,9.455494552390128,synthetic_full_cycle,synthetic_growth_cycles,40316.0,15.0,"{""lags"": 3, ""train_source"": ""synthetic_growth_cycles"", ""synthetic_cycles"": 2000, ""synthetic_samples"": 34316, ""prediction_protocol"": ""one_step_ahead_with_observed_real_lags"", ""validation_mode"": ""full_real_cycle_walk_forward"", ""validation_points"": 15, ""warmup_points"": 3}",19.0,19.0,19.0,19.0,19.0,19.0,19.0
BIM-15,OD,machine_learning,Ridge,ok,0.0006165601080283523,,0.0833437869750041,0.06984191216140646,9.93142649841632,9.852452057040423,0.34128715558568,0.26809683953964436,-21.448538976514996,-21.050643703716624,11.724269488257498,synthetic_full_cycle,synthetic_growth_cycles,40316.0,11.0,"{""lags"": 3, ""train_source"": ""synthetic_growth_cycles"", ""synthetic_cycles"": 2000, ""synthetic_samples"": 34316, ""prediction_protocol"": ""one_step_ahead_with_observed_real_lags"", ""validation_mode"": ""full_real_cycle_walk_forward"", ""validation_points"": 11, ""warmup_points"": 3}",2.0,4.0,4.0,1.0,1.0,2.0,2.3333333333333335
BIM-15,OD,machine_learning,Elastic_Net,ok,0.0005999099230393767,,0.08341710131477773,0.06843096596997472,10.073763364237728,9.793411899974663,0.34012775691093833,0.26680861878993145,-21.42919492533517,-21.031299652536802,11.714597462667586,synthetic_full_cycle,synthetic_growth_cycles,40316.0,11.0,"{""lags"": 3, ""train_source"": ""synthetic_growth_cycles"", ""synthetic_cycles"": 2000, ""synthetic_samples"": 34316, ""prediction_protocol"": ""one_step_ahead_with_observed_real_lags"", ""validation_mode"": ""full_real_cycle_walk_forward"", ""validation_points"": 11, ""warmup_points"": 3}",3.0,3.0,3.0,2.0,2.0,3.0,2.6666666666666665
BIM-15,OD,machine_learning,Lasso,ok,0.0006379410624504089,,0.08356960668349804,0.06760103002869083,9.992739797785898,9.663345219881675,0.33771275928842237,0.264125288098247,-21.389010660552945,-20.991115387754576,11.694505330276472,synthetic_full_cycle,synthetic_growth_cycles,40316.0,11.0,"{""lags"": 3, ""train_source"": ""synthetic_growth_cycles"", ""synthetic_cycles"": 2000, ""synthetic_samples"": 34316, ""prediction_protocol"": ""one_step_ahead_with_observed_real_lags"", ""validation_mode"": ""full_real_cycle_walk_forward"", ""validation_points"": 11, ""warmup_points"": 3}",4.0,2.0,2.0,3.0,3.0,4.0,3.0
BIM-15,OD,deep_learning,MLP,ok,0.0014088359894230962,,0.0767887401377318,0.061313483137617274,8.491673572117113,8.166389638121847,0.39464605753853954,0.31897681473085693,-20.955174583249878,-20.65258949025583,11.477587291624939,synthetic_full_cycle,synthetic_growth_cycles,40316.0,10.0,"{""lags"": 4, ""train_source"": ""synthetic_growth_cycles"", ""synthetic_cycles"": 2000, ""synthetic_samples"": 32316, ""prediction_protocol"": ""one_step_ahead_with_observed_real_lags"", ""validation_mode"": ""full_real_cycle_walk_forward"", ""validation_points"": 10, ""warmup_points"": 4}",1.0,1.0,1.0,8.0,7.0,1.0,3.1666666666666665
BIM-15,OD,machine_learning,Linear_Regression,ok,0.0005073570646345615,,0.08373254536105977,0.07004597715157318,9.937330268482423,9.8574578932375,0.3351276709622638,0.2612529677358487,-21.346158228639556,-20.948262955841187,11.673079114319778,synthetic_full_cycle,synthetic_growth_cycles,40316.0,11.0,"{""lags"": 3, ""train_source"": ""synthetic_growth_cycles"", ""synthetic_cycles"": 2000, ""synthetic_samples"": 34316, ""prediction_protocol"": ""one_step_ahead_with_observed_real_lags"", ""validation_mode"": ""full_real_cycle_walk_forward"", ""validation_points"": 11, ""warmup_points"": 3}",5.0,5.0,5.0,4.0,4.0,5.0,4.666666666666667
BIM-15,OD,machine_learning,CatBoost,ok,0.0012506210478022695,,0.08433202357535736,0.07208840461637933,10.256962055680496,10.103138731080966,0.32557336284474536,0.2506370698274948,-21.18921168444418,-20.79131641164581,11.59460584222209,synthetic_full_cycle,synthetic_growth_cycles,40316.0,11.0,"{""lags"": 3, ""train_source"": ""synthetic_growth_cycles"", ""synthetic_cycles"": 2000, ""synthetic_samples"": 34316, ""prediction_protocol"": ""one_step_ahead_with_observed_real_lags"", ""validation_mode"": ""full_real_cycle_walk_forward"", ""validation_points"": 11, ""warmup_points"": 3}",7.0,6.0,6.0,6.0,6.0,7.0,6.333333333333333
BIM-15,OD,machine_learning,LightGBM,ok,0.0014113570796325803,,0.08425623784964796,0.07371804145779423,10.667333463720711,10.381381387979156,0.3267849772204132,0.2519833080226813,-21.208991069602096,-20.811095796803727,11.604495534801048,synthetic_full_cycle,synthetic_growth_cycles,40316.0,11.0,"{""lags"": 3, ""train_source"": ""synthetic_growth_cycles"", ""synthetic_cycles"": 2000, ""synthetic_samples"": 34316, ""prediction_protocol"": ""one_step_ahead_with_observed_real_lags"", ""validation_mode"": ""full_real_cycle_walk_forward"", ""validation_points"": 11, ""warmup_points"": 3}",6.0,8.0,9.0,5.0,5.0,6.0,6.5
BIM-15,OD,machine_learning,Gradient_Boosting,ok,0.0008270270191133022,,0.08502751223848742,0.07230357080545488,10.642936666428964,10.263757993437332,0.31440346035960376,0.2382260670662264,-21.008521101810437,-20.610625829012065,11.504260550905219,synthetic_full_cycle,synthetic_growth_cycles,40316.0,11.0,"{""lags"": 3, ""train_source"": ""synthetic_growth_cycles"", ""synthetic_cycles"": 2000, ""synthetic_samples"": 34316, ""prediction_protocol"": ""one_step_ahead_with_observed_real_lags"", ""validation_mode"": ""full_real_cycle_walk_forward"", ""validation_points"": 11, ""warmup_points"": 3}",8.0,7.0,7.0,7.0,8.0,8.0,7.5
BIM-15,OD,machine_learning,XGBoost,ok,0.0016993859317153692,,0.08578777616355428,0.07396328379891137,10.55667863340096,10.308580687842918,0.3020882795099057,0.2245425327887841,-20.81268480456806,-20.414789531769692,11.40634240228403,synthetic_full_cycle,synthetic_growth_cycles,40316.0,11.0,"{""lags"": 3, ""train_source"": ""synthetic_growth_cycles"", ""synthetic_cycles"": 2000, ""synthetic_samples"": 34316, ""prediction_protocol"": ""one_step_ahead_with_observed_real_lags"", ""validation_mode"": ""full_real_cycle_walk_forward"", ""validation_points"": 11, ""warmup_points"": 3}",9.0,9.0,8.0,9.0,9.0,9.0,8.833333333333334
BIM-15,OD,machine_learning,Extra_Trees,ok,0.014951300923712552,,0.08835157934153166,0.07557818462016605,10.948121643506447,10.593310985221205,0.25975018713082676,0.1775002079231408,-20.16483876653775,-19.766943493739376,11.082419383268874,synthetic_full_cycle,synthetic_growth_cycles,40316.0,11.0,"{""lags"": 3, ""train_source"": ""synthetic_growth_cycles"", ""synthetic_cycles"": 2000, ""synthetic_samples"": 34316, ""prediction_protocol"": ""one_step_ahead_with_observed_real_lags"", ""validation_mode"": ""full_real_cycle_walk_forward"", ""validation_points"": 11, ""warmup_points"": 3}",10.0,10.0,10.0,10.0,10.0,10.0,10.0
BIM-15,OD,machine_learning,SVR,ok,0.015112326014786959,,0.0910722646280236,0.07736947715459773,11.268615144483588,10.93292260173237,0.21345795347042718,0.1260643927449191,-19.49759562748723,-19.099700354688856,10.748797813743614,synthetic_full_cycle,synthetic_growth_cycles,40316.0,11.0,"{""lags"": 3, ""train_source"": ""synthetic_growth_cycles"", ""synthetic_cycles"": 2000, ""synthetic_samples"": 34316, ""prediction_protocol"": ""one_step_ahead_with_observed_real_lags"", ""validation_mode"": ""full_real_cycle_walk_forward"", ""validation_points"": 11, ""warmup_points"": 3}",12.0,11.0,11.0,12.0,12.0,12.0,11.666666666666666
BIM-15,OD,machine_learning,Random_Forest,ok,0.02230902190785855,,0.08944809436761673,0.08075602985980225,11.662801173667269,11.274416433244383,0.24126196208508266,0.15695773565009175,-19.893481278530707,-19.495586005732335,10.946740639265354,synthetic_full_cycle,synthetic_growth_cycles,40316.0,11.0,"{""lags"": 3, ""train_source"": ""synthetic_growth_cycles"", ""synthetic_cycles"": 2000, ""synthetic_samples"": 34316, ""prediction_protocol"": ""one_step_ahead_with_observed_real_lags"", ""validation_mode"": ""full_real_cycle_walk_forward"", ""validation_points"": 11, ""warmup_points"": 3}",11.0,14.0,13.0,11.0,11.0,11.0,11.833333333333334
BIM-15,OD,machine_learning,Polynomial_Regression,ok,0.0009232109878212214,,0.09243283219221768,0.0781080319896858,11.257216726642307,11.372151915431566,0.1897814309301924,0.09975714547799164,-19.17135907673214,-18.773463803933772,10.58567953836607,synthetic_full_cycle,synthetic_growth_cycles,40316.0,11.0,"{""lags"": 3, ""train_source"": ""synthetic_growth_cycles"", ""synthetic_cycles"": 2000, ""synthetic_samples"": 34316, ""prediction_protocol"": ""one_step_ahead_with_observed_real_lags"", ""validation_mode"": ""full_real_cycle_walk_forward"", ""validation_points"": 11, ""warmup_points"": 3}",13.0,12.0,15.0,13.0,13.0,13.0,13.166666666666666
BIM-15,OD,machine_learning,Decision_Trees,ok,0.0009686310077086091,,0.0994596977402562,0.0799762950694865,11.918356539334402,11.26054588732235,0.06191121917639952,-0.04232086758177811,-17.559413093078568,-17.161517820280196,9.779706546539284,synthetic_full_cycle,synthetic_growth_cycles,40316.0,11.0,"{""lags"": 3, ""train_source"": ""synthetic_growth_cycles"", ""synthetic_cycles"": 2000, ""synthetic_samples"": 34316, ""prediction_protocol"": ""one_step_ahead_with_observed_real_lags"", ""validation_mode"": ""full_real_cycle_walk_forward"", ""validation_points"": 11, ""warmup_points"": 3}",14.0,13.0,12.0,14.0,14.0,14.0,13.5
BIM-15,OD,machine_learning,KNN,ok,0.0010154640767723322,,0.10167311735165592,0.08096361351625937,11.94614432142609,11.323209771688832,0.019693345356395442,-0.08922961627067183,-17.07518383078963,-16.67728855799126,9.537591915394815,synthetic_full_cycle,synthetic_growth_cycles,40316.0,11.0,"{""lags"": 3, ""train_source"": ""synthetic_growth_cycles"", ""synthetic_cycles"": 2000, ""synthetic_samples"": 34316, ""prediction_protocol"": ""one_step_ahead_with_observed_real_lags"", ""validation_mode"": ""full_real_cycle_walk_forward"", ""validation_points"": 11, ""warmup_points"": 3}",16.0,15.0,14.0,16.0,16.0,16.0,15.5
BIM-15,OD,machine_learning,Gaussian_Process_Regression,ok,0.0032216659747064114,,0.09986021980011653,0.08859222168226656,13.088662998786072,12.434819037278512,0.054340679990659724,-0.050732577788155986,-17.470997471744333,-17.07310219894596,9.735498735872167,synthetic_full_cycle,synthetic_growth_cycles,40316.0,11.0,"{""lags"": 3, ""train_source"": ""synthetic_growth_cycles"", ""synthetic_cycles"": 2000, ""synthetic_samples"": 34316, ""prediction_protocol"": ""one_step_ahead_with_observed_real_lags"", ""validation_mode"": ""full_real_cycle_walk_forward"", ""validation_points"": 11, ""warmup_points"": 3}",15.0,17.0,17.0,15.0,15.0,15.0,15.666666666666666
BIM-15,OD,machine_learning,AdaBoost,ok,0.002960046986117959,,0.10452615149449197,0.08702244357110257,13.595175018123488,12.416205034409435,-0.03609503611111031,-0.15121670679012245,-16.46634794718963,-16.06845267439126,9.233173973594814,synthetic_full_cycle,synthetic_growth_cycles,40316.0,11.0,"{""lags"": 3, ""train_source"": ""synthetic_growth_cycles"", ""synthetic_cycles"": 2000, ""synthetic_samples"": 34316, ""prediction_protocol"": ""one_step_ahead_with_observed_real_lags"", ""validation_mode"": ""full_real_cycle_walk_forward"", ""validation_points"": 11, ""warmup_points"": 3}",17.0,16.0,16.0,17.0,17.0,17.0,16.666666666666668
BIM-15,OD,machine_learning,PLS,ok,0.0006366010056808591,,0.12901262516649833,0.11348400244804284,17.52239994458491,16.027521495053126,-0.57838918562593,-0.7537657618065889,-11.835942487333142,-11.438047214534771,6.917971243666571,synthetic_full_cycle,synthetic_growth_cycles,40316.0,11.0,"{""lags"": 3, ""train_source"": ""synthetic_growth_cycles"", ""synthetic_cycles"": 2000, ""synthetic_samples"": 34316, ""prediction_protocol"": ""one_step_ahead_with_observed_real_lags"", ""validation_mode"": ""full_real_cycle_walk_forward"", ""validation_points"": 11, ""warmup_points"": 3}",18.0,18.0,18.0,18.0,18.0,18.0,18.0
BIM-15,OD,machine_learning,PCR,ok,0.001776808057911694,,0.13115220575415287,0.11584305829217455,17.88772037356687,16.333820957916892,-0.631176176902446,-0.8124179743360511,-11.474080863010776,-11.076185590212406,6.737040431505388,synthetic_full_cycle,synthetic_growth_cycles,40316.0,11.0,"{""lags"": 3, ""train_source"": ""synthetic_growth_cycles"", ""synthetic_cycles"": 2000, ""synthetic_samples"": 34316, ""prediction_protocol"": ""one_step_ahead_with_observed_real_lags"", ""validation_mode"": ""full_real_cycle_walk_forward"", ""validation_points"": 11, ""warmup_points"": 3}",19.0,19.0,19.0,19.0,19.0,19.0,19.0
BIM-17,OD,machine_learning,Gradient_Boosting,ok,0.0008195369737222791,,0.1624573299813853,0.07504732772004433,18.901724690484393,11.873772344780196,0.5726872306316313,0.5338406152345069,-8.358435443694399,-7.793486086232862,5.179217721847199,synthetic_full_cycle,synthetic_growth_cycles,40316.0,13.0,"{""lags"": 3, ""train_source"": ""synthetic_growth_cycles"", ""synthetic_cycles"": 2000, ""synthetic_samples"": 34316, ""prediction_protocol"": ""one_step_ahead_with_observed_real_lags"", ""validation_mode"": ""full_real_cycle_walk_forward"", ""validation_points"": 13, ""warmup_points"": 3}",1.0,3.0,2.0,1.0,1.0,1.0,1.5
BIM-17,OD,machine_learning,Elastic_Net,ok,0.0006303300615400076,,0.16261312967669736,0.0710985771205993,19.08281747687593,12.054350267693977,0.5718672353414874,0.5329460749179864,-8.333512893718357,-7.768563536256821,5.1667564468591785,synthetic_full_cycle,synthetic_growth_cycles,40316.0,13.0,"{""lags"": 3, ""train_source"": ""synthetic_growth_cycles"", ""synthetic_cycles"": 2000, ""synthetic_samples"": 34316, ""prediction_protocol"": ""one_step_ahead_with_observed_real_lags"", ""validation_mode"": ""full_real_cycle_walk_forward"", ""validation_points"": 13, ""warmup_points"": 3}",2.0,2.0,3.0,2.0,2.0,2.0,2.1666666666666665
BIM-17,OD,machine_learning,Lasso,ok,0.0006353310309350491,,0.1629851504657714,0.07060591933374812,19.09094320077522,11.822273821255818,0.5699060593847229,0.5308066102378796,-8.27409891449956,-7.709149557038023,5.13704945724978,synthetic_full_cycle,synthetic_growth_cycles,40316.0,13.0,"{""lags"": 3, ""train_source"": ""synthetic_growth_cycles"", ""synthetic_cycles"": 2000, ""synthetic_samples"": 34316, ""prediction_protocol"": ""one_step_ahead_with_observed_real_lags"", ""validation_mode"": ""full_real_cycle_walk_forward"", ""validation_points"": 13, ""warmup_points"": 3}",3.0,1.0,1.0,3.0,3.0,3.0,2.3333333333333335
BIM-17,OD,machine_learning,Random_Forest,ok,0.015238509979099035,,0.1642557222126603,0.08452963208528431,22.22341140483032,14.739021897547758,0.5631742162950668,0.5234627814128001,-8.072198515244963,-7.507249157783427,5.036099257622482,synthetic_full_cycle,synthetic_growth_cycles,40316.0,13.0,"{""lags"": 3, ""train_source"": ""synthetic_growth_cycles"", ""synthetic_cycles"": 2000, ""synthetic_samples"": 34316, ""prediction_protocol"": ""one_step_ahead_with_observed_real_lags"", ""validation_mode"": ""full_real_cycle_walk_forward"", ""validation_points"": 13, ""warmup_points"": 3}",4.0,5.0,5.0,4.0,4.0,4.0,4.333333333333333
BIM-17,OD,machine_learning,LightGBM,ok,0.0013231339398771524,,0.1671437325839921,0.08699367585661857,22.902394680657363,15.202232025091615,0.5476782812715981,0.5065581250235616,-7.6190283636899,-7.054079006228363,4.80951418184495,synthetic_full_cycle,synthetic_growth_cycles,40316.0,13.0,"{""lags"": 3, ""train_source"": ""synthetic_growth_cycles"", ""synthetic_cycles"": 2000, ""synthetic_samples"": 34316, ""prediction_protocol"": ""one_step_ahead_with_observed_real_lags"", ""validation_mode"": ""full_real_cycle_walk_forward"", ""validation_points"": 13, ""warmup_points"": 3}",5.0,6.0,6.0,5.0,5.0,5.0,5.333333333333333
BIM-17,OD,machine_learning,Decision_Trees,ok,0.0006470509106293321,,0.17028968603526315,0.07788275025970928,22.166792896088623,13.98770108464093,0.5304909822514721,0.48780834427433317,-7.134208809619345,-6.569259452157809,4.5671044048096725,synthetic_full_cycle,synthetic_growth_cycles,40316.0,13.0,"{""lags"": 3, ""train_source"": ""synthetic_growth_cycles"", ""synthetic_cycles"": 2000, ""synthetic_samples"": 34316, ""prediction_protocol"": ""one_step_ahead_with_observed_real_lags"", ""validation_mode"": ""full_real_cycle_walk_forward"", ""validation_points"": 13, ""warmup_points"": 3}",7.0,4.0,4.0,7.0,7.0,7.0,6.0
BIM-17,OD,machine_learning,AdaBoost,ok,0.0029422470834106207,,0.1689671789356921,0.08718425696474232,24.235719446044495,15.885616186433719,0.5377552844903275,0.4957330376258118,-7.336918687101656,-6.77196932964012,4.668459343550828,synthetic_full_cycle,synthetic_growth_cycles,40316.0,13.0,"{""lags"": 3, ""train_source"": ""synthetic_growth_cycles"", ""synthetic_cycles"": 2000, ""synthetic_samples"": 34316, ""prediction_protocol"": ""one_step_ahead_with_observed_real_lags"", ""validation_mode"": ""full_real_cycle_walk_forward"", ""validation_points"": 13, ""warmup_points"": 3}",6.0,7.0,7.0,6.0,6.0,6.0,6.333333333333333
BIM-17,OD,machine_learning,Ridge,ok,0.0006306299474090338,,0.1714942785276008,0.09287370213418737,25.491613383094823,23.46379718974139,0.5238250778074595,0.48053644851722843,-6.950937868159809,-6.385988510698272,4.475468934079904,synthetic_full_cycle,synthetic_growth_cycles,40316.0,13.0,"{""lags"": 3, ""train_source"": ""synthetic_growth_cycles"", ""synthetic_cycles"": 2000, ""synthetic_samples"": 34316, ""prediction_protocol"": ""one_step_ahead_with_observed_real_lags"", ""validation_mode"": ""full_real_cycle_walk_forward"", ""validation_points"": 13, ""warmup_points"": 3}",8.0,8.0,13.0,8.0,8.0,8.0,8.833333333333334
BIM-17,OD,machine_learning,XGBoost,ok,0.001340004033409059,,0.1733263721898819,0.09701188707351684,26.513247748828572,17.66663023535125,0.5135966663981533,0.4693781815252581,-6.674649987108101,-6.109700629646564,4.33732499355405,synthetic_full_cycle,synthetic_growth_cycles,40316.0,13.0,"{""lags"": 3, ""train_source"": ""synthetic_growth_cycles"", ""synthetic_cycles"": 2000, ""synthetic_samples"": 34316, ""prediction_protocol"": ""one_step_ahead_with_observed_real_lags"", ""validation_mode"": ""full_real_cycle_walk_forward"", ""validation_points"": 13, ""warmup_points"": 3}",10.0,10.0,8.0,10.0,10.0,10.0,9.666666666666666
BIM-17,OD,machine_learning,Linear_Regression,ok,0.0008306880481541157,,0.17296705055098968,0.09439042346858623,25.806592615175646,24.79978739888253,0.5156112943874818,0.4715759575136165,-6.728606345216797,-6.16365698775526,4.364303172608398,synthetic_full_cycle,synthetic_growth_cycles,40316.0,13.0,"{""lags"": 3, ""train_source"": ""synthetic_growth_cycles"", ""synthetic_cycles"": 2000, ""synthetic_samples"": 34316, ""prediction_protocol"": ""one_step_ahead_with_observed_real_lags"", ""validation_mode"": ""full_real_cycle_walk_forward"", ""validation_points"": 13, ""warmup_points"": 3}",9.0,9.0,14.0,9.0,9.0,9.0,9.833333333333334
BIM-17,OD,machine_learning,Extra_Trees,ok,0.015183918992988765,,0.18257861292770652,0.10346226777728393,29.45227777404923,18.98735818723122,0.460281809971411,0.41121651996881203,-5.322533653117681,-4.7575842956561445,3.6612668265588404,synthetic_full_cycle,synthetic_growth_cycles,40316.0,13.0,"{""lags"": 3, ""train_source"": ""synthetic_growth_cycles"", ""synthetic_cycles"": 2000, ""synthetic_samples"": 34316, ""prediction_protocol"": ""one_step_ahead_with_observed_real_lags"", ""validation_mode"": ""full_real_cycle_walk_forward"", ""validation_points"": 13, ""warmup_points"": 3}",11.0,11.0,9.0,11.0,11.0,11.0,10.666666666666666
BIM-17,OD,deep_learning,MLP,ok,0.00109188596252352,,0.19642906059675186,0.11411833702420245,35.37678235043428,22.047830994242837,0.41673906087691615,0.3584129669646078,-3.004369466187282,-2.519462816399282,2.502184733093641,synthetic_full_cycle,synthetic_growth_cycles,40316.0,12.0,"{""lags"": 4, ""train_source"": ""synthetic_growth_cycles"", ""synthetic_cycles"": 2000, ""synthetic_samples"": 32316, ""prediction_protocol"": ""one_step_ahead_with_observed_real_lags"", ""validation_mode"": ""full_real_cycle_walk_forward"", ""validation_points"": 12, ""warmup_points"": 4}",12.0,12.0,10.0,13.0,13.0,12.0,12.0
BIM-17,OD,machine_learning,CatBoost,ok,0.0012975129066035151,,0.2044307741570336,0.12333506961369742,36.87594955662261,22.76560559736402,0.32335668567343323,0.2618436570982908,-2.3832708473450204,-1.8183214898834836,2.19163542367251,synthetic_full_cycle,synthetic_growth_cycles,40316.0,13.0,"{""lags"": 3, ""train_source"": ""synthetic_growth_cycles"", ""synthetic_cycles"": 2000, ""synthetic_samples"": 34316, ""prediction_protocol"": ""one_step_ahead_with_observed_real_lags"", ""validation_mode"": ""full_real_cycle_walk_forward"", ""validation_points"": 13, ""warmup_points"": 3}",14.0,14.0,11.0,14.0,14.0,14.0,13.5
BIM-17,OD,machine_learning,Polynomial_Regression,ok,0.0008392779855057597,,0.19863299908848794,0.11634292010425953,34.83889102361735,41.5111402876685,0.36119243827833525,0.30311902357636566,-3.1313040848391296,-2.566354727377593,2.565652042419565,synthetic_full_cycle,synthetic_growth_cycles,40316.0,13.0,"{""lags"": 3, ""train_source"": ""synthetic_growth_cycles"", ""synthetic_cycles"": 2000, ""synthetic_samples"": 34316, ""prediction_protocol"": ""one_step_ahead_with_observed_real_lags"", ""validation_mode"": ""full_real_cycle_walk_forward"", ""validation_points"": 13, ""warmup_points"": 3}",13.0,13.0,19.0,12.0,12.0,13.0,13.666666666666666
BIM-17,OD,machine_learning,KNN,ok,0.001068604993633926,,0.20922599640675266,0.12752013251320016,37.296074961791675,22.98183864556312,0.2912410792995337,0.22680845014494588,-1.7804456430102737,-1.215496285548737,1.8902228215051369,synthetic_full_cycle,synthetic_growth_cycles,40316.0,13.0,"{""lags"": 3, ""train_source"": ""synthetic_growth_cycles"", ""synthetic_cycles"": 2000, ""synthetic_samples"": 34316, ""prediction_protocol"": ""one_step_ahead_with_observed_real_lags"", ""validation_mode"": ""full_real_cycle_walk_forward"", ""validation_points"": 13, ""warmup_points"": 3}",15.0,15.0,12.0,15.0,15.0,15.0,14.5
BIM-17,OD,machine_learning,PLS,ok,0.0009996730368584394,,0.23627342084088693,0.1411869609158496,43.21171339729417,24.828221571067793,0.09614870016939248,0.013980400184791741,1.3804967394471412,1.945446096908678,0.3097516302764294,synthetic_full_cycle,synthetic_growth_cycles,40316.0,13.0,"{""lags"": 3, ""train_source"": ""synthetic_growth_cycles"", ""synthetic_cycles"": 2000, ""synthetic_samples"": 34316, ""prediction_protocol"": ""one_step_ahead_with_observed_real_lags"", ""validation_mode"": ""full_real_cycle_walk_forward"", ""validation_points"": 13, ""warmup_points"": 3}",16.0,16.0,15.0,16.0,16.0,16.0,15.833333333333334
BIM-17,OD,machine_learning,PCR,ok,0.0008850890444591641,,0.24003874800199887,0.1440965912856544,44.12906811529466,25.19762484415996,0.06711103837573873,-0.01769704904464864,1.7915739780713469,2.3565233355328834,0.10421301096432656,synthetic_full_cycle,synthetic_growth_cycles,40316.0,13.0,"{""lags"": 3, ""train_source"": ""synthetic_growth_cycles"", ""synthetic_cycles"": 2000, ""synthetic_samples"": 34316, ""prediction_protocol"": ""one_step_ahead_with_observed_real_lags"", ""validation_mode"": ""full_real_cycle_walk_forward"", ""validation_points"": 13, ""warmup_points"": 3}",17.0,17.0,16.0,17.0,17.0,17.0,16.833333333333332
BIM-17,OD,machine_learning,SVR,ok,0.025130974943749607,,0.511895336963591,0.25461572381962283,88.1001835600973,31.863908331334915,-3.2425756534702606,-3.6282643492402835,21.48188939768351,22.046838755145046,-9.740944698841755,synthetic_full_cycle,synthetic_growth_cycles,40316.0,13.0,"{""lags"": 3, ""train_source"": ""synthetic_growth_cycles"", ""synthetic_cycles"": 2000, ""synthetic_samples"": 34316, ""prediction_protocol"": ""one_step_ahead_with_observed_real_lags"", ""validation_mode"": ""full_real_cycle_walk_forward"", ""validation_points"": 13, ""warmup_points"": 3}",18.0,18.0,17.0,18.0,18.0,18.0,17.833333333333332
BIM-17,OD,machine_learning,Gaussian_Process_Regression,ok,0.0037482629995793104,,3.2714986161933974,1.2756433475490085,484.33671909907935,41.30664832582302,-172.28490412604273,-188.03807722841023,69.70885434413941,70.27380370160095,-33.854427172069705,synthetic_full_cycle,synthetic_growth_cycles,40316.0,13.0,"{""lags"": 3, ""train_source"": ""synthetic_growth_cycles"", ""synthetic_cycles"": 2000, ""synthetic_samples"": 34316, ""prediction_protocol"": ""one_step_ahead_with_observed_real_lags"", ""validation_mode"": ""full_real_cycle_walk_forward"", ""validation_points"": 13, ""warmup_points"": 3}",19.0,19.0,18.0,19.0,19.0,19.0,18.833333333333332
BIM-20,OD,machine_learning,Decision_Trees,ok,0.0006362710846588016,,0.11938503539714854,0.07862411760668396,12.44299212700064,11.270974628674066,-0.6398601309453076,-0.7569929974414009,-20.60681229938583,-19.834223577146048,11.303406149692915,synthetic_full_cycle,synthetic_growth_cycles,40316.0,16.0,"{""lags"": 3, ""train_source"": ""synthetic_growth_cycles"", ""synthetic_cycles"": 2000, ""synthetic_samples"": 34316, ""prediction_protocol"": ""one_step_ahead_with_observed_real_lags"", ""validation_mode"": ""full_real_cycle_walk_forward"", ""validation_points"": 16, ""warmup_points"": 3}",1.0,1.0,1.0,1.0,1.0,1.0,1.0
BIM-20,OD,machine_learning,Random_Forest,ok,0.014850708073936403,,0.12101566256440108,0.08703339682169561,13.70130844731847,12.35507309063516,-0.6849622991263669,-0.8053167490639643,-20.172696508054514,-19.400107785814733,11.086348254027257,synthetic_full_cycle,synthetic_growth_cycles,40316.0,16.0,"{""lags"": 3, ""train_source"": ""synthetic_growth_cycles"", ""synthetic_cycles"": 2000, ""synthetic_samples"": 34316, ""prediction_protocol"": ""one_step_ahead_with_observed_real_lags"", ""validation_mode"": ""full_real_cycle_walk_forward"", ""validation_points"": 16, ""warmup_points"": 3}",2.0,2.0,2.0,2.0,2.0,2.0,2.0
BIM-20,OD,machine_learning,Lasso,ok,0.0007108129793778062,,0.1250833515889563,0.0883136003647581,13.770259087913136,12.772563568683537,-0.800139001422451,-0.9287203586669117,-19.114765375498493,-18.34217665325871,10.557382687749246,synthetic_full_cycle,synthetic_growth_cycles,40316.0,16.0,"{""lags"": 3, ""train_source"": ""synthetic_growth_cycles"", ""synthetic_cycles"": 2000, ""synthetic_samples"": 34316, ""prediction_protocol"": ""one_step_ahead_with_observed_real_lags"", ""validation_mode"": ""full_real_cycle_walk_forward"", ""validation_points"": 16, ""warmup_points"": 3}",4.0,3.0,4.0,4.0,4.0,4.0,3.8333333333333335
BIM-20,OD,machine_learning,Extra_Trees,ok,0.015822009067051113,,0.12750784834028192,0.08988612079866332,13.938667850341247,12.71770274416717,-0.8705996837874328,-1.0042139469151068,-18.500442478828738,-17.727853756588956,10.250221239414369,synthetic_full_cycle,synthetic_growth_cycles,40316.0,16.0,"{""lags"": 3, ""train_source"": ""synthetic_growth_cycles"", ""synthetic_cycles"": 2000, ""synthetic_samples"": 34316, ""prediction_protocol"": ""one_step_ahead_with_observed_real_lags"", ""validation_mode"": ""full_real_cycle_walk_forward"", ""validation_points"": 16, ""warmup_points"": 3}",6.0,4.0,3.0,6.0,6.0,6.0,5.166666666666667
BIM-20,OD,machine_learning,PLS,ok,0.0006821219576522708,,0.12451791005991562,0.10333524181346311,16.34891418052562,14.739843348871537,-0.7839006662770569,-0.911322142439704,-19.25974989811307,-18.48716117587329,10.629874949056536,synthetic_full_cycle,synthetic_growth_cycles,40316.0,16.0,"{""lags"": 3, ""train_source"": ""synthetic_growth_cycles"", ""synthetic_cycles"": 2000, ""synthetic_samples"": 34316, ""prediction_protocol"": ""one_step_ahead_with_observed_real_lags"", ""validation_mode"": ""full_real_cycle_walk_forward"", ""validation_points"": 16, ""warmup_points"": 3}",3.0,12.0,13.0,3.0,3.0,3.0,6.166666666666667
BIM-20,OD,machine_learning,Elastic_Net,ok,0.0006429910426959395,,0.1283120823554951,0.09009396911546139,14.0291239844275,13.04687142127362,-0.8942710779348724,-1.0295761549302207,-18.299241788952564,-17.526653066712782,10.149620894476282,synthetic_full_cycle,synthetic_growth_cycles,40316.0,16.0,"{""lags"": 3, ""train_source"": ""synthetic_growth_cycles"", ""synthetic_cycles"": 2000, ""synthetic_samples"": 34316, ""prediction_protocol"": ""one_step_ahead_with_observed_real_lags"", ""validation_mode"": ""full_real_cycle_walk_forward"", ""validation_points"": 16, ""warmup_points"": 3}",7.0,5.0,7.0,7.0,7.0,7.0,6.666666666666667
BIM-20,OD,machine_learning,PCR,ok,0.0009490520460531116,,0.12543235277509912,0.10438465170681979,16.512380354757855,14.876964303494745,-0.8101983273867415,-0.9394982079143657,-19.02560493575715,-18.25301621351737,10.512802467878576,synthetic_full_cycle,synthetic_growth_cycles,40316.0,16.0,"{""lags"": 3, ""train_source"": ""synthetic_growth_cycles"", ""synthetic_cycles"": 2000, ""synthetic_samples"": 34316, ""prediction_protocol"": ""one_step_ahead_with_observed_real_lags"", ""validation_mode"": ""full_real_cycle_walk_forward"", ""validation_points"": 16, ""warmup_points"": 3}",5.0,15.0,15.0,5.0,5.0,5.0,8.333333333333334
BIM-20,OD,deep_learning,MLP,ok,0.0010728660272434354,,0.1318213259855191,0.09344988883145687,14.214106052255365,12.946702710750493,-1.0872271762388488,-1.2477831128726065,-16.221079934252156,-15.513029733149946,9.110539967126078,synthetic_full_cycle,synthetic_growth_cycles,40316.0,15.0,"{""lags"": 4, ""train_source"": ""synthetic_growth_cycles"", ""synthetic_cycles"": 2000, ""synthetic_samples"": 32316, ""prediction_protocol"": ""one_step_ahead_with_observed_real_lags"", ""validation_mode"": ""full_real_cycle_walk_forward"", ""validation_points"": 15, ""warmup_points"": 4}",8.0,7.0,5.0,12.0,12.0,10.0,9.0
BIM-20,OD,machine_learning,KNN,ok,0.0014787979889661074,,0.13560853225019565,0.0932881826521004,14.658661557715336,12.989998613261628,-1.115831375913153,-1.2669621884783782,-16.529422401651352,-15.75683367941157,9.264711200825676,synthetic_full_cycle,synthetic_growth_cycles,40316.0,16.0,"{""lags"": 3, ""train_source"": ""synthetic_growth_cycles"", ""synthetic_cycles"": 2000, ""synthetic_samples"": 34316, ""prediction_protocol"": ""one_step_ahead_with_observed_real_lags"", ""validation_mode"": ""full_real_cycle_walk_forward"", ""validation_points"": 16, ""warmup_points"": 3}",11.0,6.0,6.0,10.0,10.0,11.0,9.0
BIM-20,OD,machine_learning,AdaBoost,ok,0.0031315130181610584,,0.13304624596492676,0.10300615735966154,16.481333222711434,14.666645622592394,-1.0366306351786871,-1.1821042519771647,-17.1398388471109,-16.36725012487112,9.56991942355545,synthetic_full_cycle,synthetic_growth_cycles,40316.0,16.0,"{""lags"": 3, ""train_source"": ""synthetic_growth_cycles"", ""synthetic_cycles"": 2000, ""synthetic_samples"": 34316, ""prediction_protocol"": ""one_step_ahead_with_observed_real_lags"", ""validation_mode"": ""full_real_cycle_walk_forward"", ""validation_points"": 16, ""warmup_points"": 3}",9.0,11.0,11.0,8.0,8.0,8.0,9.166666666666666
BIM-20,OD,machine_learning,CatBoost,ok,0.0012729020090773702,,0.1341842031769531,0.10181909942380732,15.63038110414377,14.615655833955387,-1.0716186173360005,-1.2195913757171435,-16.867303655020564,-16.094714932780782,9.433651827510282,synthetic_full_cycle,synthetic_growth_cycles,40316.0,16.0,"{""lags"": 3, ""train_source"": ""synthetic_growth_cycles"", ""synthetic_cycles"": 2000, ""synthetic_samples"": 34316, ""prediction_protocol"": ""one_step_ahead_with_observed_real_lags"", ""validation_mode"": ""full_real_cycle_walk_forward"", ""validation_points"": 16, ""warmup_points"": 3}",10.0,9.0,10.0,9.0,9.0,9.0,9.333333333333334
BIM-20,OD,machine_learning,LightGBM,ok,0.002314806100912392,,0.1365522179964857,0.10038301924714782,15.339594317354202,14.11056899693149,-1.145381540968712,-1.2986230796093343,-16.307508956192684,-15.534920233952903,9.153754478096342,synthetic_full_cycle,synthetic_growth_cycles,40316.0,16.0,"{""lags"": 3, ""train_source"": ""synthetic_growth_cycles"", ""synthetic_cycles"": 2000, ""synthetic_samples"": 34316, ""prediction_protocol"": ""one_step_ahead_with_observed_real_lags"", ""validation_mode"": ""full_real_cycle_walk_forward"", ""validation_points"": 16, ""warmup_points"": 3}",12.0,8.0,8.0,11.0,11.0,12.0,10.333333333333334
BIM-20,OD,machine_learning,Gradient_Boosting,ok,0.0008602980524301529,,0.1382500963343615,0.102587625297473,15.969947668826762,14.802400764399584,-1.1990641945936638,-1.3561402084932115,-15.912077074000692,-15.13948835176091,8.956038537000346,synthetic_full_cycle,synthetic_growth_cycles,40316.0,16.0,"{""lags"": 3, ""train_source"": ""synthetic_growth_cycles"", ""synthetic_cycles"": 2000, ""synthetic_samples"": 34316, ""prediction_protocol"": ""one_step_ahead_with_observed_real_lags"", ""validation_mode"": ""full_real_cycle_walk_forward"", ""validation_points"": 16, ""warmup_points"": 3}",13.0,10.0,14.0,13.0,13.0,13.0,12.666666666666666
BIM-20,OD,machine_learning,SVR,ok,0.012974806013517082,,0.1402905326114518,0.10348754645892516,15.750118480456454,14.674261577744192,-1.2644552896693444,-1.4262020960742978,-15.443239697621202,-14.67065097538142,8.721619848810601,synthetic_full_cycle,synthetic_growth_cycles,40316.0,16.0,"{""lags"": 3, ""train_source"": ""synthetic_growth_cycles"", ""synthetic_cycles"": 2000, ""synthetic_samples"": 34316, ""prediction_protocol"": ""one_step_ahead_with_observed_real_lags"", ""validation_mode"": ""full_real_cycle_walk_forward"", ""validation_points"": 16, ""warmup_points"": 3}",15.0,13.0,12.0,15.0,15.0,15.0,14.166666666666666
BIM-20,OD,machine_learning,Ridge,ok,0.000951730995438993,,0.1395996085824677,0.10555404916052641,16.0217380894119,15.72320403389649,-1.242205550700925,-1.4023630900367055,-15.601227497716508,-14.828638775476726,8.800613748858254,synthetic_full_cycle,synthetic_growth_cycles,40316.0,16.0,"{""lags"": 3, ""train_source"": ""synthetic_growth_cycles"", ""synthetic_cycles"": 2000, ""synthetic_samples"": 34316, ""prediction_protocol"": ""one_step_ahead_with_observed_real_lags"", ""validation_mode"": ""full_real_cycle_walk_forward"", ""validation_points"": 16, ""warmup_points"": 3}",14.0,16.0,16.0,14.0,14.0,14.0,14.666666666666666
BIM-20,OD,machine_learning,XGBoost,ok,0.0013871249975636601,,0.14053777322184907,0.10354440128803252,15.915278969078104,14.436867160088054,-1.272443835098597,-1.4347612518913535,-15.386894226651982,-14.6143055044122,8.693447113325991,synthetic_full_cycle,synthetic_growth_cycles,40316.0,16.0,"{""lags"": 3, ""train_source"": ""synthetic_growth_cycles"", ""synthetic_cycles"": 2000, ""synthetic_samples"": 34316, ""prediction_protocol"": ""one_step_ahead_with_observed_real_lags"", ""validation_mode"": ""full_real_cycle_walk_forward"", ""validation_points"": 16, ""warmup_points"": 3}",17.0,14.0,9.0,17.0,17.0,17.0,15.166666666666666
BIM-20,OD,machine_learning,Linear_Regression,ok,0.0008329380070790648,,0.14032063217358384,0.10600786033333048,16.053937557410713,15.829025889352893,-1.265427079044465,-1.4272432989762125,-15.436374781945752,-14.66378605970597,8.718187390972876,synthetic_full_cycle,synthetic_growth_cycles,40316.0,16.0,"{""lags"": 3, ""train_source"": ""synthetic_growth_cycles"", ""synthetic_cycles"": 2000, ""synthetic_samples"": 34316, ""prediction_protocol"": ""one_step_ahead_with_observed_real_lags"", ""validation_mode"": ""full_real_cycle_walk_forward"", ""validation_points"": 16, ""warmup_points"": 3}",16.0,17.0,17.0,16.0,16.0,16.0,16.333333333333332
BIM-20,OD,machine_learning,Polynomial_Regression,ok,0.0008174969116225839,,0.15473908335398254,0.11959683548394257,18.12543324463777,17.800756158913728,-1.754907756941447,-1.9516868824372646,-12.306444174580545,-11.533855452340763,7.153222087290272,synthetic_full_cycle,synthetic_growth_cycles,40316.0,16.0,"{""lags"": 3, ""train_source"": ""synthetic_growth_cycles"", ""synthetic_cycles"": 2000, ""synthetic_samples"": 34316, ""prediction_protocol"": ""one_step_ahead_with_observed_real_lags"", ""validation_mode"": ""full_real_cycle_walk_forward"", ""validation_points"": 16, ""warmup_points"": 3}",18.0,18.0,18.0,18.0,18.0,18.0,18.0
BIM-20,OD,machine_learning,Gaussian_Process_Regression,ok,0.004605861031450331,,0.19612474512771988,0.15486825030588935,23.620070559863006,23.196175316322876,-3.4255964147485534,-3.7417104443734504,-4.722106696483198,-3.949517974243417,3.361053348241599,synthetic_full_cycle,synthetic_growth_cycles,40316.0,16.0,"{""lags"": 3, ""train_source"": ""synthetic_growth_cycles"", ""synthetic_cycles"": 2000, ""synthetic_samples"": 34316, ""prediction_protocol"": ""one_step_ahead_with_observed_real_lags"", ""validation_mode"": ""full_real_cycle_walk_forward"", ""validation_points"": 16, ""warmup_points"": 3}",19.0,19.0,19.0,19.0,19.0,19.0,19.0
T1,OD,machine_learning,AdaBoost,ok,0.0070197200402617455,,0.07870785366192737,0.06327422043349162,9.7231832588816,9.351410073444812,0.5232767276445385,0.4040959095556731,-11.476885635189223,-11.685126165961169,6.738442817594612,synthetic_full_cycle,synthetic_growth_cycles,40316.0,6.0,"{""lags"": 3, ""train_source"": ""synthetic_growth_cycles"", ""synthetic_cycles"": 2000, ""synthetic_samples"": 34316, ""prediction_protocol"": ""one_step_ahead_with_observed_real_lags"", ""validation_mode"": ""full_real_cycle_walk_forward"", ""validation_points"": 6, ""warmup_points"": 3}",1.0,1.0,3.0,1.0,1.0,1.0,1.3333333333333333
T1,OD,machine_learning,Linear_Regression,ok,0.0005315480520948768,,0.08948886080371297,0.06446989129837505,9.330080729429568,9.138151286650121,0.38373404867742555,0.22966756084678197,-9.936431062434274,-10.144671593206219,5.968215531217137,synthetic_full_cycle,synthetic_growth_cycles,40316.0,6.0,"{""lags"": 3, ""train_source"": ""synthetic_growth_cycles"", ""synthetic_cycles"": 2000, ""synthetic_samples"": 34316, ""prediction_protocol"": ""one_step_ahead_with_observed_real_lags"", ""validation_mode"": ""full_real_cycle_walk_forward"", ""validation_points"": 6, ""warmup_points"": 3}",2.0,2.0,1.0,2.0,2.0,2.0,1.8333333333333333
T1,OD,machine_learning,Ridge,ok,0.0006409310735762119,,0.08975545517787648,0.06576943210677816,9.517316370416607,9.323004055797009,0.3800567696264092,0.22507096203301158,-9.900735259960266,-10.108975790732211,5.950367629980133,synthetic_full_cycle,synthetic_growth_cycles,40316.0,6.0,"{""lags"": 3, ""train_source"": ""synthetic_growth_cycles"", ""synthetic_cycles"": 2000, ""synthetic_samples"": 34316, ""prediction_protocol"": ""one_step_ahead_with_observed_real_lags"", ""validation_mode"": ""full_real_cycle_walk_forward"", ""validation_points"": 6, ""warmup_points"": 3}",3.0,3.0,2.0,3.0,3.0,3.0,2.8333333333333335
T1,OD,machine_learning,Gradient_Boosting,ok,0.00127378199249506,,0.09024707949533424,0.06675344449755803,9.721752791754028,9.625604296476277,0.3732468467790794,0.2165585584738492,-9.835186111006921,-10.043426641778867,5.917593055503461,synthetic_full_cycle,synthetic_growth_cycles,40316.0,6.0,"{""lags"": 3, ""train_source"": ""synthetic_growth_cycles"", ""synthetic_cycles"": 2000, ""synthetic_samples"": 34316, ""prediction_protocol"": ""one_step_ahead_with_observed_real_lags"", ""validation_mode"": ""full_real_cycle_walk_forward"", ""validation_points"": 6, ""warmup_points"": 3}",4.0,4.0,4.0,4.0,4.0,4.0,4.0
T1,OD,machine_learning,Gaussian_Process_Regression,ok,0.002210063044913113,,0.0912482943430879,0.07132972271307321,10.292544792064438,10.146817991202626,0.3592631159484213,0.19907889493552666,-9.702789347441282,-9.911029878213228,5.851394673720641,synthetic_full_cycle,synthetic_growth_cycles,40316.0,6.0,"{""lags"": 3, ""train_source"": ""synthetic_growth_cycles"", ""synthetic_cycles"": 2000, ""synthetic_samples"": 34316, ""prediction_protocol"": ""one_step_ahead_with_observed_real_lags"", ""validation_mode"": ""full_real_cycle_walk_forward"", ""validation_points"": 6, ""warmup_points"": 3}",5.0,7.0,7.0,5.0,5.0,5.0,5.666666666666667
T1,OD,machine_learning,Polynomial_Regression,ok,0.0008361779619008303,,0.09145662702632787,0.06871606095226707,9.96709490084556,9.760422292808702,0.35633399120335996,0.19541748900419997,-9.675422889399,-9.883663420170945,5.8377114446995,synthetic_full_cycle,synthetic_growth_cycles,40316.0,6.0,"{""lags"": 3, ""train_source"": ""synthetic_growth_cycles"", ""synthetic_cycles"": 2000, ""synthetic_samples"": 34316, ""prediction_protocol"": ""one_step_ahead_with_observed_real_lags"", ""validation_mode"": ""full_real_cycle_walk_forward"", ""validation_points"": 6, ""warmup_points"": 3}",6.0,5.0,5.0,6.0,6.0,6.0,5.666666666666667
T1,OD,machine_learning,SVR,ok,0.005373946041800082,,0.09238368657359756,0.07046952571306696,10.141205836872407,10.042103500827865,0.3432186800763687,0.1790233500954609,-9.554396019409584,-9.76263655018153,5.777198009704792,synthetic_full_cycle,synthetic_growth_cycles,40316.0,6.0,"{""lags"": 3, ""train_source"": ""synthetic_growth_cycles"", ""synthetic_cycles"": 2000, ""synthetic_samples"": 34316, ""prediction_protocol"": ""one_step_ahead_with_observed_real_lags"", ""validation_mode"": ""full_real_cycle_walk_forward"", ""validation_points"": 6, ""warmup_points"": 3}",9.0,6.0,6.0,9.0,9.0,9.0,8.0
T1,OD,machine_learning,Elastic_Net,ok,0.0007950059371069074,,0.09201965413440676,0.0733199279682159,10.70125478353883,10.507179474361376,0.3483844978814816,0.18548062235185203,-9.601774715784908,-9.810015246556853,5.800887357892454,synthetic_full_cycle,synthetic_growth_cycles,40316.0,6.0,"{""lags"": 3, ""train_source"": ""synthetic_growth_cycles"", ""synthetic_cycles"": 2000, ""synthetic_samples"": 34316, ""prediction_protocol"": ""one_step_ahead_with_observed_real_lags"", ""validation_mode"": ""full_real_cycle_walk_forward"", ""validation_points"": 6, ""warmup_points"": 3}",7.0,11.0,10.0,7.0,7.0,7.0,8.166666666666666
T1,OD,machine_learning,Lasso,ok,0.0006269009318202734,,0.09207697671279422,0.07197371208862241,10.529330257150598,10.345699017526899,0.3475724123518067,0.1844655154397583,-9.594301782035776,-9.802542312807722,5.797150891017888,synthetic_full_cycle,synthetic_growth_cycles,40316.0,6.0,"{""lags"": 3, ""train_source"": ""synthetic_growth_cycles"", ""synthetic_cycles"": 2000, ""synthetic_samples"": 34316, ""prediction_protocol"": ""one_step_ahead_with_observed_real_lags"", ""validation_mode"": ""full_real_cycle_walk_forward"", ""validation_points"": 6, ""warmup_points"": 3}",8.0,9.0,8.0,8.0,8.0,8.0,8.166666666666666
T1,OD,machine_learning,CatBoost,ok,0.0012917330022901297,,0.09328221876708512,0.07183560254945898,10.486458917370019,10.43365586570935,0.3303807201339598,0.16297590016744978,-9.438246848339539,-9.646487379111484,5.719123424169769,synthetic_full_cycle,synthetic_growth_cycles,40316.0,6.0,"{""lags"": 3, ""train_source"": ""synthetic_growth_cycles"", ""synthetic_cycles"": 2000, ""synthetic_samples"": 34316, ""prediction_protocol"": ""one_step_ahead_with_observed_real_lags"", ""validation_mode"": ""full_real_cycle_walk_forward"", ""validation_points"": 6, ""warmup_points"": 3}",11.0,8.0,9.0,11.0,11.0,11.0,10.166666666666666
T1,OD,machine_learning,Extra_Trees,ok,0.015381525969132781,,0.09323518103839791,0.07483067803315367,11.18005285786118,11.03005933448654,0.3310558633525318,0.16381982919066473,-9.44429939632489,-9.652539927096836,5.722149698162445,synthetic_full_cycle,synthetic_growth_cycles,40316.0,6.0,"{""lags"": 3, ""train_source"": ""synthetic_growth_cycles"", ""synthetic_cycles"": 2000, ""synthetic_samples"": 34316, ""prediction_protocol"": ""one_step_ahead_with_observed_real_lags"", ""validation_mode"": ""full_real_cycle_walk_forward"", ""validation_points"": 6, ""warmup_points"": 3}",10.0,12.0,12.0,10.0,10.0,10.0,10.666666666666666
T1,OD,machine_learning,Random_Forest,ok,0.02248858893290162,,0.09359331592089255,0.07707498251731287,11.526142120043632,11.259424184321826,0.32590689813569085,0.1573836226696136,-9.398293311344649,-9.606533842116594,5.699146655672324,synthetic_full_cycle,synthetic_growth_cycles,40316.0,6.0,"{""lags"": 3, ""train_source"": ""synthetic_growth_cycles"", ""synthetic_cycles"": 2000, ""synthetic_samples"": 34316, ""prediction_protocol"": ""one_step_ahead_with_observed_real_lags"", ""validation_mode"": ""full_real_cycle_walk_forward"", ""validation_points"": 6, ""warmup_points"": 3}",12.0,13.0,15.0,12.0,12.0,12.0,12.666666666666666
T1,OD,machine_learning,Decision_Trees,ok,0.0006819919217377901,,0.09579405739408456,0.07219038176534061,11.586275808161428,11.032987380596023,0.2938331094844263,0.11729138685553286,-9.119393129219954,-9.3276336599919,5.559696564609977,synthetic_full_cycle,synthetic_growth_cycles,40316.0,6.0,"{""lags"": 3, ""train_source"": ""synthetic_growth_cycles"", ""synthetic_cycles"": 2000, ""synthetic_samples"": 34316, ""prediction_protocol"": ""one_step_ahead_with_observed_real_lags"", ""validation_mode"": ""full_real_cycle_walk_forward"", ""validation_points"": 6, ""warmup_points"": 3}",14.0,10.0,13.0,14.0,14.0,14.0,13.166666666666666
T1,OD,machine_learning,LightGBM,ok,0.0014138369588181376,,0.09393840051441534,0.07740564822366751,11.199148270872824,11.039570845455895,0.3209268847093997,0.15115860588674956,-9.354129903949019,-9.562370434720965,5.6770649519745096,synthetic_full_cycle,synthetic_growth_cycles,40316.0,6.0,"{""lags"": 3, ""train_source"": ""synthetic_growth_cycles"", ""synthetic_cycles"": 2000, ""synthetic_samples"": 34316, ""prediction_protocol"": ""one_step_ahead_with_observed_real_lags"", ""validation_mode"": ""full_real_cycle_walk_forward"", ""validation_points"": 6, ""warmup_points"": 3}",13.0,15.0,14.0,13.0,13.0,13.0,13.5
T1,OD,machine_learning,XGBoost,ok,0.0013518939958885312,,0.0976305790358304,0.08385037398338319,12.41629903425134,12.170838327760992,0.266496915084927,0.08312114385615876,-8.891511899636047,-9.099752430407992,5.4457559498180235,synthetic_full_cycle,synthetic_growth_cycles,40316.0,6.0,"{""lags"": 3, ""train_source"": ""synthetic_growth_cycles"", ""synthetic_cycles"": 2000, ""synthetic_samples"": 34316, ""prediction_protocol"": ""one_step_ahead_with_observed_real_lags"", ""validation_mode"": ""full_real_cycle_walk_forward"", ""validation_points"": 6, ""warmup_points"": 3}",15.0,16.0,16.0,15.0,15.0,15.0,15.333333333333334
T1,OD,deep_learning,MLP,ok,0.0014917789958417416,,0.09941086138413417,0.07739830895508892,11.04144110250854,10.769702140556555,-1.0202049456105575,-1.6936065941474099,-6.895553686263181,-7.2861157738290805,4.4477768431315905,synthetic_full_cycle,synthetic_growth_cycles,40316.0,5.0,"{""lags"": 4, ""train_source"": ""synthetic_growth_cycles"", ""synthetic_cycles"": 2000, ""synthetic_samples"": 32316, ""prediction_protocol"": ""one_step_ahead_with_observed_real_lags"", ""validation_mode"": ""full_real_cycle_walk_forward"", ""validation_points"": 5, ""warmup_points"": 4}",16.0,14.0,11.0,19.0,18.0,19.0,16.166666666666668
T1,OD,machine_learning,KNN,ok,0.0010530049912631512,,0.10023858801653703,0.09087873844293093,13.577053919276242,13.415411392308188,0.22678531166990756,0.03348163958738448,-8.57516225580427,-8.783402786576216,5.287581127902135,synthetic_full_cycle,synthetic_growth_cycles,40316.0,6.0,"{""lags"": 3, ""train_source"": ""synthetic_growth_cycles"", ""synthetic_cycles"": 2000, ""synthetic_samples"": 34316, ""prediction_protocol"": ""one_step_ahead_with_observed_real_lags"", ""validation_mode"": ""full_real_cycle_walk_forward"", ""validation_points"": 6, ""warmup_points"": 3}",17.0,17.0,17.0,16.0,16.0,16.0,16.5
T1,OD,machine_learning,PLS,ok,0.000683701946400106,,0.11309157338666796,0.09734455891168525,13.806912879811781,13.8488514358067,0.01578335155586552,-0.23027081055516807,-7.127426455553131,-7.3356669863250765,4.5637132277765655,synthetic_full_cycle,synthetic_growth_cycles,40316.0,6.0,"{""lags"": 3, ""train_source"": ""synthetic_growth_cycles"", ""synthetic_cycles"": 2000, ""synthetic_samples"": 34316, ""prediction_protocol"": ""one_step_ahead_with_observed_real_lags"", ""validation_mode"": ""full_real_cycle_walk_forward"", ""validation_points"": 6, ""warmup_points"": 3}",18.0,18.0,18.0,17.0,17.0,17.0,17.5
T1,OD,machine_learning,PCR,ok,0.0009154200088232756,,0.1139842398483416,0.09848852067684177,13.952279705885454,14.005590685513214,0.00018458311984959064,-0.24976927110018798,-7.0330786466119655,-7.241319177383911,4.516539323305983,synthetic_full_cycle,synthetic_growth_cycles,40316.0,6.0,"{""lags"": 3, ""train_source"": ""synthetic_growth_cycles"", ""synthetic_cycles"": 2000, ""synthetic_samples"": 34316, ""prediction_protocol"": ""one_step_ahead_with_observed_real_lags"", ""validation_mode"": ""full_real_cycle_walk_forward"", ""validation_points"": 6, ""warmup_points"": 3}",19.0,19.0,19.0,18.0,19.0,18.0,18.666666666666668
T2,OD,machine_learning,Lasso,ok,0.00066465197596699,,0.0992265662838103,0.09090187514743708,15.830630278193446,15.923810837679566,-1.1490584866256466,-2.22358772993847,-5.131287696477797,-5.744993335357906,3.5656438482388984,synthetic_full_cycle,synthetic_growth_cycles,40316.0,4.0,"{""lags"": 3, ""train_source"": ""synthetic_growth_cycles"", ""synthetic_cycles"": 2000, ""synthetic_samples"": 34316, ""prediction_protocol"": ""one_step_ahead_with_observed_real_lags"", ""validation_mode"": ""full_real_cycle_walk_forward"", ""validation_points"": 4, ""warmup_points"": 3}",1.0,3.0,3.0,1.0,1.0,1.0,1.6666666666666667
T2,OD,machine_learning,PLS,ok,0.0006966820219531655,,0.10704886310298319,0.08063274150933779,16.337450093777836,14.212358723075086,-1.5012461184418284,-2.7518691776627424,-4.524250808329615,-5.137956447209724,3.2621254041648076,synthetic_full_cycle,synthetic_growth_cycles,40316.0,4.0,"{""lags"": 3, ""train_source"": ""synthetic_growth_cycles"", ""synthetic_cycles"": 2000, ""synthetic_samples"": 34316, ""prediction_protocol"": ""one_step_ahead_with_observed_real_lags"", ""validation_mode"": ""full_real_cycle_walk_forward"", ""validation_points"": 4, ""warmup_points"": 3}",3.0,1.0,2.0,3.0,3.0,3.0,2.5
T2,OD,machine_learning,Elastic_Net,ok,0.000999263022094965,,0.1035874269846199,0.09315547966707477,16.092504403998014,16.271352384676543,-1.3421052121126182,-2.5131578181689274,-4.7872062757540785,-5.400911914634188,3.3936031378770393,synthetic_full_cycle,synthetic_growth_cycles,40316.0,4.0,"{""lags"": 3, ""train_source"": ""synthetic_growth_cycles"", ""synthetic_cycles"": 2000, ""synthetic_samples"": 34316, ""prediction_protocol"": ""one_step_ahead_with_observed_real_lags"", ""validation_mode"": ""full_real_cycle_walk_forward"", ""validation_points"": 4, ""warmup_points"": 3}",2.0,4.0,4.0,2.0,2.0,2.0,2.6666666666666665
T2,OD,machine_learning,PCR,ok,0.0009472609963268042,,0.10872111094370732,0.08068313999640399,16.416773713355536,14.201533809744069,-1.5800021750155886,-2.870003262523383,-4.400246060748771,-5.01395169962888,3.2001230303743853,synthetic_full_cycle,synthetic_growth_cycles,40316.0,4.0,"{""lags"": 3, ""train_source"": ""synthetic_growth_cycles"", ""synthetic_cycles"": 2000, ""synthetic_samples"": 34316, ""prediction_protocol"": ""one_step_ahead_with_observed_real_lags"", ""validation_mode"": ""full_real_cycle_walk_forward"", ""validation_points"": 4, ""warmup_points"": 3}",4.0,2.0,1.0,4.0,4.0,4.0,3.1666666666666665
T2,OD,machine_learning,Ridge,ok,0.0006641120417043567,,0.11330798667602208,0.10343296975497486,17.761971215307597,18.12353662974914,-1.8022917918964536,-3.20343768784468,-4.069656710594856,-4.683362349474965,3.034828355297428,synthetic_full_cycle,synthetic_growth_cycles,40316.0,4.0,"{""lags"": 3, ""train_source"": ""synthetic_growth_cycles"", ""synthetic_cycles"": 2000, ""synthetic_samples"": 34316, ""prediction_protocol"": ""one_step_ahead_with_observed_real_lags"", ""validation_mode"": ""full_real_cycle_walk_forward"", ""validation_points"": 4, ""warmup_points"": 3}",5.0,5.0,6.0,5.0,5.0,5.0,5.166666666666667
T2,OD,machine_learning,Linear_Regression,ok,0.000530957942828536,,0.11356597156244659,0.10424027791898413,17.952169400329332,18.30658266207481,-1.8150670952575427,-3.222600642886314,-4.051462643748263,-4.665168282628372,3.0257313218741313,synthetic_full_cycle,synthetic_growth_cycles,40316.0,4.0,"{""lags"": 3, ""train_source"": ""synthetic_growth_cycles"", ""synthetic_cycles"": 2000, ""synthetic_samples"": 34316, ""prediction_protocol"": ""one_step_ahead_with_observed_real_lags"", ""validation_mode"": ""full_real_cycle_walk_forward"", ""validation_points"": 4, ""warmup_points"": 3}",6.0,6.0,7.0,6.0,6.0,6.0,6.166666666666667
T2,OD,machine_learning,Decision_Trees,ok,0.0006989629473537207,,0.12173837213159901,0.11216220887738353,19.51689967875964,18.746675823139302,-2.234798919404493,-3.8521983791067393,-3.495539955853813,-4.109245594733922,2.7477699779269065,synthetic_full_cycle,synthetic_growth_cycles,40316.0,4.0,"{""lags"": 3, ""train_source"": ""synthetic_growth_cycles"", ""synthetic_cycles"": 2000, ""synthetic_samples"": 34316, ""prediction_protocol"": ""one_step_ahead_with_observed_real_lags"", ""validation_mode"": ""full_real_cycle_walk_forward"", ""validation_points"": 4, ""warmup_points"": 3}",8.0,8.0,8.0,7.0,7.0,7.0,7.5
T2,OD,machine_learning,Gradient_Boosting,ok,0.0008081260602921247,,0.1338277600469635,0.12318004597100785,21.165888003814146,20.419157091242248,-2.9091715287979145,-4.863757293196872,-2.7381051632846223,-3.3518108021647315,2.369052581642311,synthetic_full_cycle,synthetic_growth_cycles,40316.0,4.0,"{""lags"": 3, ""train_source"": ""synthetic_growth_cycles"", ""synthetic_cycles"": 2000, ""synthetic_samples"": 34316, ""prediction_protocol"": ""one_step_ahead_with_observed_real_lags"", ""validation_mode"": ""full_real_cycle_walk_forward"", ""validation_points"": 4, ""warmup_points"": 3}",9.0,9.0,10.0,8.0,8.0,8.0,8.666666666666666
T2,OD,deep_learning,MLP,ok,0.0013666549930348992,,0.11533532008059577,0.10962896914913829,18.444169982972557,17.23865103243257,-13.385979875371484,-27.77195975074297,-2.4458382004233084,-3.3472259117551983,2.222919100211654,synthetic_full_cycle,synthetic_growth_cycles,40316.0,3.0,"{""lags"": 4, ""train_source"": ""synthetic_growth_cycles"", ""synthetic_cycles"": 2000, ""synthetic_samples"": 32316, ""prediction_protocol"": ""one_step_ahead_with_observed_real_lags"", ""validation_mode"": ""full_real_cycle_walk_forward"", ""validation_points"": 3, ""warmup_points"": 4}",7.0,7.0,5.0,9.0,9.0,19.0,9.333333333333334
T2,OD,machine_learning,AdaBoost,ok,0.003228117013350129,,0.1389859278116257,0.12949847103790446,23.685565365330458,21.025337216258897,-3.2163239396831678,-5.324485909524752,-2.4355524522963616,-3.049258091176471,2.217776226148181,synthetic_full_cycle,synthetic_growth_cycles,40316.0,4.0,"{""lags"": 3, ""train_source"": ""synthetic_growth_cycles"", ""synthetic_cycles"": 2000, ""synthetic_samples"": 34316, ""prediction_protocol"": ""one_step_ahead_with_observed_real_lags"", ""validation_mode"": ""full_real_cycle_walk_forward"", ""validation_points"": 4, ""warmup_points"": 3}",10.0,11.0,11.0,10.0,10.0,9.0,10.166666666666666
T2,OD,machine_learning,CatBoost,ok,0.0012819209368899465,,0.13904705978493093,0.1336205079082984,23.61101238909088,22.074428607361302,-3.2200337956639,-5.33005069349585,-2.4320344827305878,-3.045740121610697,2.216017241365294,synthetic_full_cycle,synthetic_growth_cycles,40316.0,4.0,"{""lags"": 3, ""train_source"": ""synthetic_growth_cycles"", ""synthetic_cycles"": 2000, ""synthetic_samples"": 34316, ""prediction_protocol"": ""one_step_ahead_with_observed_real_lags"", ""validation_mode"": ""full_real_cycle_walk_forward"", ""validation_points"": 4, ""warmup_points"": 3}",11.0,12.0,13.0,11.0,11.0,10.0,11.333333333333334
T2,OD,machine_learning,SVR,ok,0.004855609033256769,,0.14283972003376713,0.13740667287003983,24.965989753356855,22.514386448231676,-3.453385489321179,-5.680078233981769,-2.2167486644157375,-2.8304543032958467,2.1083743322078687,synthetic_full_cycle,synthetic_growth_cycles,40316.0,4.0,"{""lags"": 3, ""train_source"": ""synthetic_growth_cycles"", ""synthetic_cycles"": 2000, ""synthetic_samples"": 34316, ""prediction_protocol"": ""one_step_ahead_with_observed_real_lags"", ""validation_mode"": ""full_real_cycle_walk_forward"", ""validation_points"": 4, ""warmup_points"": 3}",12.0,15.0,15.0,12.0,12.0,11.0,12.833333333333334
T2,OD,machine_learning,LightGBM,ok,0.001392825972288847,,0.14444451628762695,0.1350683879587439,23.517213642498426,22.165357094838164,-3.5540146863617883,-5.831022029542682,-2.127370258306403,-2.741075897186512,2.0636851291532015,synthetic_full_cycle,synthetic_growth_cycles,40316.0,4.0,"{""lags"": 3, ""train_source"": ""synthetic_growth_cycles"", ""synthetic_cycles"": 2000, ""synthetic_samples"": 34316, ""prediction_protocol"": ""one_step_ahead_with_observed_real_lags"", ""validation_mode"": ""full_real_cycle_walk_forward"", ""validation_points"": 4, ""warmup_points"": 3}",13.0,13.0,14.0,13.0,13.0,12.0,13.0
T2,OD,machine_learning,XGBoost,ok,0.0012769020395353436,,0.15179442324237405,0.12627662110328675,22.3422317584656,19.558590642275245,-4.029258305682634,-6.543887458523951,-1.7303169521963389,-2.344022591076448,1.8651584760981694,synthetic_full_cycle,synthetic_growth_cycles,40316.0,4.0,"{""lags"": 3, ""train_source"": ""synthetic_growth_cycles"", ""synthetic_cycles"": 2000, ""synthetic_samples"": 34316, ""prediction_protocol"": ""one_step_ahead_with_observed_real_lags"", ""validation_mode"": ""full_real_cycle_walk_forward"", ""validation_points"": 4, ""warmup_points"": 3}",15.0,10.0,9.0,15.0,15.0,14.0,13.0
T2,OD,machine_learning,Polynomial_Regression,ok,0.0008136068936437368,,0.1491678927148791,0.13823099407954997,23.936731798462134,24.95199863679036,-3.856719462402638,-6.285079193603957,-1.8699542195745371,-2.4836598584546463,1.9349771097872686,synthetic_full_cycle,synthetic_growth_cycles,40316.0,4.0,"{""lags"": 3, ""train_source"": ""synthetic_growth_cycles"", ""synthetic_cycles"": 2000, ""synthetic_samples"": 34316, ""prediction_protocol"": ""one_step_ahead_with_observed_real_lags"", ""validation_mode"": ""full_real_cycle_walk_forward"", ""validation_points"": 4, ""warmup_points"": 3}",14.0,16.0,18.0,14.0,14.0,13.0,14.833333333333334
T2,OD,machine_learning,Gaussian_Process_Regression,ok,0.0017273069825023413,,0.15426129874086977,0.13710655297267998,25.370164772071806,21.922794108890656,-4.194051792910592,-6.791077689365888,-1.6013506891116869,-2.215056327991796,1.8006753445558434,synthetic_full_cycle,synthetic_growth_cycles,40316.0,4.0,"{""lags"": 3, ""train_source"": ""synthetic_growth_cycles"", ""synthetic_cycles"": 2000, ""synthetic_samples"": 34316, ""prediction_protocol"": ""one_step_ahead_with_observed_real_lags"", ""validation_mode"": ""full_real_cycle_walk_forward"", ""validation_points"": 4, ""warmup_points"": 3}",16.0,14.0,12.0,16.0,16.0,15.0,14.833333333333334
T2,OD,machine_learning,Extra_Trees,ok,0.01356659596785903,,0.15559619908553882,0.1456834553268226,25.749855850870308,23.691790471018138,-4.284334207108291,-6.926501310662436,-1.5324204944188713,-2.1461261332989805,1.7662102472094356,synthetic_full_cycle,synthetic_growth_cycles,40316.0,4.0,"{""lags"": 3, ""train_source"": ""synthetic_growth_cycles"", ""synthetic_cycles"": 2000, ""synthetic_samples"": 34316, ""prediction_protocol"": ""one_step_ahead_with_observed_real_lags"", ""validation_mode"": ""full_real_cycle_walk_forward"", ""validation_points"": 4, ""warmup_points"": 3}",17.0,18.0,17.0,17.0,17.0,16.0,17.0
T2,OD,machine_learning,Random_Forest,ok,0.01424934808164835,,0.15867103816738165,0.1442855681607158,25.164378302152034,22.887121248502197,-4.495252287048935,-7.242878430573402,-1.3758690329487555,-1.989574671828865,1.6879345164743778,synthetic_full_cycle,synthetic_growth_cycles,40316.0,4.0,"{""lags"": 3, ""train_source"": ""synthetic_growth_cycles"", ""synthetic_cycles"": 2000, ""synthetic_samples"": 34316, ""prediction_protocol"": ""one_step_ahead_with_observed_real_lags"", ""validation_mode"": ""full_real_cycle_walk_forward"", ""validation_points"": 4, ""warmup_points"": 3}",18.0,17.0,16.0,18.0,18.0,17.0,17.333333333333332
T2,OD,machine_learning,KNN,ok,0.001092566060833633,,0.1666710902806144,0.1577120006103962,27.882598167730343,25.442133237217114,-5.0633531235029405,-8.09502968525441,-0.9823551575353617,-1.5960607964154712,1.4911775787676809,synthetic_full_cycle,synthetic_growth_cycles,40316.0,4.0,"{""lags"": 3, ""train_source"": ""synthetic_growth_cycles"", ""synthetic_cycles"": 2000, ""synthetic_samples"": 34316, ""prediction_protocol"": ""one_step_ahead_with_observed_real_lags"", ""validation_mode"": ""full_real_cycle_walk_forward"", ""validation_points"": 4, ""warmup_points"": 3}",19.0,19.0,19.0,19.0,19.0,18.0,18.833333333333332
T3,OD,machine_learning,KNN,ok,0.0010399339953437448,,0.07507259405304705,0.053122618662479526,6.943195419418949,6.761131502394879,0.5407642357182609,0.4259552946478262,-12.044334156004659,-12.252574686776605,7.0221670780023295,synthetic_full_cycle,synthetic_growth_cycles,40316.0,6.0,"{""lags"": 3, ""train_source"": ""synthetic_growth_cycles"", ""synthetic_cycles"": 2000, ""synthetic_samples"": 34316, ""prediction_protocol"": ""one_step_ahead_with_observed_real_lags"", ""validation_mode"": ""full_real_cycle_walk_forward"", ""validation_points"": 6, ""warmup_points"": 3}",1.0,1.0,1.0,1.0,1.0,1.0,1.0
T3,OD,machine_learning,AdaBoost,ok,0.003198974998667836,,0.07933867513399546,0.06419868540494861,8.655001876389301,8.316061219721728,0.48708813547945207,0.3588601693493151,-11.381092353029372,-11.589332883801317,6.690546176514686,synthetic_full_cycle,synthetic_growth_cycles,40316.0,6.0,"{""lags"": 3, ""train_source"": ""synthetic_growth_cycles"", ""synthetic_cycles"": 2000, ""synthetic_samples"": 34316, ""prediction_protocol"": ""one_step_ahead_with_observed_real_lags"", ""validation_mode"": ""full_real_cycle_walk_forward"", ""validation_points"": 6, ""warmup_points"": 3}",2.0,3.0,3.0,2.0,2.0,2.0,2.3333333333333335
T3,OD,machine_learning,Gradient_Boosting,ok,0.0012599220499396324,,0.08790212299208246,0.06199362793037988,7.928663672268682,7.788377785260934,0.37039004591505076,0.21298755739381348,-10.151113468265315,-10.35935399903726,6.0755567341326575,synthetic_full_cycle,synthetic_growth_cycles,40316.0,6.0,"{""lags"": 3, ""train_source"": ""synthetic_growth_cycles"", ""synthetic_cycles"": 2000, ""synthetic_samples"": 34316, ""prediction_protocol"": ""one_step_ahead_with_observed_real_lags"", ""validation_mode"": ""full_real_cycle_walk_forward"", ""validation_points"": 6, ""warmup_points"": 3}",6.0,2.0,2.0,6.0,6.0,6.0,4.666666666666667
T3,OD,machine_learning,Decision_Trees,ok,0.0007377839647233486,,0.0837840046685264,0.07179597074234702,9.760219000040857,9.86034370764127,0.428001240870061,0.2850015510875762,-10.726895579027723,-10.935136109799668,6.363447789513861,synthetic_full_cycle,synthetic_growth_cycles,40316.0,6.0,"{""lags"": 3, ""train_source"": ""synthetic_growth_cycles"", ""synthetic_cycles"": 2000, ""synthetic_samples"": 34316, ""prediction_protocol"": ""one_step_ahead_with_observed_real_lags"", ""validation_mode"": ""full_real_cycle_walk_forward"", ""validation_points"": 6, ""warmup_points"": 3}",3.0,7.0,14.0,3.0,3.0,3.0,5.5
T3,OD,machine_learning,Elastic_Net,ok,0.0006868930067867041,,0.08769719262579158,0.07274906062214269,9.604778065296426,9.598361378058,0.3733223026499828,0.21665287831247848,-10.179122296241358,-10.387362827013304,6.089561148120679,synthetic_full_cycle,synthetic_growth_cycles,40316.0,6.0,"{""lags"": 3, ""train_source"": ""synthetic_growth_cycles"", ""synthetic_cycles"": 2000, ""synthetic_samples"": 34316, ""prediction_protocol"": ""one_step_ahead_with_observed_real_lags"", ""validation_mode"": ""full_real_cycle_walk_forward"", ""validation_points"": 6, ""warmup_points"": 3}",4.0,10.0,9.0,4.0,4.0,4.0,5.833333333333333
T3,OD,machine_learning,SVR,ok,0.005546311032958329,,0.09187245644696312,0.06741401225459585,8.632239186054846,8.487574328500479,0.3122295471983755,0.14028693399796932,-9.620985682704545,-9.82922621347649,5.810492841352272,synthetic_full_cycle,synthetic_growth_cycles,40316.0,6.0,"{""lags"": 3, ""train_source"": ""synthetic_growth_cycles"", ""synthetic_cycles"": 2000, ""synthetic_samples"": 34316, ""prediction_protocol"": ""one_step_ahead_with_observed_real_lags"", ""validation_mode"": ""full_real_cycle_walk_forward"", ""validation_points"": 6, ""warmup_points"": 3}",7.0,4.0,4.0,7.0,7.0,7.0,6.0
T3,OD,machine_learning,Polynomial_Regression,ok,0.0009406609460711479,,0.09479352370060908,0.06831364111850036,8.68136308143681,8.551098153789342,0.26779921213749613,0.08474901517187017,-9.24538785093412,-9.453628381706066,5.62269392546706,synthetic_full_cycle,synthetic_growth_cycles,40316.0,6.0,"{""lags"": 3, ""train_source"": ""synthetic_growth_cycles"", ""synthetic_cycles"": 2000, ""synthetic_samples"": 34316, ""prediction_protocol"": ""one_step_ahead_with_observed_real_lags"", ""validation_mode"": ""full_real_cycle_walk_forward"", ""validation_points"": 6, ""warmup_points"": 3}",9.0,5.0,5.0,8.0,8.0,8.0,7.166666666666667
T3,OD,machine_learning,Lasso,ok,0.0007695649983361363,,0.08777563302373226,0.0755162696432173,9.989136619469335,10.02543934208669,0.37220074264196557,0.21525092830245696,-10.168393742295725,-10.37663427306767,6.084196871147863,synthetic_full_cycle,synthetic_growth_cycles,40316.0,6.0,"{""lags"": 3, ""train_source"": ""synthetic_growth_cycles"", ""synthetic_cycles"": 2000, ""synthetic_samples"": 34316, ""prediction_protocol"": ""one_step_ahead_with_observed_real_lags"", ""validation_mode"": ""full_real_cycle_walk_forward"", ""validation_points"": 6, ""warmup_points"": 3}",5.0,13.0,15.0,5.0,5.0,5.0,8.0
T3,OD,machine_learning,Gaussian_Process_Regression,ok,0.0021868220064789057,,0.09849003958658037,0.0726444261840934,9.32752150840092,9.243405448157036,0.209580799812627,0.011975999765783785,-8.786335883930938,-8.994576414702884,5.393167941965469,synthetic_full_cycle,synthetic_growth_cycles,40316.0,6.0,"{""lags"": 3, ""train_source"": ""synthetic_growth_cycles"", ""synthetic_cycles"": 2000, ""synthetic_samples"": 34316, ""prediction_protocol"": ""one_step_ahead_with_observed_real_lags"", ""validation_mode"": ""full_real_cycle_walk_forward"", ""validation_points"": 6, ""warmup_points"": 3}",11.0,9.0,8.0,10.0,10.0,10.0,9.666666666666666
T3,OD,machine_learning,Random_Forest,ok,0.014128694077953696,,0.09863357944163186,0.07172650426269461,9.301077207244205,9.236765552330876,0.20727519948920037,0.00909399936150046,-8.768859758304306,-8.977100289076251,5.384429879152153,synthetic_full_cycle,synthetic_growth_cycles,40316.0,6.0,"{""lags"": 3, ""train_source"": ""synthetic_growth_cycles"", ""synthetic_cycles"": 2000, ""synthetic_samples"": 34316, ""prediction_protocol"": ""one_step_ahead_with_observed_real_lags"", ""validation_mode"": ""full_real_cycle_walk_forward"", ""validation_points"": 6, ""warmup_points"": 3}",12.0,6.0,7.0,11.0,11.0,11.0,9.666666666666666
T3,OD,machine_learning,Extra_Trees,ok,0.014955262071453035,,0.09799568993664137,0.07456042379043111,9.959671619309514,9.768632289515274,0.2174955662200867,0.021869457775108403,-8.846718979748859,-9.054959510520804,5.4233594898744295,synthetic_full_cycle,synthetic_growth_cycles,40316.0,6.0,"{""lags"": 3, ""train_source"": ""synthetic_growth_cycles"", ""synthetic_cycles"": 2000, ""synthetic_samples"": 34316, ""prediction_protocol"": ""one_step_ahead_with_observed_real_lags"", ""validation_mode"": ""full_real_cycle_walk_forward"", ""validation_points"": 6, ""warmup_points"": 3}",10.0,11.0,13.0,9.0,9.0,9.0,10.166666666666666
T3,OD,deep_learning,MLP,ok,0.0010480349883437157,,0.09253872722432449,0.07218718733306762,9.117930889664647,8.757035546266554,-0.8853180064766395,-1.5137573419688528,-7.611895161826428,-8.002457249392329,4.805947580913214,synthetic_full_cycle,synthetic_growth_cycles,40316.0,5.0,"{""lags"": 4, ""train_source"": ""synthetic_growth_cycles"", ""synthetic_cycles"": 2000, ""synthetic_samples"": 32316, ""prediction_protocol"": ""one_step_ahead_with_observed_real_lags"", ""validation_mode"": ""full_real_cycle_walk_forward"", ""validation_points"": 5, ""warmup_points"": 4}",8.0,8.0,6.0,16.0,15.0,19.0,12.0
T3,OD,machine_learning,CatBoost,ok,0.0012277099303901196,,0.10157234959110918,0.07560923179613539,9.829543729455674,9.752429611556874,0.1593332807025154,-0.050833399121855694,-8.416544768396061,-8.624785299168007,5.208272384198031,synthetic_full_cycle,synthetic_growth_cycles,40316.0,6.0,"{""lags"": 3, ""train_source"": ""synthetic_growth_cycles"", ""synthetic_cycles"": 2000, ""synthetic_samples"": 34316, ""prediction_protocol"": ""one_step_ahead_with_observed_real_lags"", ""validation_mode"": ""full_real_cycle_walk_forward"", ""validation_points"": 6, ""warmup_points"": 3}",13.0,14.0,12.0,12.0,12.0,12.0,12.5
T3,OD,machine_learning,Ridge,ok,0.0006834031082689762,,0.10328080000352494,0.07529933728152227,9.58057690062335,9.614409995897176,0.13081535844570835,-0.08648080194286445,-8.216383039618748,-8.424623570390693,5.108191519809374,synthetic_full_cycle,synthetic_growth_cycles,40316.0,6.0,"{""lags"": 3, ""train_source"": ""synthetic_growth_cycles"", ""synthetic_cycles"": 2000, ""synthetic_samples"": 34316, ""prediction_protocol"": ""one_step_ahead_with_observed_real_lags"", ""validation_mode"": ""full_real_cycle_walk_forward"", ""validation_points"": 6, ""warmup_points"": 3}",14.0,12.0,10.0,13.0,13.0,13.0,12.5
T3,OD,machine_learning,Linear_Regression,ok,0.001141846994869411,,0.10487701420730851,0.07632939800489828,9.679771789836437,9.732418040925666,0.10374108897737533,-0.1203236387782809,-8.032340504604862,-8.240581035376808,5.016170252302431,synthetic_full_cycle,synthetic_growth_cycles,40316.0,6.0,"{""lags"": 3, ""train_source"": ""synthetic_growth_cycles"", ""synthetic_cycles"": 2000, ""synthetic_samples"": 34316, ""prediction_protocol"": ""one_step_ahead_with_observed_real_lags"", ""validation_mode"": ""full_real_cycle_walk_forward"", ""validation_points"": 6, ""warmup_points"": 3}",15.0,15.0,11.0,14.0,14.0,14.0,13.833333333333334
T3,OD,machine_learning,LightGBM,ok,0.0014684380730614066,,0.10821719218810909,0.08224941967202654,10.786739150526865,10.755893754984541,0.04574294333502393,-0.19282132083122017,-7.6561179916715005,-7.864358522443446,4.82805899583575,synthetic_full_cycle,synthetic_growth_cycles,40316.0,6.0,"{""lags"": 3, ""train_source"": ""synthetic_growth_cycles"", ""synthetic_cycles"": 2000, ""synthetic_samples"": 34316, ""prediction_protocol"": ""one_step_ahead_with_observed_real_lags"", ""validation_mode"": ""full_real_cycle_walk_forward"", ""validation_points"": 6, ""warmup_points"": 3}",16.0,16.0,16.0,15.0,16.0,15.0,15.666666666666666
T3,OD,machine_learning,PLS,ok,0.0006833219667896628,,0.1132683898208098,0.10353847996116816,14.01379667673566,15.051291645513773,-0.04541881190202335,-0.30677351487752924,-7.108679344878748,-7.316919875650694,4.554339672439374,synthetic_full_cycle,synthetic_growth_cycles,40316.0,6.0,"{""lags"": 3, ""train_source"": ""synthetic_growth_cycles"", ""synthetic_cycles"": 2000, ""synthetic_samples"": 34316, ""prediction_protocol"": ""one_step_ahead_with_observed_real_lags"", ""validation_mode"": ""full_real_cycle_walk_forward"", ""validation_points"": 6, ""warmup_points"": 3}",17.0,18.0,18.0,17.0,17.0,16.0,17.166666666666668
T3,OD,machine_learning,PCR,ok,0.0009289009030908346,,0.11464175009672231,0.10426381394001716,14.107343513849683,15.186286574628575,-0.0709235569361435,-0.3386544461701795,-6.964056356229031,-7.172296887000977,4.482028178114516,synthetic_full_cycle,synthetic_growth_cycles,40316.0,6.0,"{""lags"": 3, ""train_source"": ""synthetic_growth_cycles"", ""synthetic_cycles"": 2000, ""synthetic_samples"": 34316, ""prediction_protocol"": ""one_step_ahead_with_observed_real_lags"", ""validation_mode"": ""full_real_cycle_walk_forward"", ""validation_points"": 6, ""warmup_points"": 3}",18.0,19.0,19.0,18.0,18.0,17.0,18.166666666666668
T3,OD,machine_learning,XGBoost,ok,0.001476158038713038,,0.1345965573020437,0.09490431674321491,12.191582984665422,12.810416171986509,-0.47618490677369185,-0.8452311334671148,-5.03841887373676,-5.246659404508705,3.51920943686838,synthetic_full_cycle,synthetic_growth_cycles,40316.0,6.0,"{""lags"": 3, ""train_source"": ""synthetic_growth_cycles"", ""synthetic_cycles"": 2000, ""synthetic_samples"": 34316, ""prediction_protocol"": ""one_step_ahead_with_observed_real_lags"", ""validation_mode"": ""full_real_cycle_walk_forward"", ""validation_points"": 6, ""warmup_points"": 3}",19.0,17.0,17.0,19.0,19.0,18.0,18.166666666666668
